{
"type": "FeatureCollection",
"name": "kenya_counties_simplified",
"crs": { "type": "name", "properties": { "name": "urn:ogc:def:crs:OGC:1.3:CRS84" } },
"features": [
{ "type": "Feature", "properties": { "shapeName": "Turkana", "shapeISO": "KE-43", "shapeID": "32016919B72266624462344", "shapeGroup": "KEN", "shapeType": "ADM1" }, "geometry": { "type": "Polygon", "coordinates": [ [ [ 36.050609588361851, 4.456217766236989 ], [ 35.943946837976227, 4.548029422619834 ], [ 35.938854217348307, 4.584362507224 ], [ 35.949348448572096, 4.628556251969485 ], [ 35.812145233215972, 4.782410621852762 ], [ 35.811843872197016, 5.095732688812575 ], [ 35.828521727595728, 5.117104529550431 ], [ 35.837898254400955, 5.12333869922162 ], [ 35.851177215656037, 5.147181034277367 ], [ 35.857696533368369, 5.149607658766513 ], [ 35.861930847330768, 5.157364845611198 ], [ 35.864120483373654, 5.182539463325611 ], [ 35.85469818107623, 5.202098846384729 ], [ 35.845371245586591, 5.204811573095697 ], [ 35.838661194258748, 5.211330890808028 ], [ 35.827713012245795, 5.242216586626228 ], [ 35.830238342725409, 5.262299061252747 ], [ 35.842658996415594, 5.272435665373735 ], [ 35.853412628090382, 5.289805889030617 ], [ 35.860172271633076, 5.291233539396387 ], [ 35.864097595627584, 5.301617145914577 ], [ 35.863216400316674, 5.320119857945144 ], [ 35.855838775938821, 5.318264007977632 ], [ 35.841419219821205, 5.328590869972743 ], [ 35.840705871278999, 5.334111213561698 ], [ 35.822383880711584, 5.335206032032772 ], [ 35.819004057591258, 5.341630458678765 ], [ 35.808727263552441, 5.343010425191039 ], [ 35.805488586329261, 5.347103119313545 ], [ 35.790546417083533, 5.345389843366604 ], [ 35.782455444163475, 5.35486030615823 ], [ 35.777080536237804, 5.353337288085413 ], [ 35.773033141866051, 5.356192588816953 ], [ 35.773937224923031, 5.347150802267777 ], [ 35.754238128586792, 5.357572555329227 ], [ 35.755283355742336, 5.361618042238888 ], [ 35.751712799006498, 5.365853308583382 ], [ 35.755332947057923, 5.368185042905452 ], [ 35.750858307265105, 5.373324870746217 ], [ 35.747001648307503, 5.369136810715304 ], [ 35.745719909346406, 5.373610496327387 ], [ 35.739768982052908, 5.375608921214791 ], [ 35.737339020179718, 5.3726367949522 ], [ 35.735485076774921, 5.37808370619814 ], [ 35.729396820307045, 5.373324870746217 ], [ 35.727348326564083, 5.377607822742846 ], [ 35.722160339128379, 5.371849537426272 ], [ 35.722400664958798, 5.386269092644568 ], [ 35.715595245024588, 5.385221958026989 ], [ 35.716594695788615, 5.391170502117006 ], [ 35.702316283769505, 5.388934136401303 ], [ 35.698604583834538, 5.391456126798857 ], [ 35.689418792443348, 5.385127067859969 ], [ 35.687088012301956, 5.387649059156786 ], [ 35.682044982989623, 5.385983467063397 ], [ 35.679615021116376, 5.389504909124298 ], [ 35.671382904097811, 5.384365558823504 ], [ 35.655441284088056, 5.387316227262147 ], [ 35.651729584153031, 5.393645286201036 ], [ 35.648254394224978, 5.389172077229603 ], [ 35.632171631016035, 5.382318973441897 ], [ 35.622844696425659, 5.38317585018541 ], [ 35.618038177120241, 5.380510807327937 ], [ 35.620273589554586, 5.392455577562885 ], [ 35.616085052882909, 5.395215988127404 ], [ 35.616657257326608, 5.403924465241914 ], [ 35.605522155722952, 5.403781891221342 ], [ 35.604995727670769, 5.398642063380578 ], [ 35.600620269609806, 5.398356914440114 ], [ 35.589912414326534, 5.406875133680501 ], [ 35.592529296689747, 5.410777569029619 ], [ 35.587532043768874, 5.415536403582223 ], [ 35.559829710572728, 5.422921657808331 ], [ 35.484962463247143, 5.429678917248282 ], [ 35.291786193777853, 5.430648327058691 ], [ 35.194614410726501, 5.276678561566428 ], [ 34.36576461794283, 4.576629638946713 ], [ 33.992813110636575, 4.222472667379748 ], [ 34.048568725766131, 4.178339005440819 ], [ 34.067016601634919, 4.142167568578486 ], [ 34.050846099667808, 4.120776176579341 ], [ 34.064014434418652, 4.093217371584501 ], [ 34.081794739036013, 4.084993838594812 ], [ 34.09312820410338, 4.068714141844225 ], [ 34.090351104819661, 4.037599087427964 ], [ 34.059791565228579, 4.027931213554723 ], [ 34.061958312626075, 4.009373663563792 ], [ 34.081462860422732, 4.003483772358265 ], [ 34.105949401443752, 3.976925849848158 ], [ 34.134387970028854, 3.961647510424314 ], [ 34.11943817183419, 3.902048111031547 ], [ 34.091243744003634, 3.885571003199288 ], [ 34.088455199947589, 3.861609936049774 ], [ 34.092632293645465, 3.860227822855791 ], [ 34.108886719446616, 3.868729114157361 ], [ 34.127838134722197, 3.87222647687048 ], [ 34.149471283373089, 3.868941784036167 ], [ 34.16720581069967, 3.870301008584704 ], [ 34.175376893428961, 3.879981756253073 ], [ 34.215557098781119, 3.881546259152572 ], [ 34.225391387702416, 3.851372004414543 ], [ 34.225391387702416, 3.830832004193667 ], [ 34.179515838784994, 3.831650256853891 ], [ 34.162818908765701, 3.810412645327347 ], [ 34.153167725410242, 3.807224989341819 ], [ 34.153583526958244, 3.800336122214333 ], [ 34.159221649359665, 3.801735162447812 ], [ 34.162467956431101, 3.797779321758355 ], [ 34.170738219992927, 3.800517081997782 ], [ 34.188636780063405, 3.795387268107959 ], [ 34.19036865219158, 3.783368109550679 ], [ 34.165321349700605, 3.773942947409125 ], [ 34.171798705945548, 3.767684698390156 ], [ 34.221157073740017, 3.784496545579145 ], [ 34.225845336692998, 3.783116579066927 ], [ 34.228988647108451, 3.774576425361772 ], [ 34.233043670429083, 3.781140088644236 ], [ 34.245544433928558, 3.78425598142843 ], [ 34.267242431792852, 3.747371196923268 ], [ 34.307750701733539, 3.712411880703769 ], [ 34.302574157271579, 3.686111450283249 ], [ 34.308273315760971, 3.690775156348423 ], [ 34.31431198091326, 3.713241100596349 ], [ 34.324214934871407, 3.727408170250897 ], [ 34.353710173585682, 3.735324144094022 ], [ 34.369922637919444, 3.735067130443781 ], [ 34.377750396363751, 3.730671882801175 ], [ 34.399776458816575, 3.706176757751223 ], [ 34.403125763443256, 3.692867517222169 ], [ 34.454784392885472, 3.676872969412045 ], [ 34.4630279537771, 3.669585704416761 ], [ 34.453144074439535, 3.611759424557818 ], [ 34.456489563242826, 3.578742504562967 ], [ 34.450988769116464, 3.518797159361441 ], [ 34.423500060879178, 3.491519212641606 ], [ 34.396480560429552, 3.488626003687159 ], [ 34.388767243413611, 3.491922617035186 ], [ 34.391090392807428, 3.482855796957494 ], [ 34.416671753198898, 3.450518846267812 ], [ 34.418975829770773, 3.43368768703715 ], [ 34.409683227698849, 3.417936324901518 ], [ 34.401367187745564, 3.414087056572441 ], [ 34.400630950557968, 3.371311903321725 ], [ 34.429241180835902, 3.343120336234563 ], [ 34.447734833096149, 3.282865047783787 ], [ 34.455436706239027, 3.182759761653699 ], [ 34.460700988559836, 3.174293517831643 ], [ 34.470558166126523, 3.173034668415255 ], [ 34.482746123834602, 3.164781331892982 ], [ 34.494735718078971, 3.141456366018531 ], [ 34.513282775679613, 3.151081800884469 ], [ 34.547592162648243, 3.138805627777572 ], [ 34.559272766025401, 3.112994193827035 ], [ 34.575466155738525, 3.099249363067713 ], [ 34.577388763280851, 3.023319244787388 ], [ 34.588268280256955, 3.004117964572458 ], [ 34.599075317272138, 2.926089525611189 ], [ 34.640136718834583, 2.907622814341437 ], [ 34.653461455581748, 2.867506980662654 ], [ 34.669410705439759, 2.863589764056428 ], [ 34.692668914638773, 2.862925290969429 ], [ 34.702285766375098, 2.878069161962287 ], [ 34.708930969388803, 2.873942375440322 ], [ 34.712322234583496, 2.86537337328258 ], [ 34.736980438196724, 2.855195760975619 ], [ 34.749324798800501, 2.825782060193944 ], [ 34.759887695061138, 2.828789949796374 ], [ 34.7666053771365, 2.822564363254799 ], [ 34.783847808929295, 2.749922036872533 ], [ 34.774890898596141, 2.697809695860826 ], [ 34.789478302381781, 2.68399477014259 ], [ 34.79853439444679, 2.655700206399445 ], [ 34.830188751609626, 2.620690583903354 ], [ 34.851940154814372, 2.583547354027189 ], [ 34.867332458126498, 2.570816516968705 ], [ 34.878139496040944, 2.572740077792389 ], [ 34.879398346356652, 2.589597940592512 ], [ 34.893035888895213, 2.593235254003844 ], [ 34.896987914660599, 2.588093996240957 ], [ 34.912658691245667, 2.51674580597421 ], [ 34.931823730580732, 2.516605854376735 ], [ 34.947284698929764, 2.472677468990071 ], [ 34.952774048283743, 2.47219061830242 ], [ 34.951160430709365, 2.458174228258088 ], [ 34.940818786557827, 2.453110933622725 ], [ 34.971176147761071, 2.436490774229867 ], [ 35.011684417701758, 2.403591871367837 ], [ 35.013347625692404, 2.407684802911376 ], [ 35.008705139130939, 2.424727201199403 ], [ 35.021404266094066, 2.433785199827184 ], [ 35.019886017126055, 2.440188646189142 ], [ 35.022132873433407, 2.443327426719407 ], [ 35.016124724976123, 2.454564810018041 ], [ 34.999675750635447, 2.470239400627861 ], [ 34.997013091880717, 2.478657722276125 ], [ 35.00445175144722, 2.506867886443843 ], [ 35.008693695257875, 2.550713777918588 ], [ 35.016136169748506, 2.567647694585503 ], [ 35.021572112862771, 2.568258047371046 ], [ 35.026626586947486, 2.564402341694745 ], [ 35.031604767046417, 2.537238359762569 ], [ 35.057781219627657, 2.489420652041531 ], [ 35.066150664921281, 2.463690520401258 ], [ 35.069156647061675, 2.462702512610917 ], [ 35.093345641987867, 2.478560924647013 ], [ 35.100982665917343, 2.488296746797459 ], [ 35.107490539756668, 2.505147218969 ], [ 35.110336304077236, 2.528946400056384 ], [ 35.104835509950874, 2.554755687325155 ], [ 35.116115569677845, 2.601878881005575 ], [ 35.127616882413236, 2.62301611919861 ], [ 35.132354736681805, 2.64891696014962 ], [ 35.134403228626127, 2.651552915334833 ], [ 35.137054444407113, 2.646023511975557 ], [ 35.160537719740034, 2.648239850688583 ], [ 35.174385071413951, 2.636812210415201 ], [ 35.198215485056664, 2.591847659441953 ], [ 35.212860107308131, 2.550737619845336 ], [ 35.224925994638966, 2.52991843228989 ], [ 35.220272064204437, 2.4874916080513 ], [ 35.222568511827433, 2.462265491559208 ], [ 35.231697082954042, 2.441385507135521 ], [ 35.226642608869383, 2.432751417444024 ], [ 35.223316192888035, 2.412045954557186 ], [ 35.236640931433897, 2.378593445231388 ], [ 35.232131958223363, 2.351218223342357 ], [ 35.238971709776649, 2.34351396519736 ], [ 35.261260986705224, 2.331680774748008 ], [ 35.271144866942109, 2.31973195036926 ], [ 35.298042297014433, 2.270692825713411 ], [ 35.324863434000349, 2.166793584956054 ], [ 35.340316773400446, 2.125034331968891 ], [ 35.365795135337294, 2.036210775606833 ], [ 35.374938965261094, 1.992175817859732 ], [ 35.373367309154048, 1.966189980183515 ], [ 35.379173279223494, 1.948011040277322 ], [ 35.371856689134972, 1.943778394557285 ], [ 35.365028380555373, 1.928943514431694 ], [ 35.441658020301475, 1.851899861889137 ], [ 35.449184417726769, 1.850062727712782 ], [ 35.449703216830017, 1.845054626270041 ], [ 35.458816528260229, 1.846127748596757 ], [ 35.463653564260653, 1.842328430412806 ], [ 35.468551635449671, 1.830844283037266 ], [ 35.46437072772693, 1.821136355158728 ], [ 35.469303131434401, 1.817114949395432 ], [ 35.463542938655735, 1.808171867937403 ], [ 35.476989745780202, 1.80341041096176 ], [ 35.47763061526075, 1.795565128328064 ], [ 35.481380462638299, 1.79704535036268 ], [ 35.481739043921777, 1.790889978389828 ], [ 35.491050720614339, 1.788903951556165 ], [ 35.492259979614403, 1.78436458126049 ], [ 35.505100250676094, 1.775396824204108 ], [ 35.509922027879327, 1.763887883419159 ], [ 35.524097442343134, 1.768168211194052 ], [ 35.542179107979507, 1.766465901580148 ], [ 35.58304595920373, 1.751379847102328 ], [ 35.5932998645971, 1.75247764592666 ], [ 35.60182189966099, 1.758238315346034 ], [ 35.609088898433981, 1.749196410086313 ], [ 35.617267608313512, 1.745039463000865 ], [ 35.626556396360684, 1.743375182118996 ], [ 35.627281188775896, 1.747111797771311 ], [ 35.656814574932753, 1.73803293667072 ], [ 35.669837951560282, 1.724316001082627 ], [ 35.697875975595821, 1.708144308413125 ], [ 35.7103233337549, 1.70546758156371 ], [ 35.7200393681224, 1.70710027196003 ], [ 35.762409210416763, 1.670922279039985 ], [ 35.784198761064033, 1.663887023867119 ], [ 35.792350769172685, 1.664263129339986 ], [ 36.096591949758704, 1.169407605876359 ], [ 36.173957824893762, 1.170861840201837 ], [ 36.31688308738461, 0.991261363121453 ], [ 36.340366363616852, 0.993125021902301 ], [ 36.345245361084608, 0.986249267789503 ], [ 36.350074768136096, 0.966127753593014 ], [ 36.362411498891618, 0.963462591125733 ], [ 36.366825102596465, 0.955890714984548 ], [ 36.381629943567077, 0.954581856967195 ], [ 36.38783645638739, 0.94824761163801 ], [ 36.389247894674668, 0.941250026367698 ], [ 36.386871338141816, 0.940287053904456 ], [ 36.385650634369313, 0.927854062415122 ], [ 36.392063141400911, 0.918773829848419 ], [ 36.417823792434149, 0.936908960180403 ], [ 36.442668914738704, 0.971073329670503 ], [ 36.4453887937579, 0.984273195551566 ], [ 36.439563750866455, 1.002520084634227 ], [ 36.445777892635704, 0.999802470107966 ], [ 36.448493957630092, 0.98039084656034 ], [ 36.459365844757997, 0.978449702192052 ], [ 36.458587646103013, 0.996696591274713 ], [ 36.453151702988748, 0.997473061432686 ], [ 36.453514099196354, 1.01471245261763 ], [ 36.44155502344563, 1.042865753551723 ], [ 36.443798064828854, 1.055322886442127 ], [ 36.440559387605731, 1.067281722973178 ], [ 36.444049835431599, 1.073261141688363 ], [ 36.437320708583911, 1.086465835130241 ], [ 36.438816070705172, 1.101912737183113 ], [ 36.444797515592938, 1.113373279153564 ], [ 36.433334350300072, 1.141526459578472 ], [ 36.435577392582672, 1.143021345059083 ], [ 36.43507766720063, 1.156225919790415 ], [ 36.440063476248497, 1.16145801537516 ], [ 36.442302703606913, 1.17291855824493 ], [ 36.438568115026555, 1.177652359269018 ], [ 36.431591034298833, 1.177901507448667 ], [ 36.418636321808833, 1.18662142843624 ], [ 36.41464996442437, 1.181638598842312 ], [ 36.392227173245487, 1.173167706424579 ], [ 36.391479492184885, 1.184379219825189 ], [ 36.38699340941838, 1.18662142843624 ], [ 36.394718170307385, 1.190109491260046 ], [ 36.396411895892356, 1.193984389368097 ], [ 36.397956848429885, 1.206802129714561 ], [ 36.393970489246726, 1.220006704445893 ], [ 36.398704528591168, 1.226733565002064 ], [ 36.409416198798567, 1.228975892323604 ], [ 36.41240692124245, 1.232463836436978 ], [ 36.414150238143009, 1.226484417721736 ], [ 36.418136596426848, 1.226982713181712 ], [ 36.421627044252716, 1.236699342900408 ], [ 36.413402557082406, 1.246665001188887 ], [ 36.413402557082406, 1.259620547350437 ], [ 36.409667969401312, 1.260118841911094 ], [ 36.403934478393523, 1.251398802212975 ], [ 36.387741088680343, 1.263357639643402 ], [ 36.390979766802843, 1.269586205638916 ], [ 36.395961761825902, 1.269586205638916 ], [ 36.394966125086682, 1.276811361655064 ], [ 36.404186248996268, 1.272575974801441 ], [ 36.408172607280051, 1.279053688077283 ], [ 36.422870635771289, 1.267094850646913 ], [ 36.430095672177572, 1.267343997927185 ], [ 36.438568115026555, 1.261364459602191 ], [ 36.446289062790072, 1.251149654033327 ], [ 36.453514099196354, 1.254388451765692 ], [ 36.453514099196354, 1.26161360778184 ], [ 36.450027465395237, 1.266098260626279 ], [ 36.450775145556577, 1.272575974801441 ], [ 36.435577392582672, 1.289517761435604 ], [ 36.437820434865216, 1.302722335267617 ], [ 36.432586670138789, 1.304217218949532 ], [ 36.419384002869492, 1.294500589230836 ], [ 36.415893555043567, 1.298486948413995 ], [ 36.403438567935609, 1.300480007946078 ], [ 36.401943206713668, 1.308203459422145 ], [ 36.395713806147285, 1.307954311242497 ], [ 36.390483856344929, 1.312937260446233 ], [ 36.394470214628768, 1.316923499120264 ], [ 36.40568161021821, 1.318916678262156 ], [ 36.410163878959906, 1.328633307980851 ], [ 36.421127319770051, 1.336854934407768 ], [ 36.422370910389247, 1.347817301427369 ], [ 36.43507766720063, 1.352052688280992 ], [ 36.437568664262471, 1.360025287037388 ], [ 36.453266144417057, 1.369243622195484 ], [ 36.458248139440116, 1.368745326735507 ], [ 36.465724944650503, 1.387431144331913 ], [ 36.466472625711162, 1.398642539921354 ], [ 36.460990906205382, 1.403376340945442 ], [ 36.455009460418296, 1.398144245360697 ], [ 36.447288513554099, 1.412096261933016 ], [ 36.427604675115731, 1.408110022359665 ], [ 36.426856994954392, 1.415086031095484 ], [ 36.417140960586892, 1.417577504798032 ], [ 36.389484405580902, 1.444983244281332 ], [ 36.368808746226705, 1.439003825566147 ], [ 36.358341216773795, 1.439502120126804 ], [ 36.355850219711897, 1.436014056403621 ], [ 36.347877502245012, 1.438754677386498 ], [ 36.31822967555911, 1.469897627873252 ], [ 36.288581847973944, 1.463918209158066 ], [ 36.286590576294088, 1.469897627873252 ], [ 36.297550201280842, 1.488334178579521 ], [ 36.293815612700428, 1.502037048770831 ], [ 36.296058654982971, 1.533179998358264 ], [ 36.299793243563386, 1.542149186236031 ], [ 36.312000274992727, 1.550620078653765 ], [ 36.325454711965449, 1.566565275267294 ], [ 36.336917877258259, 1.571548103961902 ], [ 36.339904784778071, 1.578025818137064 ], [ 36.340904236441418, 1.570800662120917 ], [ 36.360088348598481, 1.572046399421822 ], [ 36.36183166459972, 1.575285315864676 ], [ 36.35784530631588, 1.58774244785576 ], [ 36.366813659622721, 1.595715045712836 ], [ 36.372295380027822, 1.592227101599519 ], [ 36.374786377089663, 1.584752798303043 ], [ 36.369304656684619, 1.563575506104769 ], [ 36.372047424349205, 1.547879457670888 ], [ 36.379272460755487, 1.533179998358264 ], [ 36.383506774717944, 1.531186937926918 ], [ 36.385002135939885, 1.522716046408448 ], [ 36.393470763864741, 1.522716046408448 ], [ 36.40568161021821, 1.545388102678828 ], [ 36.409915924180609, 1.561084151112709 ], [ 36.424365996993231, 1.573541284003113 ], [ 36.426357269572406, 1.583257913721809 ], [ 36.431343078620216, 1.584503651022715 ], [ 36.431091308916848, 1.597957373034376 ], [ 36.436824799025317, 1.602940201728984 ], [ 36.440311431927114, 1.61564648189966 ], [ 36.446788788172114, 1.618387102882537 ], [ 36.453514099196354, 1.612407684167351 ], [ 36.465473174947135, 1.614650010589571 ], [ 36.461986542045338, 1.622373462065696 ], [ 36.470458983994945, 1.643301487373776 ], [ 36.46995925861296, 1.658250093067409 ], [ 36.478927611919801, 1.668464898636216 ], [ 36.477931976079901, 1.677434087413246 ], [ 36.485404968164801, 1.682915210668511 ], [ 36.484161376646284, 1.702846765565823 ], [ 36.50085449174145, 1.70857703700068 ], [ 36.499359131418828, 1.717546224878447 ], [ 36.504840850924609, 1.721532463552421 ], [ 36.505588531085891, 1.73124909417038 ], [ 36.513557435427344, 1.739969134767819 ], [ 36.518543243575891, 1.740965723889076 ], [ 36.519039154033806, 1.745948552583684 ], [ 36.51380920423145, 1.748440027185552 ], [ 36.525268554600189, 1.754917739562075 ], [ 36.524024963081615, 1.765630840590859 ], [ 36.521530151095646, 1.766627430611493 ], [ 36.519290923737174, 1.766627430611493 ], [ 36.518791198355188, 1.759402274595345 ], [ 36.513309478849408, 1.756163477762357 ], [ 36.515052795749966, 1.760648011896308 ], [ 36.508827209208391, 1.765630840590859 ], [ 36.507579803665067, 1.771361231635581 ], [ 36.516548156971908, 1.765132665640067 ], [ 36.517795563414552, 1.773354292066983 ], [ 36.513557435427344, 1.776842355790109 ], [ 36.519538879415791, 1.778586387651728 ], [ 36.522277832156306, 1.786060690948204 ], [ 36.518543243575891, 1.791292667822404 ], [ 36.525516510278806, 1.791790962383061 ], [ 36.524768829218146, 1.797272087436909 ], [ 36.529254912883971, 1.799763560240137 ], [ 36.529502868562588, 1.805244684394722 ], [ 36.527263641204115, 1.807736158097271 ], [ 36.519290923737174, 1.805992126235708 ], [ 36.513557435427344, 1.815957904133995 ], [ 36.511318207169552, 1.825923562422531 ], [ 36.519290923737174, 1.824927092011762 ], [ 36.521530151095646, 1.831903099848205 ], [ 36.517543792811864, 1.835391044860899 ], [ 36.523025512317588, 1.8463534118805 ], [ 36.518043518193849, 1.853080272436671 ], [ 36.512065887330891, 1.849592208713489 ], [ 36.512813568391493, 1.855820774709059 ], [ 36.509822845048291, 1.859557986611833 ], [ 36.511566161948849, 1.876499772346676 ], [ 36.512065887330891, 1.879489421899336 ], [ 36.523277282920333, 1.883226632902847 ], [ 36.524024963081615, 1.892195820780557 ], [ 36.535236358671057, 1.894936323052889 ], [ 36.53647995018963, 1.8986735340564 ], [ 36.533988952228412, 1.906646132812853 ], [ 36.539470672633513, 1.926577568100356 ], [ 36.535984039731716, 1.931560396794907 ], [ 36.538223266190812, 1.942771911994214 ], [ 36.534984588967632, 1.946259856107531 ], [ 36.538475036793557, 1.956973075846804 ], [ 36.536231995410333, 1.963699937302295 ], [ 36.528755188401249, 1.952239394432581 ], [ 36.526515961042833, 1.953485130834167 ], [ 36.529502868562588, 1.963949084582623 ], [ 36.537727355732954, 1.971174239699451 ], [ 36.541961669695354, 1.988863468174543 ], [ 36.539134979096048, 2.001913309151917 ], [ 36.540191650124598, 2.006739616240338 ], [ 36.546115875647217, 2.007101059166587 ], [ 36.546478271854824, 2.017189502793372 ], [ 36.543457030917295, 2.022659301785382 ], [ 36.547782897662671, 2.025353431415795 ], [ 36.544845580559127, 2.030496598439299 ], [ 36.549251556214415, 2.031476497942094 ], [ 36.555656433397758, 2.048841953393492 ], [ 36.568111419606396, 2.05800914770407 ], [ 36.563541412106531, 2.103808880175734 ], [ 36.579109192035617, 2.120795488121303 ], [ 36.586887360063656, 2.145608187168136 ], [ 36.594482421626481, 2.146506310417919 ], [ 36.60966491670257, 2.162589073626918 ], [ 36.612442016885609, 2.162180900128476 ], [ 36.60990905655774, 2.156139612553147 ], [ 36.61938095107007, 2.161283016098366 ], [ 36.636199950567345, 2.163895368576448 ], [ 36.656280517731773, 2.17336559304772 ], [ 36.681755065643813, 2.193367242904003 ], [ 36.701511383143895, 2.199735164246476 ], [ 36.699878692747518, 2.218267202269601 ], [ 36.711307526421251, 2.224390029576227 ], [ 36.709102630681912, 2.237669945011987 ], [ 36.71375656111644, 2.247820615429134 ], [ 36.713348389416694, 2.254025220787355 ], [ 36.70657348617749, 2.261944293694228 ], [ 36.722816467206258, 2.275006532725342 ], [ 36.721103667900024, 2.286027908761014 ], [ 36.723712921314302, 2.300974130351904 ], [ 36.600963592795608, 2.360014199995362 ], [ 36.600894927758759, 2.40573596933956 ], [ 36.591033935267944, 2.413965702255382 ], [ 36.584899902408608, 2.40738606431546 ], [ 36.566463470412884, 2.404884576661914 ], [ 36.559680939124121, 2.39710569367287 ], [ 36.538192748596543, 2.406803607600466 ], [ 36.522705077577314, 2.448370933571766 ], [ 36.527641296208913, 2.47438669169253 ], [ 36.525512695354678, 2.484434604673311 ], [ 36.529266357656354, 2.500156164175678 ], [ 36.528469085280108, 2.522221325553801 ], [ 36.522834777802814, 2.526705503556173 ], [ 36.512977600236127, 2.560693979143878 ], [ 36.492324830426639, 2.575029134786803 ], [ 36.47304534876389, 2.600510835906391 ], [ 36.470920562833783, 2.6094164848829 ], [ 36.451766967371725, 2.612199068232485 ], [ 36.436763763836666, 2.633548021224271 ], [ 36.432395934724639, 2.677903890352297 ], [ 36.445747375041378, 2.705596447018479 ], [ 36.430770874176574, 2.714045047940658 ], [ 36.427055359317421, 2.719666719043914 ], [ 36.419837951860018, 2.735918283202238 ], [ 36.417282104685455, 2.762539863324093 ], [ 36.394538879665618, 2.79974293678714 ], [ 36.381450652925366, 2.83466815970786 ], [ 36.360675811839315, 2.859073400217312 ], [ 36.344573974909054, 2.862792491680182 ], [ 36.298316955163386, 2.887051344144254 ], [ 36.281635284840547, 2.891207694979187 ], [ 36.268962861446937, 2.907795429315684 ], [ 36.253704070586423, 2.96516132373614 ], [ 36.253593444981561, 2.954451084350126 ], [ 36.246578216811315, 2.949122666877599 ], [ 36.233787537065211, 2.956906557291859 ], [ 36.22415924055656, 2.958570480243509 ], [ 36.222206115419965, 2.954871176563586 ], [ 36.201122284365965, 2.961688279590476 ], [ 36.191333770936808, 2.968343734875532 ], [ 36.178749085402046, 2.966162920282613 ], [ 36.13839721655836, 2.969345331421948 ], [ 36.133644104391976, 2.966978787940775 ], [ 36.136734008567714, 2.979166984868527 ], [ 36.129043579297786, 2.973965405978731 ], [ 36.129333496443735, 2.980766296027809 ], [ 36.123615265132457, 2.980200767251631 ], [ 36.127994537218171, 3.003931284201428 ], [ 36.136909485184674, 3.014625310609631 ], [ 36.137378692972334, 3.029551744417518 ], [ 36.141323089788841, 3.037009001064575 ], [ 36.141300201143395, 3.072980165202523 ], [ 36.148815154695683, 3.075764656014087 ], [ 36.153232574223978, 3.085838316585068 ], [ 36.150512695204782, 3.095957279604818 ], [ 36.152416229025789, 3.131588936180492 ], [ 36.140804290685537, 3.153751373627017 ], [ 36.152576446845615, 3.189881086443052 ], [ 36.153549194040124, 3.216910363422585 ], [ 36.147663116859405, 3.224041223723532 ], [ 36.142253876415339, 3.216140508677597 ], [ 36.143405914251616, 3.210141659210251 ], [ 36.131702423128388, 3.211115122265142 ], [ 36.113296508726933, 3.221347332413529 ], [ 36.074951172158933, 3.227255821598931 ], [ 36.052085876761851, 3.240566730370347 ], [ 36.050609588361851, 4.456217766236989 ] ] ] } },
{ "type": "Feature", "properties": { "shapeName": "Marsabit", "shapeISO": "KE-25", "shapeID": "32016919B63496705134089", "shapeGroup": "KEN", "shapeType": "ADM1" }, "geometry": { "type": "Polygon", "coordinates": [ [ [ 36.600894927758759, 2.40573596933956 ], [ 36.608886718946962, 2.396557331155975 ], [ 36.618999481141202, 2.399812937217348 ], [ 36.622116088886457, 2.415473462430384 ], [ 36.630271911919237, 2.412903308840669 ], [ 36.633937834563483, 2.405329943422203 ], [ 36.639217376580689, 2.410984277902173 ], [ 36.637912749873578, 2.391828298337373 ], [ 36.643363952684297, 2.405775546704149 ], [ 36.643497466934605, 2.418283463411171 ], [ 36.646892547952802, 2.413417339738487 ], [ 36.65069580067069, 2.419414281743741 ], [ 36.65624618521332, 2.41982555430593 ], [ 36.671119690321518, 2.445458173356087 ], [ 36.684345245336829, 2.45793175664528 ], [ 36.698600768710548, 2.45512175566455 ], [ 36.697471618620341, 2.466224671431462 ], [ 36.703365325649315, 2.479040861346732 ], [ 36.699718474927749, 2.512368439551892 ], [ 36.704364776413342, 2.513197183703141 ], [ 36.707901000630727, 2.508349418790715 ], [ 36.714088439729778, 2.508513212314938 ], [ 36.756698608753823, 2.516061305884591 ], [ 36.843517303780573, 2.274761677009849 ], [ 36.865791321012694, 2.253846167566621 ], [ 36.896942138768736, 2.191725015197335 ], [ 36.903026581211805, 2.156668424708073 ], [ 36.915287017981541, 2.125653266984727 ], [ 36.912746429604113, 2.100030421766576 ], [ 36.919994354655785, 2.099529265563206 ], [ 36.918247222831098, 2.083470105960657 ], [ 36.921024322114818, 2.058295249925891 ], [ 36.915756225769258, 2.018022537610079 ], [ 36.924373626741556, 2.016705036208521 ], [ 36.93989944430399, 2.024752616839862 ], [ 36.950012207397492, 2.025108575700244 ], [ 37.007160187093007, 1.985098838640511 ], [ 37.096679687417691, 1.983247995198894 ], [ 37.129772186437322, 1.970993280815321 ], [ 37.150897979857916, 1.967918872857751 ], [ 37.174919128015404, 1.958213805722608 ], [ 37.179531096982601, 1.959178209007177 ], [ 37.180767059552181, 1.949714183562776 ], [ 37.190864562949287, 1.930424451427314 ], [ 37.232097625305244, 1.90022385104993 ], [ 37.244483947376295, 1.882682204020568 ], [ 37.265975951928681, 1.878764033233608 ], [ 37.306106567763948, 1.765452146199607 ], [ 37.350547790648079, 1.742138147557512 ], [ 37.442989349279117, 1.58736789191471 ], [ 37.469196318555305, 1.554285049815235 ], [ 37.557804107773393, 1.396206855661887 ], [ 37.577106475383573, 1.37992179355598 ], [ 37.582138061722219, 1.370844006245932 ], [ 37.579433442399477, 1.365281104939072 ], [ 37.587448120434487, 1.368239521936459 ], [ 37.589370727976757, 1.379087328817207 ], [ 37.595741271742327, 1.384574532388797 ], [ 37.598045349213521, 1.391553520578555 ], [ 37.606693267780145, 1.376154184568009 ], [ 37.621459961308233, 1.376938104709836 ], [ 37.622596740347319, 1.383689523053079 ], [ 37.629737853818938, 1.38372814623699 ], [ 37.646743774705499, 1.399164676408759 ], [ 37.652915955007359, 1.400884151382513 ], [ 37.657314300814392, 1.395245314020087 ], [ 37.673927306999644, 1.403134703903504 ], [ 37.683635712418265, 1.398962378411056 ], [ 37.709987640717088, 1.407231092441009 ], [ 37.736728667893772, 1.407395721435421 ], [ 37.747604369945748, 1.413338184309794 ], [ 37.768421173398508, 1.413959622138918 ], [ 37.772953032556472, 1.409726142747331 ], [ 37.778415680139574, 1.411823392335748 ], [ 37.78208541860721, 1.419625521001024 ], [ 37.793579100595082, 1.414132237113108 ], [ 37.799652099165087, 1.4182748795821 ], [ 37.810909271145988, 1.418496251301008 ], [ 37.81698226971605, 1.422923445560627 ], [ 37.82586669918885, 1.420836330432337 ], [ 37.831497192641393, 1.425073742559221 ], [ 37.842658996915247, 1.425801038687041 ], [ 37.852123260680003, 1.459063530257765 ], [ 37.950618744159783, 1.386963248655036 ], [ 37.94529342665038, 1.262880205756915 ], [ 38.339664459447306, 1.577415824181003 ], [ 38.383167266756004, 1.761282920670283 ], [ 38.962554931964576, 2.097387790913842 ], [ 38.954185485771632, 2.106224059892497 ], [ 38.935844420583578, 2.161199093163646 ], [ 38.93832778959586, 2.214822530835193 ], [ 38.926086425648066, 2.284112454426293 ], [ 38.936149597426038, 2.315845013036949 ], [ 38.931427001954603, 2.345769167213348 ], [ 38.93473815913876, 2.372761726672422 ], [ 38.930713653412454, 2.381384849131507 ], [ 38.927982331419514, 2.4127748011162 ], [ 38.914466858358878, 2.440833330593762 ], [ 38.902313232269933, 2.478314638110135 ], [ 38.888610839618593, 2.542645216103892 ], [ 38.976699828834057, 2.566914796580647 ], [ 38.981697082654307, 2.571247338993544 ], [ 39.043418883874438, 2.676023006856326 ], [ 39.035934447916475, 2.689858197897536 ], [ 39.048267364647188, 2.704153300434541 ], [ 39.052471161015319, 2.726483583750451 ], [ 39.065986633176635, 2.73758077623188 ], [ 39.065071106246592, 2.882312059054357 ], [ 39.111816406601918, 2.883346318977487 ], [ 39.116664885576085, 2.914146900259311 ], [ 39.123561859192478, 2.931319475413488 ], [ 39.137523651395441, 2.938604592827744 ], [ 39.147411346556453, 2.952828168685073 ], [ 39.202167510921925, 2.956905841431478 ], [ 39.248104095027998, 2.989058971594318 ], [ 39.249423981431676, 2.995868205553279 ], [ 39.289325714410268, 3.035298348440051 ], [ 39.324005127434759, 3.052822828310923 ], [ 39.346755981403476, 3.070083379644302 ], [ 39.341743469685412, 3.255357026605566 ], [ 39.33831024212401, 3.277368306901906 ], [ 39.328178406208508, 3.288664102966038 ], [ 39.313522339184658, 3.406771421563917 ], [ 39.301734924227446, 3.426584005147788 ], [ 39.29975128059715, 3.440706730131524 ], [ 39.304534912156498, 3.455821514351442 ], [ 39.318115234430593, 3.471969842634167 ], [ 39.303070069428202, 3.474688053411001 ], [ 39.292114257566993, 3.480369806421493 ], [ 39.281250000287343, 3.478955269070468 ], [ 39.26805877689111, 3.472457409182141 ], [ 39.256229399567189, 3.477597475343259 ], [ 39.232662201299604, 3.479439973975673 ], [ 39.227230072210091, 3.48312544788115 ], [ 39.193092346034973, 3.48002195315064 ], [ 39.190273285283922, 3.494102240026393 ], [ 39.17974090571829, 3.49057292979694 ], [ 39.155174255787301, 3.503200769300122 ], [ 39.152263641354011, 3.50213384600022 ], [ 39.152748107938862, 3.511250257393499 ], [ 39.131786346362844, 3.512757778348828 ], [ 39.106227874616764, 3.524243593067411 ], [ 39.088359833039931, 3.541286707215818 ], [ 39.079559327401114, 3.541535138635766 ], [ 39.079059601119752, 3.533020019358446 ], [ 39.061073303190426, 3.52810645105194 ], [ 39.055728911959761, 3.523049831184835 ], [ 39.037990569709052, 3.530055284623757 ], [ 39.032794952425149, 3.525418997089105 ], [ 39.022712707825235, 3.525471210827789 ], [ 39.019977570008905, 3.514031409921699 ], [ 39.013305664325003, 3.519171953622788 ], [ 39.009773254132426, 3.518442153782416 ], [ 39.004505157786866, 3.526483297066534 ], [ 39.000076294385508, 3.521105050857443 ], [ 38.980342864631552, 3.517177581979865 ], [ 38.978832244612477, 3.52126360043485 ], [ 38.96708679202186, 3.523865938062613 ], [ 38.958087921120693, 3.519001484430987 ], [ 38.958576202629672, 3.5089080333791 ], [ 38.904338835568865, 3.505867957939927 ], [ 38.840858460449624, 3.528243780226319 ], [ 38.713779449362164, 3.565577507196224 ], [ 38.711711883696523, 3.575427531555363 ], [ 38.687873840205611, 3.617382288162105 ], [ 38.682281494195649, 3.620179414448444 ], [ 38.672187804823409, 3.615436553654092 ], [ 38.676322937053953, 3.604248762570364 ], [ 38.665378570864391, 3.587223529642245 ], [ 38.611339569065933, 3.607573747730328 ], [ 38.59923172026771, 3.599916220157468 ], [ 38.57609176742119, 3.601129532402069 ], [ 38.55714416527104, 3.615034103441189 ], [ 38.546787262322368, 3.639577388985344 ], [ 38.534282683898823, 3.649189234195831 ], [ 38.522338866945233, 3.648349285391248 ], [ 38.515712737652791, 3.644616604272926 ], [ 38.522087097241808, 3.635378360822756 ], [ 38.522338866945233, 3.622219800803236 ], [ 38.447589874173389, 3.597583294233687 ], [ 38.181068420371332, 3.61578059200076 ], [ 38.135341645400672, 3.606261968714932 ], [ 38.128154754638274, 3.60075616806273 ], [ 38.112754820578573, 3.618206978169553 ], [ 38.033779144591904, 3.684154033581819 ], [ 37.989582061562942, 3.729181766425427 ], [ 37.918369293008539, 3.768545389158419 ], [ 37.766540527323514, 3.869517565083584 ], [ 37.651847839206482, 3.950332642437559 ], [ 37.646343231055312, 3.957798242994556 ], [ 37.42341613734493, 4.113050460610339 ], [ 37.420333862118071, 4.11125230844732 ], [ 37.13801574732895, 4.295440674247743 ], [ 37.131977081277341, 4.293770789690257 ], [ 37.113609314318467, 4.307257175078632 ], [ 37.090488433394512, 4.343093395044207 ], [ 37.07777404763425, 4.348873138184842 ], [ 37.064929963447128, 4.347203255425939 ], [ 37.063774108888083, 4.352598190354229 ], [ 37.054397582982119, 4.362488269617984 ], [ 37.055297851114972, 4.365699290889609 ], [ 37.048873901109687, 4.370194911865724 ], [ 37.047718048349282, 4.376231669555978 ], [ 37.043479918563435, 4.37494707075075 ], [ 37.032176971090394, 4.385736465765319 ], [ 37.020458221170031, 4.371914862580866 ], [ 37.009056091065816, 4.380465984417697 ], [ 37.004306792924183, 4.37809085870623 ], [ 36.985164642234508, 4.395626545029074 ], [ 36.958320618401842, 4.398195744438112 ], [ 36.958580017054203, 4.403590202725695 ], [ 36.908344268872952, 4.4251213071027 ], [ 36.878299712561727, 4.431847572307674 ], [ 36.84259414700233, 4.449958324716988 ], [ 36.678955077714704, 4.441352844258404 ], [ 36.660331726128334, 4.441866397616195 ], [ 36.643260956028371, 4.453624724901204 ], [ 36.625209807986323, 4.454100131715734 ], [ 36.545875548917479, 4.444598674689132 ], [ 36.262668609868513, 4.450857639568483 ], [ 36.245845795447167, 4.457536697560613 ], [ 36.231842040877552, 4.451242924421479 ], [ 36.050609588361851, 4.456217766236989 ], [ 36.052085876761851, 3.240566730370347 ], [ 36.074951172158933, 3.227255821598931 ], [ 36.113296508726933, 3.221347332413529 ], [ 36.131702423128388, 3.211115122265142 ], [ 36.143405914251616, 3.210141659210251 ], [ 36.142253876415339, 3.216140508677597 ], [ 36.147663116859405, 3.224041223723532 ], [ 36.153549194040124, 3.216910363422585 ], [ 36.152576446845615, 3.189881086443052 ], [ 36.140804290685537, 3.153751373627017 ], [ 36.152416229025789, 3.131588936180492 ], [ 36.150512695204782, 3.095957279604818 ], [ 36.153232574223978, 3.085838316585068 ], [ 36.148815154695683, 3.075764656014087 ], [ 36.141300201143395, 3.072980165202523 ], [ 36.141323089788841, 3.037009001064575 ], [ 36.137378692972334, 3.029551744417518 ], [ 36.136909485184674, 3.014625310609631 ], [ 36.127639770858764, 3.00278425199167 ], [ 36.12398910521307, 2.979522227868586 ], [ 36.129333496443735, 2.980766296027809 ], [ 36.129043579297786, 2.973965405978731 ], [ 36.136734008567714, 2.979166984868527 ], [ 36.133644104391976, 2.966978787940775 ], [ 36.13839721655836, 2.969345331421948 ], [ 36.178749085402046, 2.966162920282613 ], [ 36.191333770936808, 2.968343734875532 ], [ 36.201122284365965, 2.961688279590476 ], [ 36.222206115419965, 2.954871176563586 ], [ 36.22415924055656, 2.958570480243509 ], [ 36.233787537065211, 2.956906557291859 ], [ 36.246578216811315, 2.949122666877599 ], [ 36.253593444981561, 2.954451084350126 ], [ 36.253704070586423, 2.96516132373614 ], [ 36.268962861446937, 2.907795429315684 ], [ 36.281635284840547, 2.891207694979187 ], [ 36.298316955163386, 2.887051344144254 ], [ 36.344573974909054, 2.862792491680182 ], [ 36.35877227801825, 2.860773324829154 ], [ 36.378898620674875, 2.838319062774588 ], [ 36.394538879665618, 2.79974293678714 ], [ 36.417541504237079, 2.761990548425103 ], [ 36.419837951860018, 2.735918283202238 ], [ 36.427055359317421, 2.719666719043914 ], [ 36.430770874176574, 2.714045047940658 ], [ 36.445877075266878, 2.70515441944093 ], [ 36.432395934724639, 2.677903890352297 ], [ 36.436763763836666, 2.633548021224271 ], [ 36.451766967371725, 2.612199068232485 ], [ 36.470920562833783, 2.6094164848829 ], [ 36.47304534876389, 2.600510835906391 ], [ 36.492324830426639, 2.575029134786803 ], [ 36.512977600236127, 2.560693979143878 ], [ 36.522834777802814, 2.526705503556173 ], [ 36.528469085280108, 2.522221325553801 ], [ 36.529266357656354, 2.500156164175678 ], [ 36.525512695354678, 2.484434604673311 ], [ 36.527641296208913, 2.47438669169253 ], [ 36.522705077577314, 2.448370933571766 ], [ 36.537677765316687, 2.407763004359197 ], [ 36.559097289908038, 2.397071361154417 ], [ 36.566463470412884, 2.404884576661914 ], [ 36.584899902408608, 2.40738606431546 ], [ 36.590724945300053, 2.414102793109464 ], [ 36.600894927758759, 2.40573596933956 ] ] ] } },
{ "type": "Feature", "properties": { "shapeName": "Mandera", "shapeISO": "KE-24", "shapeID": "32016919B2031803566233", "shapeGroup": "KEN", "shapeType": "ADM1" }, "geometry": { "type": "Polygon", "coordinates": [ [ [ 40.991954802572138, 2.17918634437433 ], [ 40.99252319299103, 2.824751376874588 ], [ 41.328266143667634, 3.153732777445782 ], [ 41.906257629386118, 3.97638392467843 ], [ 41.898487091206334, 3.981129407895878 ], [ 41.883892059371078, 3.972659349149694 ], [ 41.881969451828809, 3.966200589985306 ], [ 41.876537322739296, 3.966533661099618 ], [ 41.872264862233635, 3.962506532950158 ], [ 41.868499756058952, 3.966817379218696 ], [ 41.865760803318494, 3.959784030608546 ], [ 41.854755401940281, 3.96065378204645 ], [ 41.854511261185792, 3.950425386822189 ], [ 41.850463866814039, 3.947740793602804 ], [ 41.842559814384003, 3.954471348573918 ], [ 41.836189269719057, 3.954036474203974 ], [ 41.835338592901792, 3.945074796564654 ], [ 41.828552245789581, 3.952732085817161 ], [ 41.825431824019518, 3.948043107903175 ], [ 41.820461272869522, 3.950576543972375 ], [ 41.818569182921522, 3.953639507157561 ], [ 41.820896149038106, 3.958668707594825 ], [ 41.81070327793401, 3.957571982560978 ], [ 41.807964325193495, 3.960975170068082 ], [ 41.803123474269, 3.957458496212666 ], [ 41.798870086585282, 3.958819867442969 ], [ 41.79470825168454, 3.969785452236863 ], [ 41.799510956065831, 3.972243309281339 ], [ 41.794010161939468, 3.974493265551814 ], [ 41.793933868853003, 3.983133554270182 ], [ 41.787475586329322, 3.978274583805046 ], [ 41.78060531628239, 3.983076810646367 ], [ 41.774234771617444, 3.974379778304183 ], [ 41.755310059012061, 3.974587679078184 ], [ 41.752868652366487, 3.976251602029834 ], [ 41.753952026065178, 3.98491644943465 ], [ 41.739387511824248, 3.988351583558767 ], [ 41.733718871828501, 3.984551429904627 ], [ 41.734416961573572, 3.99417471898812 ], [ 41.73012542734665, 3.993342876672443 ], [ 41.73065567032296, 3.986914873422734 ], [ 41.721389770921235, 3.98901343332335 ], [ 41.719100952247175, 3.995365858447656 ], [ 41.712692261039081, 3.98661231990269 ], [ 41.705642700350381, 3.987671136713629 ], [ 41.692256928414565, 3.981356382391198 ], [ 41.687660217345183, 3.972337961128062 ], [ 41.682197570661401, 3.977707385887186 ], [ 41.682300567317384, 3.971349000955684 ], [ 41.676429748933799, 3.960086584128589 ], [ 41.670646668409063, 3.968802451871682 ], [ 41.666919707878264, 3.966193437677077 ], [ 41.66236496007491, 3.969105005391725 ], [ 41.655288696716013, 3.966711044279293 ], [ 41.653305053985093, 3.971782446302882 ], [ 41.646057128933421, 3.973537207076504 ], [ 41.642795563064851, 3.979617357055417 ], [ 41.635845184108007, 3.977761030447255 ], [ 41.638298034626644, 3.984238385792935 ], [ 41.635795593691739, 3.986544132405811 ], [ 41.631862640748352, 3.979578733871506 ], [ 41.626277923687269, 3.984351158079505 ], [ 41.617355346771888, 3.974820852600317 ], [ 41.600734710738379, 3.975878000269518 ], [ 41.595893859813827, 3.971478700281864 ], [ 41.579708099049583, 3.973807572961164 ], [ 41.566280364747115, 3.969300030572015 ], [ 41.562412261916393, 3.977262974206951 ], [ 41.549716949877393, 3.985629797077536 ], [ 41.526691436660542, 3.974105358275722 ], [ 41.521732330282873, 3.960919618945297 ], [ 41.512737274305834, 3.955234527651385 ], [ 41.505661010946937, 3.956992625809107 ], [ 41.507553100894938, 3.96294259982119 ], [ 41.501071929725811, 3.969707011569369 ], [ 41.495815277253314, 3.96311807643815 ], [ 41.484474182337692, 3.963416099173685 ], [ 41.481246948088256, 3.955430984552322 ], [ 41.476543426338083, 3.959071874567428 ], [ 41.469047547406433, 3.955769777153535 ], [ 41.463294982677382, 3.960481405392613 ], [ 41.449176787578722, 3.956247568070864 ], [ 41.439743042307612, 3.958649158132175 ], [ 41.43857574477488, 3.950761078560959 ], [ 41.419410705439759, 3.950047015957068 ], [ 41.395187377995171, 3.96582746486564 ], [ 41.388481139792816, 3.960071801972106 ], [ 41.381649017188465, 3.961260319008545 ], [ 41.379226684264097, 3.953118562271868 ], [ 41.356681823607346, 3.961697340060255 ], [ 41.35253143257961, 3.951110840193166 ], [ 41.344924927143722, 3.950734376790081 ], [ 41.327629089111213, 3.941961288782522 ], [ 41.317096710444901, 3.947958707428427 ], [ 41.31784820642963, 3.944643258679491 ], [ 41.312061310081447, 3.947976112008007 ], [ 41.306186675874471, 3.946772098753399 ], [ 41.297370911438463, 3.955845356178315 ], [ 41.293964385647939, 3.954401731155031 ], [ 41.295803070255545, 3.947949647658163 ], [ 41.280979155563614, 3.947950840159194 ], [ 41.282535552873526, 3.953262806333498 ], [ 41.280330658033506, 3.954999923307867 ], [ 41.27725982667971, 3.950749635587272 ], [ 41.261703492422271, 3.956075906378032 ], [ 41.255191802759555, 3.952390670792852 ], [ 41.248149871919111, 3.955527306440104 ], [ 41.244468688679092, 3.950289249249522 ], [ 41.239471435758219, 3.960412263715057 ], [ 41.230606079107304, 3.950825691252703 ], [ 41.227046966244529, 3.954316615719279 ], [ 41.215217590719305, 3.953399419647553 ], [ 41.215980529677779, 3.949337958979697 ], [ 41.207180023139586, 3.945436477811256 ], [ 41.206905364790828, 3.935728549932662 ], [ 41.195720672770904, 3.936775922870595 ], [ 41.178794860794255, 3.944946288840185 ], [ 41.172306060676192, 3.943041324197793 ], [ 41.165851593076638, 3.951471090618384 ], [ 41.154964447151542, 3.958093166666345 ], [ 41.130634308126844, 3.967154264357873 ], [ 41.130065917708009, 3.970128536402854 ], [ 41.136150360151078, 3.972255468115407 ], [ 41.124256133613756, 3.974609375222542 ], [ 41.12623214739574, 3.979183196747158 ], [ 41.115345000571381, 3.988790512072512 ], [ 41.108303069730937, 3.985841512775664 ], [ 41.104656219908691, 3.987952947370673 ], [ 41.099727630226027, 4.001445770106272 ], [ 41.105392456196967, 4.007750988017733 ], [ 41.084552764998136, 4.01750707639053 ], [ 41.082519530951629, 4.024630546962214 ], [ 41.071971892588806, 4.026919841377605 ], [ 41.065856932551469, 4.044671535862733 ], [ 41.0493278502002, 4.059947967824485 ], [ 41.042373657218548, 4.074861049397953 ], [ 41.03760528535571, 4.077427387164221 ], [ 41.03097534203846, 4.074943542410608 ], [ 41.028839111335969, 4.081604480862154 ], [ 41.01995849588792, 4.083653450346503 ], [ 40.999561309806666, 4.112263679725061 ], [ 40.981876372896352, 4.113835811573495 ], [ 40.975639343381033, 4.127620220596725 ], [ 40.962997436682429, 4.135250567959417 ], [ 40.955642700050646, 4.144063472551238 ], [ 40.941959381120569, 4.149998664406894 ], [ 40.932312011789975, 4.148866653573236 ], [ 40.917892455672359, 4.156389713614431 ], [ 40.906288147180305, 4.15761566133375 ], [ 40.899589538826206, 4.183794975557703 ], [ 40.887004852392067, 4.193322658613852 ], [ 40.885604857977853, 4.214423179286371 ], [ 40.867908478093852, 4.228403091029861 ], [ 40.855346679405784, 4.229142188960907 ], [ 40.847965240103804, 4.249041079582184 ], [ 40.837104797748282, 4.252298354785296 ], [ 40.835037231183321, 4.248448849035185 ], [ 40.804008483804523, 4.266191482850729 ], [ 40.791961670194951, 4.268898011434146 ], [ 40.782230377030317, 4.282756805182487 ], [ 40.776126861765306, 4.279885769013106 ], [ 40.761775970684539, 4.283045292406371 ], [ 40.75791931172688, 4.281730651748205 ], [ 40.745933532406639, 4.264103889283092 ], [ 40.735725403404672, 4.260485648693759 ], [ 40.727317809769147, 4.252035617849515 ], [ 40.710811615163948, 4.25249195094284 ], [ 40.701175689706361, 4.248889923331319 ], [ 40.698371886853124, 4.242779730600148 ], [ 40.401668547565464, 4.122731685818678 ], [ 40.394989013832003, 4.113870620732598 ], [ 40.387428283888255, 4.115956306838143 ], [ 40.205959319567, 4.042222500268224 ], [ 40.195957183876999, 4.047571658805055 ], [ 40.190063476848024, 4.045395850737975 ], [ 40.18361663819735, 4.03228998199711 ], [ 40.162174224960552, 4.021061420148442 ], [ 40.156196594097594, 4.013656139819034 ], [ 40.148975372615382, 4.013913154368652 ], [ 40.120716094672105, 4.000010967432274 ], [ 39.867729186752626, 3.867498398232556 ], [ 39.775260924552072, 3.668095588940332 ], [ 39.786838531273247, 3.333455324004035 ], [ 40.044193267405433, 3.224246502074436 ], [ 40.182693481419108, 3.072917222551837 ], [ 40.269741058403156, 2.970616578892077 ], [ 40.492946623587841, 2.868098497147969 ], [ 40.492820740085165, 2.854800939711652 ], [ 40.496494292577609, 2.851430654800936 ], [ 40.493877411113658, 2.837858677336158 ], [ 40.498489380080855, 2.833578109442271 ], [ 40.495571136698629, 2.82703638062452 ], [ 40.497352600142449, 2.819888590586061 ], [ 40.494453429582165, 2.818013906116903 ], [ 40.50444412229848, 2.811422825203294 ], [ 40.494365691723374, 2.80374097816366 ], [ 40.493316651442342, 2.799629927079536 ], [ 40.504894256364878, 2.794661998352581 ], [ 40.504981994223726, 2.784316062636208 ], [ 40.511062621742667, 2.783868789313203 ], [ 40.515201568897339, 2.777767895571969 ], [ 40.52220916721933, 2.775597810790373 ], [ 40.519382476620081, 2.771381378048204 ], [ 40.52130508416235, 2.741114616346522 ], [ 40.51367950410588, 2.73842120167717 ], [ 40.508827209308322, 2.727627754317439 ], [ 40.501335144401423, 2.72362089059169 ], [ 40.502658843930533, 2.716491937752778 ], [ 40.521179198860978, 2.695838212863293 ], [ 40.527996063567514, 2.664238930182535 ], [ 40.546337127856191, 2.631906986018635 ], [ 40.545146942577389, 2.627138375835443 ], [ 40.551876069425134, 2.609730243955653 ], [ 40.550571441818647, 2.602944136063059 ], [ 40.553920746445328, 2.593273878087075 ], [ 40.56237411467373, 2.586364030675497 ], [ 40.559364319407848, 2.578559398297614 ], [ 40.566791534201968, 2.565234422330775 ], [ 40.581363678291154, 2.549844025581365 ], [ 40.58167648318323, 2.527772189435041 ], [ 40.59738922123563, 2.512267589577618 ], [ 40.591983794816315, 2.501302957165763 ], [ 40.603576660334681, 2.492432355668711 ], [ 40.603519440070158, 2.48380923231025 ], [ 40.607299805042032, 2.476413965032521 ], [ 40.633644104391976, 2.442054510107596 ], [ 40.640342712746076, 2.441483497265608 ], [ 40.641380310053307, 2.435725211949034 ], [ 40.661026001049152, 2.429081678077011 ], [ 40.667602539026007, 2.406134128887004 ], [ 40.665603636598576, 2.396330833301363 ], [ 40.676158904809654, 2.383909940391504 ], [ 40.677310944444571, 2.375239134078811 ], [ 40.692855834828947, 2.365692853942107 ], [ 40.70086669883915, 2.354328393740445 ], [ 40.710109709595486, 2.348665476130861 ], [ 40.719799042192108, 2.328011751241377 ], [ 40.7326202404318, 2.31781816517622 ], [ 40.74037551891513, 2.31390619341613 ], [ 40.756252288812107, 2.314515351902003 ], [ 40.779750823841482, 2.304797649292141 ], [ 40.799026489680784, 2.286209345185171 ], [ 40.813301086775766, 2.277871609087526 ], [ 40.838733673220474, 2.274730682774816 ], [ 40.842445373155499, 2.263872146982067 ], [ 40.876281738311604, 2.22462272555839 ], [ 40.91566848711102, 2.191469669789456 ], [ 40.945571899323738, 2.177088976075424 ], [ 40.991954802572138, 2.17918634437433 ] ] ] } },
{ "type": "Feature", "properties": { "shapeName": "Wajir", "shapeISO": "KE-46", "shapeID": "32016919B89873713911655", "shapeGroup": "KEN", "shapeType": "ADM1" }, "geometry": { "type": "Polygon", "coordinates": [ [ [ 38.962554931964576, 2.097387790913842 ], [ 38.985305785933349, 2.069636107420479 ], [ 38.984260558777805, 2.053336859408603 ], [ 38.992946624786953, 2.040202140416511 ], [ 38.98955917361701, 2.027817010846434 ], [ 38.994194030330277, 2.009578466573032 ], [ 39.019714356432473, 1.977415323358514 ], [ 39.035053254404204, 1.967102647269428 ], [ 39.05416488660029, 1.933628558711064 ], [ 39.063343048143224, 1.928188681962126 ], [ 39.068477630238476, 1.914603829802957 ], [ 39.095111846734369, 1.889967798974794 ], [ 39.102012634375626, 1.889970302687345 ], [ 39.112106322848547, 1.877880453819955 ], [ 39.122711180576573, 1.873939037356763 ], [ 39.13109207244122, 1.866200446693313 ], [ 39.144729614080461, 1.841910839213881 ], [ 39.143993377792185, 1.830444693567813 ], [ 39.170120239057837, 1.791146635908547 ], [ 39.180347442680386, 1.753380178552447 ], [ 39.213848114299083, 1.697362422737683 ], [ 39.23048782315459, 1.694736242283795 ], [ 39.236362457361565, 1.688781500066227 ], [ 39.254322051721374, 1.68318355127991 ], [ 39.265895844417742, 1.673568487395812 ], [ 39.27524185183006, 1.673466444021244 ], [ 39.300498962557128, 1.654689669892377 ], [ 39.308307647280174, 1.654529690392962 ], [ 39.313446045198873, 1.643246054961537 ], [ 39.31903076136058, 1.644280314884668 ], [ 39.326160430959192, 1.635067820823338 ], [ 39.336875915191399, 1.631239175747396 ], [ 39.339958191317521, 1.625627517695818 ], [ 39.345310210597802, 1.625970244830967 ], [ 39.348396301648052, 1.617958068709925 ], [ 39.357978820865924, 1.610060334017248 ], [ 39.373443603239764, 1.585268020802573 ], [ 39.386043547571717, 1.574448824054059 ], [ 39.387424469163989, 1.565804361582082 ], [ 39.394771575947516, 1.565242290699189 ], [ 39.399967193231419, 1.552981138069129 ], [ 39.415866851773842, 1.550424218003286 ], [ 39.438507080137697, 1.529489159996785 ], [ 39.447166442577327, 1.527206540349596 ], [ 39.274257659863167, 1.467803597857824 ], [ 39.39775466944252, 1.146268248381034 ], [ 39.462245940997434, 0.997088312575613 ], [ 39.460689544586842, 0.994680701553193 ], [ 39.466167450067815, 0.987346172687751 ], [ 39.479633330913543, 0.980198263938803 ], [ 39.492492675696496, 0.962161958307775 ], [ 39.497936248659016, 0.933912992890384 ], [ 39.532199859236187, 0.857275306909912 ], [ 39.563541412406323, 0.757195174817525 ], [ 39.585994720280155, 0.722179055618994 ], [ 39.597282409855382, 0.712965786342011 ], [ 39.600318908690724, 0.703819155929352 ], [ 39.614471435408461, 0.684621632182655 ], [ 39.624782561965731, 0.6773024205703 ], [ 39.628101348998086, 0.670021235891397 ], [ 39.635421753111473, 0.667632282204124 ], [ 39.646213531329465, 0.657866955095926 ], [ 39.654411315829634, 0.632559001197023 ], [ 39.665023803405859, 0.614522695565995 ], [ 39.689414977619151, 0.579811156060032 ], [ 39.711772918685313, 0.55787253379043 ], [ 39.717693329283748, 0.546470106010645 ], [ 39.724021911581985, 0.544004977048075 ], [ 39.732856750638575, 0.525940120640087 ], [ 39.762153625889198, 0.51215827468468 ], [ 39.774963377557867, 0.495254605815433 ], [ 39.799682617259009, 0.482795745327451 ], [ 39.850250244053598, 0.477113604709132 ], [ 39.856578827251155, 0.469204276855919 ], [ 39.874729156125682, 0.458344400173985 ], [ 39.887825011814869, 0.462874889664477 ], [ 39.904975890824744, 0.462075412150625 ], [ 39.943916319582513, 0.429705202732976 ], [ 39.97908401501536, 0.409708232049297 ], [ 40.012958526714669, 0.398943543210009 ], [ 40.048355102306175, 0.39634516799515 ], [ 40.05962371816014, 0.392595142551841 ], [ 40.128227234199528, 0.342607438182768 ], [ 40.160911559720773, 0.325913130586571 ], [ 40.216354369958253, 0.266816825436194 ], [ 40.241737365986694, 0.246991157615867 ], [ 40.303127288593544, 0.217980772194949 ], [ 40.331310272551093, 0.199411467165532 ], [ 40.375110625954676, 0.196841641828371 ], [ 40.403224944875376, 0.183783158366111 ], [ 40.426097870120657, 0.190302878974705 ], [ 40.455375671649961, 0.185658171987086 ], [ 40.47522735595777, 0.186667070129204 ], [ 40.49570083602481, 0.197964743078501 ], [ 40.506572723152715, 0.192425355445835 ], [ 40.513538360906693, 0.207558735847044 ], [ 40.521030425813535, 0.213507384258435 ], [ 40.524501800817518, 0.221473828054741 ], [ 40.534896850309451, 0.226727679139117 ], [ 40.541606903435877, 0.226470694267164 ], [ 40.564041137588504, 0.216029613875605 ], [ 40.586158752824247, 0.215401441023744 ], [ 40.595012664702779, 0.225623608442845 ], [ 40.604499817112924, 0.225442767369884 ], [ 40.612144469991335, 0.232761978982182 ], [ 40.647682189681348, 0.232114777375102 ], [ 40.681793213186268, 0.258441119961788 ], [ 40.68354797395989, 0.271118908710719 ], [ 40.694499969098331, 0.278095484019445 ], [ 40.715744018871419, 0.320088207304991 ], [ 40.735172271782972, 0.325560956972652 ], [ 40.751903534320718, 0.34358775587026 ], [ 40.773136139321423, 0.35404786501698 ], [ 40.843265533277815, 0.370913505154192 ], [ 40.862644195773044, 0.378927527583357 ], [ 40.885990142830906, 0.392395258334545 ], [ 40.918533325152907, 0.423889815862367 ], [ 40.961227417111672, 0.447646349299646 ], [ 40.977352142687266, 0.452881157239688 ], [ 40.991783141778626, 0.464415877990405 ], [ 40.991954802572138, 2.17918634437433 ], [ 40.945571899323738, 2.177088976075424 ], [ 40.91566848711102, 2.191469669789456 ], [ 40.876281738311604, 2.22462272555839 ], [ 40.842445373155499, 2.263872146982067 ], [ 40.838733673220474, 2.274730682774816 ], [ 40.813301086775766, 2.277871609087526 ], [ 40.799026489680784, 2.286209345185171 ], [ 40.779750823841482, 2.304797649292141 ], [ 40.756252288812107, 2.314515351902003 ], [ 40.74037551891513, 2.31390619341613 ], [ 40.7326202404318, 2.31781816517622 ], [ 40.719799042192108, 2.328011751241377 ], [ 40.710109709595486, 2.348665476130861 ], [ 40.70086669883915, 2.354328393740445 ], [ 40.692855834828947, 2.365692853942107 ], [ 40.677310944444571, 2.375239134078811 ], [ 40.676158904809654, 2.383909940391504 ], [ 40.665603636598576, 2.396330833301363 ], [ 40.667602539026007, 2.406134128887004 ], [ 40.661026001049152, 2.429081678077011 ], [ 40.641380310053307, 2.435725211949034 ], [ 40.640342712746076, 2.441483497265608 ], [ 40.633644104391976, 2.442054510107596 ], [ 40.607299805042032, 2.476413965032521 ], [ 40.603519440070158, 2.48380923231025 ], [ 40.603576660334681, 2.492432355668711 ], [ 40.591983794816315, 2.501302957165763 ], [ 40.59738922123563, 2.512267589577618 ], [ 40.58167648318323, 2.527772189435041 ], [ 40.581363678291154, 2.549844025581365 ], [ 40.566791534201968, 2.565234422330775 ], [ 40.559364319407848, 2.578559398297614 ], [ 40.56237411467373, 2.586364030675497 ], [ 40.553920746445328, 2.593273878087075 ], [ 40.550571441818647, 2.602944136063059 ], [ 40.551876069425134, 2.609730243955653 ], [ 40.545146942577389, 2.627138375835443 ], [ 40.546337127856191, 2.631906986018635 ], [ 40.527996063567514, 2.664238930182535 ], [ 40.521179198860978, 2.695838212863293 ], [ 40.502658843930533, 2.716491937752778 ], [ 40.501335144401423, 2.72362089059169 ], [ 40.508827209308322, 2.727627754317439 ], [ 40.51367950410588, 2.73842120167717 ], [ 40.52130508416235, 2.741114616346522 ], [ 40.519382476620081, 2.771381378048204 ], [ 40.52220916721933, 2.775597810790373 ], [ 40.515201568897339, 2.777767895571969 ], [ 40.511062621742667, 2.783868789313203 ], [ 40.504981994223726, 2.784316062636208 ], [ 40.504894256364878, 2.794661998352581 ], [ 40.493316651442342, 2.799629927079536 ], [ 40.494365691723374, 2.80374097816366 ], [ 40.50444412229848, 2.811422825203294 ], [ 40.494453429582165, 2.818013906116903 ], [ 40.497352600142449, 2.819888590586061 ], [ 40.495571136698629, 2.82703638062452 ], [ 40.498489380080855, 2.833578109442271 ], [ 40.493877411113658, 2.837858677336158 ], [ 40.496494292577609, 2.851430654800936 ], [ 40.492820740085165, 2.854800939711652 ], [ 40.492946623587841, 2.868098497147969 ], [ 40.269741058403156, 2.970616578892077 ], [ 40.182693481419108, 3.072917222551837 ], [ 40.044193267405433, 3.224246502074436 ], [ 39.786838531273247, 3.333455324004035 ], [ 39.775260924552072, 3.668095588940332 ], [ 39.609405516551419, 3.501092910409511 ], [ 39.552986145094565, 3.466102599955093 ], [ 39.54814910909414, 3.471113443430738 ], [ 39.540287018131437, 3.472754955277026 ], [ 39.525341033961581, 3.46662092241769 ], [ 39.50149536242111, 3.470076799404808 ], [ 39.499855041277158, 3.464892864314265 ], [ 39.493202209314575, 3.467489481354505 ], [ 39.485786438393461, 3.460043668580511 ], [ 39.473468779560562, 3.461789369583812 ], [ 39.457466125261533, 3.455873489769772 ], [ 39.445632934812124, 3.46072244628391 ], [ 39.442432403232885, 3.456164360197135 ], [ 39.438068389944306, 3.456455230624442 ], [ 39.436614990189696, 3.460625648654798 ], [ 39.431282043731358, 3.457619189873753 ], [ 39.428955079413413, 3.466250419721121 ], [ 39.417896270896222, 3.460625648654798 ], [ 39.413436889900595, 3.466735362946679 ], [ 39.40344619718428, 3.463243960940076 ], [ 39.37629318158514, 3.468190194421993 ], [ 39.335948944388349, 3.466250419721121 ], [ 39.318115234430593, 3.471969842634167 ], [ 39.304534912156498, 3.455821514351442 ], [ 39.299720763902201, 3.442136526279739 ], [ 39.301734924227446, 3.426584005147788 ], [ 39.313522339184658, 3.406771421563917 ], [ 39.328178406208508, 3.288664102966038 ], [ 39.33831024212401, 3.277368306901906 ], [ 39.341743469685412, 3.255357026605566 ], [ 39.346755981403476, 3.070083379644302 ], [ 39.324005127434759, 3.052822828310923 ], [ 39.289325714410268, 3.035298348440051 ], [ 39.249423981431676, 2.995868205553279 ], [ 39.248104095027998, 2.989058971594318 ], [ 39.202167510921925, 2.956905841431478 ], [ 39.147411346556453, 2.952828168685073 ], [ 39.137523651395441, 2.938604592827744 ], [ 39.123561859192478, 2.931319475413488 ], [ 39.116664885576085, 2.914146900259311 ], [ 39.111816406601918, 2.883346318977487 ], [ 39.065071106246592, 2.882312059054357 ], [ 39.065986633176635, 2.73758077623188 ], [ 39.052471161015319, 2.726483583750451 ], [ 39.048267364647188, 2.704153300434541 ], [ 39.035934447916475, 2.689858197897536 ], [ 39.043418883874438, 2.676023006856326 ], [ 38.981697082654307, 2.571247338993544 ], [ 38.976699828834057, 2.566914796580647 ], [ 38.888610839618593, 2.542645216103892 ], [ 38.902313232269933, 2.478314638110135 ], [ 38.914466858358878, 2.440833330593762 ], [ 38.927982331419514, 2.4127748011162 ], [ 38.930713653412454, 2.381384849131507 ], [ 38.93473815913876, 2.372761726672422 ], [ 38.931427001954603, 2.345769167213348 ], [ 38.936149597426038, 2.315845013036949 ], [ 38.926086425648066, 2.284112454426293 ], [ 38.93832778959586, 2.214822530835193 ], [ 38.935844420583578, 2.161199093163646 ], [ 38.954185485771632, 2.106224059892497 ], [ 38.962554931964576, 2.097387790913842 ] ] ] } },
{ "type": "Feature", "properties": { "shapeName": "West Pokot", "shapeISO": "KE-47", "shapeID": "32016919B96045830258165", "shapeGroup": "KEN", "shapeType": "ADM1" }, "geometry": { "type": "Polygon", "coordinates": [ [ [ 34.942775726618549, 2.455468893075022 ], [ 34.92254638640668, 2.452668666825559 ], [ 34.900371551805733, 2.439894915018385 ], [ 34.882888794182577, 2.418741941387509 ], [ 34.879070281768122, 2.397879124122312 ], [ 34.904159545726486, 2.320427894331885 ], [ 34.928157806137904, 2.261112451378551 ], [ 34.961044311845569, 2.198125124175192 ], [ 34.975097655932132, 2.162941933423554 ], [ 34.992347717573182, 2.092884779309145 ], [ 34.963752746991759, 2.063667297108111 ], [ 34.983131408587667, 1.999306082809539 ], [ 34.983856201002936, 1.980616092358844 ], [ 35.025848388292559, 1.924175262178665 ], [ 35.000488280909508, 1.838327407783709 ], [ 34.987815856616521, 1.665248633417718 ], [ 34.942214966047914, 1.576222181008916 ], [ 34.92031860382059, 1.563332914882153 ], [ 34.910045623806525, 1.564167976770761 ], [ 34.902275085626741, 1.552404284130432 ], [ 34.88680648832883, 1.555817246368861 ], [ 34.880527496446859, 1.53602957760296 ], [ 34.863571166875886, 1.526625870587509 ], [ 34.860301971159117, 1.514716863692342 ], [ 34.858417511059315, 1.452630757903194 ], [ 34.852825165049353, 1.450379729640872 ], [ 34.840480804445633, 1.452775955246182 ], [ 34.797271728307692, 1.425327420624001 ], [ 34.788558959628347, 1.416323065657025 ], [ 34.803989410383053, 1.373371004967964 ], [ 34.793243408556521, 1.3608086109287 ], [ 34.829879760742415, 1.309228182035042 ], [ 34.832210540883807, 1.271594405257645 ], [ 34.822292328128469, 1.262590408220831 ], [ 34.910655975692748, 1.284198642053752 ], [ 34.906066893572358, 1.252084971444333 ], [ 34.971965789389742, 1.246246099677819 ], [ 34.993095397734464, 1.257645726069427 ], [ 35.012073516579562, 1.25423967871825 ], [ 35.022987366074119, 1.235164999665074 ], [ 35.044448852132859, 1.215412974629146 ], [ 35.035251617767983, 1.203788161594446 ], [ 35.041694640595267, 1.194463729817301 ], [ 35.057575225416372, 1.182185411827334 ], [ 35.076225280572316, 1.175632238237256 ], [ 35.083084106746185, 1.169204949948551 ], [ 35.08704376235977, 1.183319688053189 ], [ 35.117004394837011, 1.18803656113846 ], [ 35.124248504964612, 1.183783888415746 ], [ 35.152141570876836, 1.199373363589928 ], [ 35.324539184335947, 1.116446853439584 ], [ 35.355613708106205, 1.132036328613708 ], [ 35.543861388792095, 1.285141349193964 ], [ 35.557468414635707, 1.284984946298266 ], [ 35.564430236566238, 1.289912104260225 ], [ 35.575794220127193, 1.291476250128881 ], [ 35.585311889232344, 1.283160090565787 ], [ 35.60801696770892, 1.280057907046796 ], [ 35.61343765292537, 1.282664774559748 ], [ 35.617324828578035, 1.289794802987842 ], [ 35.639190674110353, 1.303187846841695 ], [ 35.673145293820312, 1.315375327909123 ], [ 35.695953368952871, 1.319006561903336 ], [ 35.69910812414065, 1.327397704240695 ], [ 35.695594787669393, 1.328598022181041 ], [ 35.694595336905309, 1.338845252806209 ], [ 35.687568664862056, 1.341201424406279 ], [ 35.691215515583622, 1.342401743245887 ], [ 35.687614441253515, 1.344491123766375 ], [ 35.689502716277389, 1.352737903331615 ], [ 35.687015533240299, 1.357227922430695 ], [ 35.690547943432875, 1.367875218266761 ], [ 35.693840026895771, 1.367653011976984 ], [ 35.692550658985795, 1.372943282006929 ], [ 35.701461792028113, 1.384479760932265 ], [ 35.698261261348193, 1.388125180832503 ], [ 35.702106476432789, 1.400328397337717 ], [ 35.710910796995734, 1.400772930426456 ], [ 35.705753326255035, 1.405707597727485 ], [ 35.710597992103715, 1.412731766957506 ], [ 35.706108094413082, 1.415977120747584 ], [ 35.705753326255035, 1.438383102698083 ], [ 35.710910796995734, 1.441539526128281 ], [ 35.712642670023229, 1.448207974818217 ], [ 35.720024109325209, 1.451542258068798 ], [ 35.722579955600509, 1.461033582433913 ], [ 35.718601227164982, 1.471503138958724 ], [ 35.729225158614213, 1.481461405719358 ], [ 35.728279114089901, 1.486896157231911 ], [ 35.73753356961862, 1.496704339733526 ], [ 35.759235382407041, 1.507846236614569 ], [ 35.761013030926676, 1.518015622822759 ], [ 35.766792297426662, 1.521683335117871 ], [ 35.768039702969986, 1.532825231998913 ], [ 35.774986267002646, 1.543105721351992 ], [ 35.775070190836686, 1.550357699648146 ], [ 35.782741546385296, 1.559804678443186 ], [ 35.786907196210166, 1.602705120744758 ], [ 35.789882659856914, 1.620015263393725 ], [ 35.793159485421938, 1.623627424566052 ], [ 35.779739380068406, 1.630101322917767 ], [ 35.776348113974336, 1.643549442153073 ], [ 35.792350769172685, 1.664263129339986 ], [ 35.784198761064033, 1.663887023867119 ], [ 35.762409210416763, 1.670922279039985 ], [ 35.7200393681224, 1.70710027196003 ], [ 35.7103233337549, 1.70546758156371 ], [ 35.697875975595821, 1.708144308413125 ], [ 35.669837951560282, 1.724316001082627 ], [ 35.656814574932753, 1.73803293667072 ], [ 35.627281188775896, 1.747111797771311 ], [ 35.626556396360684, 1.743375182118996 ], [ 35.617267608313512, 1.745039463000865 ], [ 35.609088898433981, 1.749196410086313 ], [ 35.60182189966099, 1.758238315346034 ], [ 35.5932998645971, 1.75247764592666 ], [ 35.58304595920373, 1.751379847102328 ], [ 35.542179107979507, 1.766465901580148 ], [ 35.524097442343134, 1.768168211194052 ], [ 35.509922027879327, 1.763887883419159 ], [ 35.505100250676094, 1.775396824204108 ], [ 35.492259979614403, 1.78436458126049 ], [ 35.491050720614339, 1.788903951556165 ], [ 35.481739043921777, 1.790889978389828 ], [ 35.481380462638299, 1.79704535036268 ], [ 35.47763061526075, 1.795565128328064 ], [ 35.476989745780202, 1.80341041096176 ], [ 35.463542938655735, 1.808171867937403 ], [ 35.469303131434401, 1.817114949395432 ], [ 35.46437072772693, 1.821136355158728 ], [ 35.468551635449671, 1.830844283037266 ], [ 35.463653564260653, 1.842328430412806 ], [ 35.458816528260229, 1.846127748596757 ], [ 35.449703216830017, 1.845054626270041 ], [ 35.449184417726769, 1.850062727712782 ], [ 35.441658020301475, 1.851899861889137 ], [ 35.365028380555373, 1.928943514431694 ], [ 35.371856689134972, 1.943778394557285 ], [ 35.379173279223494, 1.948011040277322 ], [ 35.373367309154048, 1.966189980183515 ], [ 35.374938965261094, 1.992175817859732 ], [ 35.365795135337294, 2.036210775606833 ], [ 35.340316773400446, 2.125034331968891 ], [ 35.324863434000349, 2.166793584956054 ], [ 35.298042297014433, 2.270692825713411 ], [ 35.271144866942109, 2.31973195036926 ], [ 35.261260986705224, 2.331680774748008 ], [ 35.238971709776649, 2.34351396519736 ], [ 35.232131958223363, 2.351218223342357 ], [ 35.236640931433897, 2.378593445231388 ], [ 35.223316192888035, 2.412045954557186 ], [ 35.226642608869383, 2.432751417444024 ], [ 35.231697082954042, 2.441385507135521 ], [ 35.222568511827433, 2.462265491559208 ], [ 35.220272064204437, 2.4874916080513 ], [ 35.224925994638966, 2.52991843228989 ], [ 35.212860107308131, 2.550737619845336 ], [ 35.198215485056664, 2.591847659441953 ], [ 35.174385071413951, 2.636812210415201 ], [ 35.160537719740034, 2.648239850688583 ], [ 35.137054444407113, 2.646023511975557 ], [ 35.134403228626127, 2.651552915334833 ], [ 35.132354736681805, 2.64891696014962 ], [ 35.127616882413236, 2.62301611919861 ], [ 35.116115569677845, 2.601878881005575 ], [ 35.104835509950874, 2.554755687325155 ], [ 35.110336304077236, 2.528946400056384 ], [ 35.107490539756668, 2.505147218969 ], [ 35.100982665917343, 2.488296746797459 ], [ 35.093345641987867, 2.478560924647013 ], [ 35.069156647061675, 2.462702512610917 ], [ 35.066150664921281, 2.463690520401258 ], [ 35.057781219627657, 2.489420652041531 ], [ 35.031604767046417, 2.537238359762569 ], [ 35.026626586947486, 2.564402341694745 ], [ 35.021572112862771, 2.568258047371046 ], [ 35.016136169748506, 2.567647694585503 ], [ 35.008693695257875, 2.550713777918588 ], [ 35.00445175144722, 2.506867886443843 ], [ 34.997013091880717, 2.478657722276125 ], [ 34.999675750635447, 2.470239400627861 ], [ 35.016124724976123, 2.454564810018041 ], [ 35.022132873433407, 2.443327426719407 ], [ 35.019886017126055, 2.440188646189142 ], [ 35.021404266094066, 2.433785199827184 ], [ 35.008705139130939, 2.424727201199403 ], [ 35.013347625692404, 2.407684802911376 ], [ 35.011684417701758, 2.403591871367837 ], [ 34.971176147761071, 2.436490774229867 ], [ 34.940818786557827, 2.453110933622725 ], [ 34.942775726618549, 2.455468893075022 ] ] ] } },
{ "type": "Feature", "properties": { "shapeName": "Samburu", "shapeISO": "KE-37", "shapeID": "32016919B77230315601578", "shapeGroup": "KEN", "shapeType": "ADM1" }, "geometry": { "type": "Polygon", "coordinates": [ [ [ 36.392063141400911, 0.918773829848419 ], [ 36.391494750982019, 0.912403701569644 ], [ 36.396286010590984, 0.904485940773611 ], [ 36.402385711831187, 0.900484204082773 ], [ 36.417366027620119, 0.902217567286925 ], [ 36.42359924311063, 0.897265493607676 ], [ 36.42267227140826, 0.892801880402487 ], [ 36.428878784228573, 0.884563088615721 ], [ 36.444477080852664, 0.871595085045215 ], [ 36.453594208106267, 0.872762977929142 ], [ 36.460315704206437, 0.869861721841062 ], [ 36.487190247432011, 0.849981725076589 ], [ 36.488826751853139, 0.844969808709777 ], [ 36.48241043079679, 0.81349521882936 ], [ 36.669513702595339, 0.81330567591624 ], [ 36.673019409218398, 0.816652715150724 ], [ 36.687236786048913, 0.817456245009737 ], [ 36.708412170785095, 0.814358651630528 ], [ 36.734676361225127, 0.825043976198572 ], [ 36.756141662207995, 0.858402848112974 ], [ 36.77309417685484, 0.865648806347394 ], [ 36.793354034661036, 0.869399666361574 ], [ 36.815612793095966, 0.855941951360023 ], [ 36.819763183224381, 0.838954329878447 ], [ 36.831596374573053, 0.815230488596228 ], [ 36.834045410167619, 0.800426900381183 ], [ 36.84384918239391, 0.794856071550498 ], [ 36.84087753277197, 0.790008365993344 ], [ 36.856689452556225, 0.763484000786036 ], [ 36.865810394733955, 0.737651109910814 ], [ 36.877674102777689, 0.738051354986112 ], [ 36.881072997820638, 0.733222008189159 ], [ 36.902706145572211, 0.740332961097351 ], [ 36.908443450604807, 0.737483680427545 ], [ 36.910408019614465, 0.728504061313402 ], [ 36.916717529090761, 0.729305684609699 ], [ 36.919883728151603, 0.738091408991352 ], [ 36.931404113708936, 0.742953359809746 ], [ 36.934646606755564, 0.754198491667125 ], [ 36.948074341058032, 0.743995189326597 ], [ 36.966293334969464, 0.742132484726426 ], [ 36.973960875594003, 0.747002244358157 ], [ 36.980594634734643, 0.744531869650132 ], [ 36.996349335153752, 0.750972390563447 ], [ 37.008724211553158, 0.751635372574412 ], [ 37.057880401859109, 0.772219597856179 ], [ 37.063148498204669, 0.766771197332957 ], [ 37.069496155123488, 0.765779137197455 ], [ 37.072368622114254, 0.779133676577942 ], [ 37.103057861031516, 0.78756308596769 ], [ 37.107761382781632, 0.785921395156322 ], [ 37.109970093445099, 0.780806899418906 ], [ 37.117515563692336, 0.783395767001082 ], [ 37.124366760018006, 0.7780602565756 ], [ 37.12834548935291, 0.766631543411052 ], [ 37.13658523532041, 0.759464979125539 ], [ 37.151741027726302, 0.760917246633653 ], [ 37.152400970028793, 0.752992927981268 ], [ 37.161937713754526, 0.751635372574412 ], [ 37.163391114408455, 0.745636880137965 ], [ 37.168567657071776, 0.742669224405233 ], [ 37.174785613765096, 0.745447456834711 ], [ 37.181762695392138, 0.742574513203294 ], [ 37.202190399067717, 0.746520876837053 ], [ 37.20619964599689, 0.741532623431851 ], [ 37.219940185191433, 0.739438413551966 ], [ 37.246864318833275, 0.763000905667298 ], [ 37.256492614442664, 0.764169037770898 ], [ 37.270290374800993, 0.752266764999263 ], [ 37.275024414145435, 0.743805766023343 ], [ 37.289173125939044, 0.736452876599003 ], [ 37.300247192354107, 0.720863699999825 ], [ 37.305194854858712, 0.703158915051915 ], [ 37.326290130685038, 0.668396711339199 ], [ 37.331695556205034, 0.650311172322802 ], [ 37.342662811039929, 0.645780324902148 ], [ 37.343345641987867, 0.63805115193918 ], [ 37.35263824495911, 0.622326255052656 ], [ 37.354206085242708, 0.600250482573756 ], [ 37.363487243441568, 0.599329113647741 ], [ 37.36493682827205, 0.586954831700155 ], [ 37.374492644819782, 0.587602139427247 ], [ 37.391170502017133, 0.576598525001998 ], [ 37.424041748028287, 0.57948374707729 ], [ 37.428012848414255, 0.583175361553742 ], [ 37.447025298878486, 0.580396771194103 ], [ 37.462387084596344, 0.586390674390145 ], [ 37.470287323001628, 0.593337238422862 ], [ 37.477828979224057, 0.588097512989862 ], [ 37.49168395984691, 0.588851750108233 ], [ 37.491523742926461, 0.576723873408071 ], [ 37.502357482611785, 0.575571060356197 ], [ 37.507556915719135, 0.569715738190837 ], [ 37.514282226743433, 0.568089722562718 ], [ 37.524101257766858, 0.570340752623679 ], [ 37.532722472763965, 0.565373659366912 ], [ 37.545780181909947, 0.578169703569017 ], [ 37.557392120250199, 0.570998668753589 ], [ 37.567188262628292, 0.570722102942739 ], [ 37.576503753345605, 0.574617087408683 ], [ 37.581275940132571, 0.572876453185813 ], [ 37.583541870161241, 0.588432907952381 ], [ 37.605846404987631, 0.5915250181651 ], [ 37.618709563795392, 0.600094557218085 ], [ 37.633289336833457, 0.597466588012651 ], [ 37.636497497361688, 0.607525289260764 ], [ 37.641868591262551, 0.612662672744193 ], [ 37.637432098012937, 0.614767015285565 ], [ 37.638576507799655, 0.621441184563082 ], [ 37.643878936663668, 0.62242209940041 ], [ 37.650440215843332, 0.632189810611294 ], [ 37.66507720914592, 0.632763444977058 ], [ 37.673572540640293, 0.641275881576746 ], [ 37.676631927221706, 0.639764606851145 ], [ 37.681159973254239, 0.642581045179156 ], [ 37.682983398165334, 0.651417672987293 ], [ 37.690666197587007, 0.663089096984265 ], [ 37.709068297963654, 0.667237520295373 ], [ 37.713989257798062, 0.660079597595427 ], [ 37.723831176567614, 0.654711127016924 ], [ 37.728752136402022, 0.656500637594377 ], [ 37.729202269569157, 0.661869048817607 ], [ 37.734123230302885, 0.66231644175042 ], [ 37.74665069557318, 0.676184952673452 ], [ 37.757831573568296, 0.672605991773139 ], [ 37.76856994644595, 0.67350071558559 ], [ 37.773937225422685, 0.677974402996369 ], [ 37.78959655723537, 0.672158598840326 ], [ 37.832096099755233, 0.679763913573822 ], [ 37.844623565924906, 0.689606070663672 ], [ 37.842384338566433, 0.703474581586704 ], [ 37.846412658317604, 0.711527228099158 ], [ 37.875045776341551, 0.730316817567143 ], [ 37.872360229840808, 0.735685289044909 ], [ 37.876834869633569, 0.744185327590856 ], [ 37.88846588169514, 0.738816857012409 ], [ 37.912624359027006, 0.71197462103197 ], [ 37.936332702292418, 0.730316817567143 ], [ 37.940361022942909, 0.738816857012409 ], [ 37.958255768089259, 0.751343250290802 ], [ 37.971675873442848, 0.754474818258302 ], [ 37.972122192585175, 0.759843289736068 ], [ 37.98017501806271, 0.769685446825974 ], [ 38.009704590194758, 0.792501390127086 ], [ 38.007465362836285, 0.800106644605989 ], [ 38.011493682587457, 0.803685606405679 ], [ 38.01596450835541, 0.802343547216992 ], [ 38.01551818831382, 0.796975076638546 ], [ 38.024017333832944, 0.796975076638546 ], [ 38.03028106691778, 0.790711880448953 ], [ 38.046833037914439, 0.784448683360097 ], [ 38.049964903557509, 0.778632879204054 ], [ 38.080924987698097, 0.781437694693921 ], [ 38.047512054837512, 0.804962754327676 ], [ 38.030838012564288, 1.085135580442739 ], [ 37.948162078717019, 1.194319248334693 ], [ 37.94529342665038, 1.262880205756915 ], [ 37.950618744159783, 1.386963248655036 ], [ 37.852123260680003, 1.459063530257765 ], [ 37.842658996915247, 1.425801038687041 ], [ 37.831497192641393, 1.425073742559221 ], [ 37.82586669918885, 1.420836330432337 ], [ 37.81698226971605, 1.422923445560627 ], [ 37.810909271145988, 1.418496251301008 ], [ 37.799652099165087, 1.4182748795821 ], [ 37.793579100595082, 1.414132237113108 ], [ 37.78208541860721, 1.419625521001024 ], [ 37.778415680139574, 1.411823392335748 ], [ 37.772953032556472, 1.409726142747331 ], [ 37.768421173398508, 1.413959622138918 ], [ 37.747604369945748, 1.413338184309794 ], [ 37.736728667893772, 1.407395721435421 ], [ 37.709987640717088, 1.407231092441009 ], [ 37.683635712418265, 1.398962378411056 ], [ 37.673927306999644, 1.403134703903504 ], [ 37.657314300814392, 1.395245314020087 ], [ 37.652915955007359, 1.400884151382513 ], [ 37.646743774705499, 1.399164676408759 ], [ 37.629737853818938, 1.38372814623699 ], [ 37.622596740347319, 1.383689523053079 ], [ 37.621459961308233, 1.376938104709836 ], [ 37.606693267780145, 1.376154184568009 ], [ 37.598045349213521, 1.391553520578555 ], [ 37.595741271742327, 1.384574532388797 ], [ 37.589370727976757, 1.379087328817207 ], [ 37.587448120434487, 1.368239521936459 ], [ 37.579433442399477, 1.365281104939072 ], [ 37.582138061722219, 1.370844006245932 ], [ 37.577106475383573, 1.37992179355598 ], [ 37.557804107773393, 1.396206855661887 ], [ 37.469196318555305, 1.554285049815235 ], [ 37.442989349279117, 1.58736789191471 ], [ 37.350547790648079, 1.742138147557512 ], [ 37.306106567763948, 1.765452146199607 ], [ 37.265975951928681, 1.878764033233608 ], [ 37.244483947376295, 1.882682204020568 ], [ 37.232097625305244, 1.90022385104993 ], [ 37.190864562949287, 1.930424451427314 ], [ 37.180767059552181, 1.949714183562776 ], [ 37.179531096982601, 1.959178209007177 ], [ 37.174919128015404, 1.958213805722608 ], [ 37.150897979857916, 1.967918872857751 ], [ 37.129772186437322, 1.970993280815321 ], [ 37.096679687417691, 1.983247995198894 ], [ 37.007160187093007, 1.985098838640511 ], [ 36.950012207397492, 2.025108575700244 ], [ 36.93989944430399, 2.024752616839862 ], [ 36.924373626741556, 2.016705036208521 ], [ 36.915756225769258, 2.018022537610079 ], [ 36.921024322114818, 2.058295249925891 ], [ 36.918247222831098, 2.083470105960657 ], [ 36.919994354655785, 2.099529265563206 ], [ 36.912746429604113, 2.100030421766576 ], [ 36.915287017981541, 2.125653266984727 ], [ 36.903026581211805, 2.156668424708073 ], [ 36.896942138768736, 2.191725015197335 ], [ 36.865791321012694, 2.253846167566621 ], [ 36.843517303780573, 2.274761677009849 ], [ 36.756698608753823, 2.516061305884591 ], [ 36.753997802556569, 2.516560792946279 ], [ 36.714088439729778, 2.508513212314938 ], [ 36.707901000630727, 2.508349418790715 ], [ 36.704364776413342, 2.513197183703141 ], [ 36.699718474927749, 2.512368439551892 ], [ 36.703365325649315, 2.479040861346732 ], [ 36.697471618620341, 2.466224671431462 ], [ 36.698600768710548, 2.45512175566455 ], [ 36.684345245336829, 2.45793175664528 ], [ 36.671119690321518, 2.445458173356087 ], [ 36.65624618521332, 2.41982555430593 ], [ 36.65069580067069, 2.419414281743741 ], [ 36.646892547952802, 2.413417339738487 ], [ 36.643497466934605, 2.418283463411171 ], [ 36.643363952684297, 2.405775546704149 ], [ 36.637912749873578, 2.391828298337373 ], [ 36.639217376580689, 2.410984277902173 ], [ 36.633937834563483, 2.405329943422203 ], [ 36.630271911919237, 2.412903308840669 ], [ 36.622116088886457, 2.415473462430384 ], [ 36.618999481141202, 2.399812937217348 ], [ 36.608886718946962, 2.396557331155975 ], [ 36.600894927758759, 2.40573596933956 ], [ 36.600963592795608, 2.360014199995362 ], [ 36.723712921314302, 2.300974130351904 ], [ 36.721103667900024, 2.286027908761014 ], [ 36.722816467206258, 2.275006532725342 ], [ 36.70657348617749, 2.261944293694228 ], [ 36.713348389416694, 2.254025220787355 ], [ 36.71375656111644, 2.247820615429134 ], [ 36.709102630681912, 2.237669945011987 ], [ 36.711307526421251, 2.224390029576227 ], [ 36.699878692747518, 2.218267202269601 ], [ 36.700775146855619, 2.198837041896013 ], [ 36.681755065643813, 2.193367242904003 ], [ 36.656280517731773, 2.17336559304772 ], [ 36.636199950567345, 2.163895368576448 ], [ 36.61938095107007, 2.161283016098366 ], [ 36.60990905655774, 2.156139612553147 ], [ 36.612442016885609, 2.162180900128476 ], [ 36.60966491670257, 2.162589073626918 ], [ 36.594482421626481, 2.146506310417919 ], [ 36.586887360063656, 2.145608187168136 ], [ 36.579109192035617, 2.120795488121303 ], [ 36.563541412106531, 2.103808880175734 ], [ 36.568111419606396, 2.05800914770407 ], [ 36.555656433397758, 2.048841953393492 ], [ 36.549251556214415, 2.031476497942094 ], [ 36.544845580559127, 2.030496598439299 ], [ 36.547782897662671, 2.025353431415795 ], [ 36.543457030917295, 2.022659301785382 ], [ 36.546478271854824, 2.017189502793372 ], [ 36.546115875647217, 2.007101059166587 ], [ 36.540191650124598, 2.006739616240338 ], [ 36.539134979096048, 2.001913309151917 ], [ 36.541961669695354, 1.988863468174543 ], [ 36.537727355732954, 1.971174239699451 ], [ 36.529502868562588, 1.963949084582623 ], [ 36.526515961042833, 1.953485130834167 ], [ 36.528755188401249, 1.952239394432581 ], [ 36.536231995410333, 1.963699937302295 ], [ 36.538475036793557, 1.956973075846804 ], [ 36.534984588967632, 1.946259856107531 ], [ 36.538223266190812, 1.942771911994214 ], [ 36.535984039731716, 1.931560396794907 ], [ 36.539470672633513, 1.926577568100356 ], [ 36.533988952228412, 1.906646132812853 ], [ 36.53647995018963, 1.8986735340564 ], [ 36.535236358671057, 1.894936323052889 ], [ 36.524024963081615, 1.892195820780557 ], [ 36.523277282920333, 1.883226632902847 ], [ 36.512065887330891, 1.879489421899336 ], [ 36.511566161948849, 1.876499772346676 ], [ 36.509822845048291, 1.859557986611833 ], [ 36.512813568391493, 1.855820774709059 ], [ 36.512065887330891, 1.849592208713489 ], [ 36.518043518193849, 1.853080272436671 ], [ 36.523025512317588, 1.8463534118805 ], [ 36.517543792811864, 1.835391044860899 ], [ 36.521530151095646, 1.831903099848205 ], [ 36.519290923737174, 1.824927092011762 ], [ 36.511318207169552, 1.825923562422531 ], [ 36.513557435427344, 1.815957904133995 ], [ 36.519290923737174, 1.805992126235708 ], [ 36.527263641204115, 1.807736158097271 ], [ 36.529502868562588, 1.805244684394722 ], [ 36.529254912883971, 1.799763560240137 ], [ 36.524768829218146, 1.797272087436909 ], [ 36.525516510278806, 1.791790962383061 ], [ 36.518543243575891, 1.791292667822404 ], [ 36.522277832156306, 1.786060690948204 ], [ 36.519538879415791, 1.778586387651728 ], [ 36.513557435427344, 1.776842355790109 ], [ 36.517795563414552, 1.773354292066983 ], [ 36.516548156971908, 1.765132665640067 ], [ 36.507579803665067, 1.771361231635581 ], [ 36.508827209208391, 1.765630840590859 ], [ 36.515052795749966, 1.760648011896308 ], [ 36.513309478849408, 1.756163477762357 ], [ 36.518791198355188, 1.759402274595345 ], [ 36.519290923737174, 1.766627430611493 ], [ 36.521530151095646, 1.766627430611493 ], [ 36.524024963081615, 1.765630840590859 ], [ 36.525268554600189, 1.754917739562075 ], [ 36.51380920423145, 1.748440027185552 ], [ 36.519039154033806, 1.745948552583684 ], [ 36.518543243575891, 1.740965723889076 ], [ 36.513557435427344, 1.739969134767819 ], [ 36.505588531085891, 1.73124909417038 ], [ 36.504840850924609, 1.721532463552421 ], [ 36.499359131418828, 1.717546224878447 ], [ 36.50085449174145, 1.70857703700068 ], [ 36.484161376646284, 1.702846765565823 ], [ 36.485404968164801, 1.682915210668511 ], [ 36.477931976079901, 1.677434087413246 ], [ 36.478927611919801, 1.668464898636216 ], [ 36.46995925861296, 1.658250093067409 ], [ 36.470458983994945, 1.643301487373776 ], [ 36.461986542045338, 1.622373462065696 ], [ 36.465473174947135, 1.614650010589571 ], [ 36.453514099196354, 1.612407684167351 ], [ 36.446788788172114, 1.618387102882537 ], [ 36.440311431927114, 1.61564648189966 ], [ 36.436824799025317, 1.602940201728984 ], [ 36.431091308916848, 1.597957373034376 ], [ 36.431343078620216, 1.584503651022715 ], [ 36.426357269572406, 1.583257913721809 ], [ 36.424365996993231, 1.573541284003113 ], [ 36.409915924180609, 1.561084151112709 ], [ 36.40568161021821, 1.545388102678828 ], [ 36.393470763864741, 1.522716046408448 ], [ 36.385002135939885, 1.522716046408448 ], [ 36.383506774717944, 1.531186937926918 ], [ 36.379272460755487, 1.533179998358264 ], [ 36.372047424349205, 1.547879457670888 ], [ 36.369304656684619, 1.563575506104769 ], [ 36.374786377089663, 1.584752798303043 ], [ 36.372295380027822, 1.592227101599519 ], [ 36.366813659622721, 1.595715045712836 ], [ 36.35784530631588, 1.58774244785576 ], [ 36.36183166459972, 1.575285315864676 ], [ 36.360088348598481, 1.572046399421822 ], [ 36.340904236441418, 1.570800662120917 ], [ 36.339904784778071, 1.578025818137064 ], [ 36.336917877258259, 1.571548103961902 ], [ 36.325454711965449, 1.566565275267294 ], [ 36.312000274992727, 1.550620078653765 ], [ 36.299793243563386, 1.542149186236031 ], [ 36.296058654982971, 1.533179998358264 ], [ 36.293815612700428, 1.502037048770831 ], [ 36.297550201280842, 1.488334178579521 ], [ 36.286590576294088, 1.469897627873252 ], [ 36.288581847973944, 1.463918209158066 ], [ 36.31822967555911, 1.469897627873252 ], [ 36.347877502245012, 1.438754677386498 ], [ 36.355850219711897, 1.436014056403621 ], [ 36.358341216773795, 1.439502120126804 ], [ 36.368808746226705, 1.439003825566147 ], [ 36.389484405580902, 1.444983244281332 ], [ 36.417140960586892, 1.417577504798032 ], [ 36.426856994954392, 1.415086031095484 ], [ 36.427604675115731, 1.408110022359665 ], [ 36.447288513554099, 1.412096261933016 ], [ 36.455009460418296, 1.398144245360697 ], [ 36.460990906205382, 1.403376340945442 ], [ 36.466472625711162, 1.398642539921354 ], [ 36.465724944650503, 1.387431144331913 ], [ 36.458248139440116, 1.368745326735507 ], [ 36.453266144417057, 1.369243622195484 ], [ 36.437568664262471, 1.360025287037388 ], [ 36.43507766720063, 1.352052688280992 ], [ 36.422370910389247, 1.347817301427369 ], [ 36.421127319770051, 1.336854934407768 ], [ 36.410163878959906, 1.328633307980851 ], [ 36.40568161021821, 1.318916678262156 ], [ 36.394470214628768, 1.316923499120264 ], [ 36.390483856344929, 1.312937260446233 ], [ 36.395713806147285, 1.307954311242497 ], [ 36.401943206713668, 1.308203459422145 ], [ 36.403438567935609, 1.300480007946078 ], [ 36.415893555043567, 1.298486948413995 ], [ 36.419384002869492, 1.294500589230836 ], [ 36.432586670138789, 1.304217218949532 ], [ 36.437820434865216, 1.302722335267617 ], [ 36.435577392582672, 1.289517761435604 ], [ 36.450775145556577, 1.272575974801441 ], [ 36.450027465395237, 1.266098260626279 ], [ 36.453514099196354, 1.26161360778184 ], [ 36.453514099196354, 1.254388451765692 ], [ 36.446289062790072, 1.251149654033327 ], [ 36.438568115026555, 1.261364459602191 ], [ 36.430095672177572, 1.267343997927185 ], [ 36.422870635771289, 1.267094850646913 ], [ 36.408172607280051, 1.279053688077283 ], [ 36.404186248996268, 1.272575974801441 ], [ 36.394966125086682, 1.276811361655064 ], [ 36.395961761825902, 1.269586205638916 ], [ 36.390979766802843, 1.269586205638916 ], [ 36.387741088680343, 1.263357639643402 ], [ 36.403934478393523, 1.251398802212975 ], [ 36.409667969401312, 1.260118841911094 ], [ 36.413402557082406, 1.259620547350437 ], [ 36.413402557082406, 1.246665001188887 ], [ 36.421627044252716, 1.236699342900408 ], [ 36.418136596426848, 1.226982713181712 ], [ 36.414150238143009, 1.226484417721736 ], [ 36.41240692124245, 1.232463836436978 ], [ 36.409416198798567, 1.228975892323604 ], [ 36.398704528591168, 1.226733565002064 ], [ 36.393970489246726, 1.220006704445893 ], [ 36.397956848429885, 1.206802129714561 ], [ 36.396411895892356, 1.193984389368097 ], [ 36.394718170307385, 1.190109491260046 ], [ 36.38699340941838, 1.18662142843624 ], [ 36.391479492184885, 1.184379219825189 ], [ 36.392227173245487, 1.173167706424579 ], [ 36.41464996442437, 1.181638598842312 ], [ 36.418636321808833, 1.18662142843624 ], [ 36.431591034298833, 1.177901507448667 ], [ 36.438568115026555, 1.177652359269018 ], [ 36.442302703606913, 1.17291855824493 ], [ 36.440063476248497, 1.16145801537516 ], [ 36.43507766720063, 1.156225919790415 ], [ 36.435577392582672, 1.143021345059083 ], [ 36.433334350300072, 1.141526459578472 ], [ 36.444797515592938, 1.113373279153564 ], [ 36.438816070705172, 1.101912737183113 ], [ 36.437320708583911, 1.086465835130241 ], [ 36.444049835431599, 1.073261141688363 ], [ 36.440559387605731, 1.067281722973178 ], [ 36.443798064828854, 1.055322886442127 ], [ 36.44155502344563, 1.042865753551723 ], [ 36.453514099196354, 1.01471245261763 ], [ 36.453151702988748, 0.997473061432686 ], [ 36.458587646103013, 0.996696591274713 ], [ 36.459365844757997, 0.978449702192052 ], [ 36.448493957630092, 0.98039084656034 ], [ 36.445777892635704, 0.999802470107966 ], [ 36.439563750866455, 1.002520084634227 ], [ 36.4453887937579, 0.984273195551566 ], [ 36.442668914738704, 0.971073329670503 ], [ 36.417823792434149, 0.936908960180403 ], [ 36.392063141400911, 0.918773829848419 ] ] ] } },
{ "type": "Feature", "properties": { "shapeName": "Isiolo", "shapeISO": "KE-09", "shapeID": "32016919B62684442090944", "shapeGroup": "KEN", "shapeType": "ADM1" }, "geometry": { "type": "Polygon", "coordinates": [ [ [ 37.94529342665038, 1.262880205756915 ], [ 37.948162078717019, 1.194319248334693 ], [ 38.030838012564288, 1.085135580442739 ], [ 38.047512054837512, 0.804962754327676 ], [ 38.080387115772851, 0.780422330426234 ], [ 38.049964903557509, 0.778632879204054 ], [ 38.046833037914439, 0.784448683360097 ], [ 38.03028106691778, 0.790711880448953 ], [ 38.024017333832944, 0.796975076638546 ], [ 38.01551818831382, 0.796975076638546 ], [ 38.01596450835541, 0.802343547216992 ], [ 38.011493682587457, 0.803685606405679 ], [ 38.007465362836285, 0.800106644605989 ], [ 38.009704590194758, 0.792501390127086 ], [ 37.98017501806271, 0.769685446825974 ], [ 37.972122192585175, 0.759843289736068 ], [ 37.971675873442848, 0.754474818258302 ], [ 37.958255768089259, 0.751343250290802 ], [ 37.940361022942909, 0.738816857012409 ], [ 37.936332702292418, 0.730316817567143 ], [ 37.912624359027006, 0.71197462103197 ], [ 37.88846588169514, 0.738816857012409 ], [ 37.876834869633569, 0.744185327590856 ], [ 37.872360229840808, 0.735685289044909 ], [ 37.875045776341551, 0.730316817567143 ], [ 37.846412658317604, 0.711527228099158 ], [ 37.842384338566433, 0.703474581586704 ], [ 37.844623565924906, 0.689606070663672 ], [ 37.832096099755233, 0.679763913573822 ], [ 37.78959655723537, 0.672158598840326 ], [ 37.773937225422685, 0.677974402996369 ], [ 37.76856994644595, 0.67350071558559 ], [ 37.757831573568296, 0.672605991773139 ], [ 37.74665069557318, 0.676184952673452 ], [ 37.734123230302885, 0.66231644175042 ], [ 37.729202269569157, 0.661869048817607 ], [ 37.728752136402022, 0.656500637594377 ], [ 37.723831176567614, 0.654711127016924 ], [ 37.713989257798062, 0.660079597595427 ], [ 37.709068297963654, 0.667237520295373 ], [ 37.690666197587007, 0.663089096984265 ], [ 37.682983398165334, 0.651417672987293 ], [ 37.681159973254239, 0.642581045179156 ], [ 37.676631927221706, 0.639764606851145 ], [ 37.673572540640293, 0.641275881576746 ], [ 37.66507720914592, 0.632763444977058 ], [ 37.650440215843332, 0.632189810611294 ], [ 37.643878936663668, 0.62242209940041 ], [ 37.638576507799655, 0.621441184563082 ], [ 37.637432098012937, 0.614767015285565 ], [ 37.641868591262551, 0.612662672744193 ], [ 37.636497497361688, 0.607525289260764 ], [ 37.632839202767059, 0.597183942784795 ], [ 37.618709563795392, 0.600094557218085 ], [ 37.605846404987631, 0.5915250181651 ], [ 37.583541870161241, 0.588432907952381 ], [ 37.583347320722339, 0.574913144226286 ], [ 37.580860137685249, 0.572765529006006 ], [ 37.576503753345605, 0.574617087408683 ], [ 37.567188262628292, 0.570722102942739 ], [ 37.557392120250199, 0.570998668753589 ], [ 37.544990539381956, 0.577972352741938 ], [ 37.531898498616897, 0.565242051679377 ], [ 37.524101257766858, 0.570340752623679 ], [ 37.514282226743433, 0.568089722562718 ], [ 37.507556915719135, 0.569715738190837 ], [ 37.502357482611785, 0.575571060356197 ], [ 37.492279052935999, 0.576189101445948 ], [ 37.49168395984691, 0.588851750108233 ], [ 37.477828979224057, 0.588097512989862 ], [ 37.470287323001628, 0.593337238422862 ], [ 37.462387084596344, 0.586390674390145 ], [ 37.447025298878486, 0.580396771194103 ], [ 37.428012848414255, 0.583175361553742 ], [ 37.424041748028287, 0.57948374707729 ], [ 37.391170502017133, 0.576598525001998 ], [ 37.374492644819782, 0.587602139427247 ], [ 37.36493682827205, 0.586954831700155 ], [ 37.363487243441568, 0.599329113647741 ], [ 37.353931426893894, 0.600699842323934 ], [ 37.352828978574564, 0.62156480537152 ], [ 37.343345641987867, 0.63805115193918 ], [ 37.342662811039929, 0.645780324902148 ], [ 37.331695556205034, 0.650311172322802 ], [ 37.326290130685038, 0.668396711339199 ], [ 37.305194854858712, 0.703158915051915 ], [ 37.300247192354107, 0.720863699999825 ], [ 37.289173125939044, 0.736452876599003 ], [ 37.275024414145435, 0.743805766023343 ], [ 37.270290374800993, 0.752266764999263 ], [ 37.257408142272027, 0.763632297192828 ], [ 37.246864318833275, 0.763000905667298 ], [ 37.219940185191433, 0.739438413551966 ], [ 37.20619964599689, 0.741532623431851 ], [ 37.202190399067717, 0.746520876837053 ], [ 37.181762695392138, 0.742574513203294 ], [ 37.174785613765096, 0.745447456834711 ], [ 37.168567657071776, 0.742669224405233 ], [ 37.163391114408455, 0.745636880137965 ], [ 37.161937713754526, 0.751635372574412 ], [ 37.152400970028793, 0.752992927981268 ], [ 37.151741027726302, 0.760917246633653 ], [ 37.13658523532041, 0.759464979125539 ], [ 37.12834548935291, 0.766631543411052 ], [ 37.124366760018006, 0.7780602565756 ], [ 37.117515563692336, 0.783395767001082 ], [ 37.109970093445099, 0.780806899418906 ], [ 37.107761382781632, 0.785921395156322 ], [ 37.102172851695798, 0.787468373866432 ], [ 37.092826843384159, 0.782701195403888 ], [ 37.072368622114254, 0.779133676577942 ], [ 37.069496155123488, 0.765779137197455 ], [ 37.063148498204669, 0.766771197332957 ], [ 37.057880401859109, 0.772219597856179 ], [ 37.008724211553158, 0.751635372574412 ], [ 36.996349335153752, 0.750972390563447 ], [ 36.980594634734643, 0.744531869650132 ], [ 36.974437713229918, 0.747057557160588 ], [ 36.966293334969464, 0.742132484726426 ], [ 36.948074341058032, 0.743995189326597 ], [ 36.934371948406749, 0.75400316701257 ], [ 36.931285858255819, 0.733282268162213 ], [ 36.927257537605328, 0.728904187678154 ], [ 36.92712402335502, 0.676599561720423 ], [ 36.923748016058141, 0.665321946350787 ], [ 36.921340942830284, 0.660608589614753 ], [ 36.913402556982476, 0.661257386619127 ], [ 36.912582397759479, 0.650628565555905 ], [ 36.90819549582551, 0.643606245332023 ], [ 36.909606933213468, 0.632710277957017 ], [ 36.897624969716617, 0.630729795443756 ], [ 36.893512726131462, 0.621994138119021 ], [ 36.890174865377787, 0.623127460164199 ], [ 36.888057708396559, 0.609621644023719 ], [ 36.883590697552677, 0.61311835023173 ], [ 36.879177093847829, 0.605358123678513 ], [ 36.867050171328401, 0.596947371623969 ], [ 36.867652893366369, 0.578731834706446 ], [ 36.864368438852409, 0.565753936794806 ], [ 37.369049071857205, 0.511553108289377 ], [ 37.359500885157786, 0.500202297997703 ], [ 37.35988998403559, 0.473972111823571 ], [ 37.348876952809178, 0.455824315439827 ], [ 37.348278045695281, 0.439485967603389 ], [ 37.354099273662598, 0.411084592280133 ], [ 37.362529755044193, 0.407354206231673 ], [ 37.368820190799227, 0.395193159836481 ], [ 37.370040893672353, 0.38196271700582 ], [ 37.379341125592532, 0.376889408419515 ], [ 37.378120422719405, 0.36368384982984 ], [ 37.383644103692461, 0.355775445580377 ], [ 37.391895294432345, 0.353128969226589 ], [ 37.391101836980226, 0.324639171660465 ], [ 37.393692016673299, 0.316233366776487 ], [ 37.391178130966011, 0.312204568586026 ], [ 37.395553589026974, 0.299521237315275 ], [ 37.392196654552038, 0.296512067078254 ], [ 37.394039154083771, 0.289449215309105 ], [ 37.38822936998946, 0.285652131041047 ], [ 37.385826110786411, 0.274423509837163 ], [ 37.399547577159012, 0.283995300143033 ], [ 37.399509429716488, 0.296196460798058 ], [ 37.427787779582388, 0.297800420553017 ], [ 37.46417999281249, 0.282956779232052 ], [ 37.537052154433411, 0.263980537272005 ], [ 37.547664642009693, 0.279069423714986 ], [ 37.550388335953016, 0.306167871150365 ], [ 37.547332763396355, 0.31476640704409 ], [ 37.552684783575955, 0.324028193846118 ], [ 37.555461883758994, 0.327821403834776 ], [ 37.580825806066173, 0.327518999602205 ], [ 37.592170715006546, 0.340099424149173 ], [ 37.603240965598161, 0.360731303606826 ], [ 37.598758697755727, 0.401491880146182 ], [ 37.585628510447464, 0.401720643393048 ], [ 37.581439971977204, 0.420016854893959 ], [ 37.581188202273779, 0.460687458759253 ], [ 37.586593627793718, 0.468628108200676 ], [ 37.584430694421087, 0.474381863632175 ], [ 37.586460114442787, 0.481161356111727 ], [ 37.825977325693088, 0.561775206560583 ], [ 38.061294554600067, 0.667436599619407 ], [ 38.094577789033792, 0.563133180152192 ], [ 38.176544189262984, 0.330056488915886 ], [ 38.195899963112879, 0.322502225996971 ], [ 38.196510314999102, 0.228681355560184 ], [ 38.198852539013501, 0.225171566015035 ], [ 38.201835633407825, 0.226349398206196 ], [ 38.221431732188762, 0.216319963595481 ], [ 38.229000091980708, 0.216486528830274 ], [ 38.239871979108614, 0.2061596659359 ], [ 38.244190216005734, 0.207111448134867 ], [ 38.262763977175837, 0.192239820811153 ], [ 38.267211914298457, 0.182067632315409 ], [ 38.279144287378983, 0.176916092603619 ], [ 38.298667907997583, 0.160105198695987 ], [ 38.306983947950869, 0.131742030170585 ], [ 38.305389404097753, 0.12243833406194 ], [ 38.308235168418321, 0.113551050140927 ], [ 38.31224441534755, 0.109553552854209 ], [ 38.319240569796534, 0.10862556132065 ], [ 38.322071075319911, 0.099916732571216 ], [ 38.329830169626689, 0.096716359272591 ], [ 38.324821471933433, 0.078001901866344 ], [ 38.341033935367875, 0.069221690328789 ], [ 38.341201782136579, 0.062261764169136 ], [ 38.34989929201879, 0.062725760385604 ], [ 38.345081329739628, 0.046164709833533 ], [ 38.357643128427696, 0.039978113399286 ], [ 38.355171203288478, 0.032708860925254 ], [ 38.357856750688541, 0.0220012853311 ], [ 38.366424560345251, 0.016671292246372 ], [ 38.37200546158283, 0.007117754580747 ], [ 38.377666474428281, 0.005916128126842 ], [ 38.380069732732011, -0.001900401382386 ], [ 38.394786834944512, -0.007563518641405 ], [ 38.393562317147257, -0.010778603050028 ], [ 38.401592254878722, -0.014118934241367 ], [ 38.400772094756405, -0.021910269243506 ], [ 38.407363892429771, -0.027122687661858 ], [ 38.404769897812571, -0.028145857145546 ], [ 38.406684876405961, -0.041363760728927 ], [ 38.413551330629446, -0.050770405829496 ], [ 38.410575866982754, -0.055660534206254 ], [ 38.412254333770534, -0.063288308608492 ], [ 38.42790603663434, -0.074009842580097 ], [ 38.434524536078527, -0.07474152739951 ], [ 38.43822097811568, -0.070238396185005 ], [ 38.454017639102801, -0.084193937200382 ], [ 38.462501525824791, -0.083896502621428 ], [ 38.482196808136223, -0.07474152739951 ], [ 38.489986420037326, -0.058769396990044 ], [ 38.501739501576765, -0.061827003813107 ], [ 38.511810302303672, -0.058775343307389 ], [ 38.521614075429284, -0.061832952828468 ], [ 38.531803130709989, -0.053903397423824 ], [ 38.530952453892667, -0.04204773561446 ], [ 38.541339874435721, -0.042166706028638 ], [ 38.542789459266203, -0.030840472409807 ], [ 38.549823761157711, -0.017777230634636 ], [ 38.554874420318299, -0.015475102893618 ], [ 38.569381714294707, -0.017194264004047 ], [ 38.602748870763833, -0.033023629736704 ], [ 38.609207153287571, -0.028038656159026 ], [ 38.61275863630209, -0.028746547615015 ], [ 38.639701843665193, -0.052142597702698 ], [ 38.649490356195031, -0.051904652377743 ], [ 38.657932281449689, -0.045069650144171 ], [ 38.683242798416472, -0.05373683578631 ], [ 38.690532684036214, -0.039680167805443 ], [ 38.697975159426107, -0.048751864906592 ], [ 38.714595794560296, -0.060042407131334 ], [ 38.752094269235215, -0.071689866893792 ], [ 38.768684386775078, -0.068745285066825 ], [ 38.761119842806579, -0.062613242407167 ], [ 38.76612091065158, -0.053753416586858 ], [ 38.753402709967133, -0.047180001056176 ], [ 38.75497436517486, -0.037034074562825 ], [ 38.739116668999145, 0.006177234591746 ], [ 38.739959716867475, 0.016771263582996 ], [ 38.732658385576087, 0.040829419741954 ], [ 38.729366302113192, 0.06822194908375 ], [ 38.733417511409073, 0.138750329963784 ], [ 38.736625671037928, 0.14896447992686 ], [ 38.75673675579668, 0.173085957351077 ], [ 38.755554198567438, 0.192353576056746 ], [ 38.689037322814272, 0.451632946803102 ], [ 38.678569793361305, 0.476049840727626 ], [ 38.676414489836873, 0.49462106940689 ], [ 38.673206329308698, 0.499496012730845 ], [ 38.665367126092065, 0.501959384418114 ], [ 38.661701203447819, 0.50906383972449 ], [ 38.679496765063732, 0.507590830252639 ], [ 38.694404601791007, 0.510103522559575 ], [ 38.70495224015383, 0.506353497116265 ], [ 38.709617613562045, 0.51274234028682 ], [ 38.722370147664208, 0.510979175348723 ], [ 38.720748901140951, 0.52059221306024 ], [ 38.724380493065382, 0.524468302770003 ], [ 38.735958099786501, 0.518079459599448 ], [ 38.74395751992364, 0.52290737557496 ], [ 38.751323700428486, 0.523097753958211 ], [ 38.75568008386881, 0.514919579175285 ], [ 38.766342162760679, 0.510998189714712 ], [ 38.768474579438362, 0.516080737036418 ], [ 38.774337768873011, 0.516575634857702 ], [ 38.785739898977226, 0.52677875733383 ], [ 38.791336059911316, 0.539056777648227 ], [ 38.799007414560606, 0.541874110801643 ], [ 38.801803587565587, 0.548498511597074 ], [ 38.807476043384725, 0.551391900415922 ], [ 38.815662384011887, 0.569114148399251 ], [ 38.824989318602206, 0.579602838000596 ], [ 38.859424590872209, 0.599190534415698 ], [ 38.870922088683471, 0.600009083852171 ], [ 38.875511169005279, 0.594355464333262 ], [ 38.891918182777943, 0.594374537155204 ], [ 38.894794463793517, 0.598086476309902 ], [ 38.902313232269933, 0.596335173429566 ], [ 38.9105186466183, 0.59896212819973 ], [ 38.925804138350372, 0.605986297429752 ], [ 38.935455322605094, 0.625669181687442 ], [ 38.939830779766737, 0.628448367398278 ], [ 38.94588470461548, 0.625992774846736 ], [ 38.952167511421578, 0.628772019912844 ], [ 38.959381103954854, 0.624355734429628 ], [ 38.977466583615978, 0.621309995959621 ], [ 38.985992431805357, 0.626087963588702 ], [ 39.009674072400571, 0.624433398082886 ], [ 39.013015747179054, 0.639710247330072 ], [ 39.020469666442011, 0.640851676763532 ], [ 39.023342133432777, 0.645313204440868 ], [ 39.02195358289157, 0.655104696424644 ], [ 39.025856018240688, 0.663837314040848 ], [ 39.033374786717104, 0.664836645195066 ], [ 39.053462981931148, 0.685847282226348 ], [ 39.085067748677716, 0.675139726417285 ], [ 39.096870422432119, 0.680017650094499 ], [ 39.100990294966209, 0.68905955535422 ], [ 39.113990783847669, 0.691022634187277 ], [ 39.131286620980802, 0.688024521114812 ], [ 39.140949249108587, 0.690427780317862 ], [ 39.147605895995355, 0.706322551044934 ], [ 39.162929535169951, 0.713460921584328 ], [ 39.167564391883218, 0.719195425228747 ], [ 39.175182342091489, 0.720932483747163 ], [ 39.179241180336248, 0.751164973184984 ], [ 39.201416015836514, 0.793005407073906 ], [ 39.223819732394759, 0.818684518375846 ], [ 39.235679626413685, 0.844230413103105 ], [ 39.311561584199808, 0.924019992628587 ], [ 39.358249664290611, 0.953438163040857 ], [ 39.454761505039471, 0.989491760836131 ], [ 39.460597991803922, 0.994539797573623 ], [ 39.462245940997434, 0.997088312575613 ], [ 39.39775466944252, 1.146268248381034 ], [ 39.274257659863167, 1.467803597857824 ], [ 39.447166442577327, 1.527206540349596 ], [ 39.438507080137697, 1.529489159996785 ], [ 39.415866851773842, 1.550424218003286 ], [ 39.399967193231419, 1.552981138069129 ], [ 39.394771575947516, 1.565242290699189 ], [ 39.387424469163989, 1.565804361582082 ], [ 39.386043547571717, 1.574448824054059 ], [ 39.373443603239764, 1.585268020802573 ], [ 39.357978820865924, 1.610060334017248 ], [ 39.348396301648052, 1.617958068709925 ], [ 39.345310210597802, 1.625970244830967 ], [ 39.339958191317521, 1.625627517695818 ], [ 39.336875915191399, 1.631239175747396 ], [ 39.326160430959192, 1.635067820823338 ], [ 39.31903076136058, 1.644280314884668 ], [ 39.313446045198873, 1.643246054961537 ], [ 39.308307647280174, 1.654529690392962 ], [ 39.300498962557128, 1.654689669892377 ], [ 39.27524185183006, 1.673466444021244 ], [ 39.265895844417742, 1.673568487395812 ], [ 39.254322051721374, 1.68318355127991 ], [ 39.236362457361565, 1.688781500066227 ], [ 39.23048782315459, 1.694736242283795 ], [ 39.213848114299083, 1.697362422737683 ], [ 39.180347442680386, 1.753380178552447 ], [ 39.170120239057837, 1.791146635908547 ], [ 39.143993377792185, 1.830444693567813 ], [ 39.144729614080461, 1.841910839213881 ], [ 39.13109207244122, 1.866200446693313 ], [ 39.122711180576573, 1.873939037356763 ], [ 39.112106322848547, 1.877880453819955 ], [ 39.102012634375626, 1.889970302687345 ], [ 39.095111846734369, 1.889967798974794 ], [ 39.068477630238476, 1.914603829802957 ], [ 39.063343048143224, 1.928188681962126 ], [ 39.05416488660029, 1.933628558711064 ], [ 39.035053254404204, 1.967102647269428 ], [ 39.019714356432473, 1.977415323358514 ], [ 38.994194030330277, 2.009578466573032 ], [ 38.98955917361701, 2.027817010846434 ], [ 38.992946624786953, 2.040202140416511 ], [ 38.984260558777805, 2.053336859408603 ], [ 38.985305785933349, 2.069636107420479 ], [ 38.962554931964576, 2.097387790913842 ], [ 38.383167266756004, 1.761282920670283 ], [ 38.339664459447306, 1.577415824181003 ], [ 37.94529342665038, 1.262880205756915 ] ] ] } },
{ "type": "Feature", "properties": { "shapeName": "Baringo", "shapeISO": "KE-01", "shapeID": "32016919B50719068904883", "shapeGroup": "KEN", "shapeType": "ADM1" }, "geometry": { "type": "Polygon", "coordinates": [ [ [ 35.79194259657362, 1.663618565444494 ], [ 35.776348113974336, 1.643549442153073 ], [ 35.779739380068406, 1.630101322917767 ], [ 35.793159485421938, 1.623627424566052 ], [ 35.789882659856914, 1.620015263393725 ], [ 35.786907196210166, 1.602705120744758 ], [ 35.782741546385296, 1.559804678443186 ], [ 35.775070190836686, 1.550357699648146 ], [ 35.774986267002646, 1.543105721351992 ], [ 35.768039702969986, 1.532825231998913 ], [ 35.766792297426662, 1.521683335117871 ], [ 35.761013030926676, 1.518015622822759 ], [ 35.758899688869576, 1.507346153302365 ], [ 35.73753356961862, 1.496704339733526 ], [ 35.728279114089901, 1.486896157231911 ], [ 35.729225158614213, 1.481461405719358 ], [ 35.718822479274024, 1.472214460429029 ], [ 35.722579955600509, 1.458544134903946 ], [ 35.71971130443319, 1.45105314288827 ], [ 35.713088989165556, 1.448608040928377 ], [ 35.710910796995734, 1.441539526128281 ], [ 35.706020355654914, 1.438872099168066 ], [ 35.707729340037076, 1.431470155323439 ], [ 35.704528807558461, 1.427780270243318 ], [ 35.70628738415553, 1.415310263557842 ], [ 35.710597992103715, 1.412731766957506 ], [ 35.705753326255035, 1.405707597727485 ], [ 35.710910796995734, 1.400772930426456 ], [ 35.702106476432789, 1.400328397337717 ], [ 35.698261261348193, 1.388125180832503 ], [ 35.701461792028113, 1.384479760932265 ], [ 35.692550658985795, 1.372943282006929 ], [ 35.693840026895771, 1.367653011976984 ], [ 35.690547943432875, 1.367875218266761 ], [ 35.687149046591287, 1.358339310011218 ], [ 35.689502716277389, 1.352248788151087 ], [ 35.686969756848839, 1.346825122581379 ], [ 35.691215515583622, 1.342401743245887 ], [ 35.687568664862056, 1.341201424406279 ], [ 35.694595336905309, 1.338845252806209 ], [ 35.695594787669393, 1.328598022181041 ], [ 35.699150085608039, 1.326997638130536 ], [ 35.695903777637284, 1.32290756733039 ], [ 35.69654846204196, 1.307014465745056 ], [ 35.693660736254003, 1.304747104895 ], [ 35.697616576943517, 1.304480433425283 ], [ 35.693393706854124, 1.297411799015379 ], [ 35.696350097678931, 1.2949000599898 ], [ 35.694351196150819, 1.283341407380078 ], [ 35.696838379187909, 1.284186124390203 ], [ 35.696437836437042, 1.278451204359669 ], [ 35.70166397131527, 1.271760463274802 ], [ 35.706241607764014, 1.271449328423842 ], [ 35.702396392679418, 1.259557246769589 ], [ 35.699371337717139, 1.258356928829244 ], [ 35.700172424118136, 1.247020483408619 ], [ 35.702796936329605, 1.246487021758696 ], [ 35.698104857553176, 1.238418221623704 ], [ 35.703128814942886, 1.226592778833719 ], [ 35.697151184079928, 1.217234730398559 ], [ 35.695751190565034, 1.203475475412915 ], [ 35.702018737674678, 1.199607729613092 ], [ 35.702903747909716, 1.179597854557414 ], [ 35.705520630272929, 1.177599191349657 ], [ 35.702880859264269, 1.152876495553869 ], [ 35.708663940688382, 1.149426340952914 ], [ 35.70477294921227, 1.147035002263578 ], [ 35.704833984400921, 1.134727239570509 ], [ 35.699913024566456, 1.128539681760969 ], [ 35.697933196759664, 1.104926705303228 ], [ 35.692127227589538, 1.104887008328831 ], [ 35.690620421595213, 1.100048064866371 ], [ 35.685134888064681, 1.09844839577687 ], [ 35.683044433753651, 1.088770508851951 ], [ 35.676551818711516, 1.086747646686604 ], [ 35.675693512045996, 1.07644832103324 ], [ 35.671516418348062, 1.074280023204551 ], [ 35.671119689622003, 1.069121123441164 ], [ 35.673767089579599, 1.069988488977629 ], [ 35.675140380424295, 1.064826964992506 ], [ 35.667819977210229, 1.049342274326534 ], [ 35.67089843841228, 1.045333623647878 ], [ 35.665821075682175, 1.044318318735463 ], [ 35.664203644082988, 1.035613536935216 ], [ 35.655624389653894, 1.033254861622595 ], [ 35.654739380318176, 1.028452873101685 ], [ 35.648040771064757, 1.029817341597095 ], [ 35.642562865583841, 1.025226950963088 ], [ 35.644474029253104, 1.016382574596207 ], [ 35.638980865874316, 1.004685163789304 ], [ 35.636260985955801, 1.005389451661927 ], [ 35.633308410954442, 0.993625402890075 ], [ 35.639621733556226, 0.982384860273157 ], [ 35.635631561247578, 0.978473008122876 ], [ 35.638153075903801, 0.968507825575728 ], [ 35.635173797332925, 0.96514803215598 ], [ 35.636489867913099, 0.960122584589669 ], [ 35.630081176705005, 0.952803372977314 ], [ 35.636432647648633, 0.918434440996691 ], [ 35.633804321412356, 0.917882383165477 ], [ 35.632747650383806, 0.910601257841847 ], [ 35.62577056875682, 0.908612013233892 ], [ 35.627578735770101, 0.893764198159261 ], [ 35.622333526271291, 0.886825680360914 ], [ 35.62603759725738, 0.880896091281613 ], [ 35.622886657892991, 0.868798911140857 ], [ 35.6256866458221, 0.854617297650236 ], [ 35.635471344327129, 0.84953475032853 ], [ 35.635223388648512, 0.845118463046674 ], [ 35.643016814574366, 0.84086400157247 ], [ 35.636135101553748, 0.835867166836351 ], [ 35.639125823997631, 0.829699575774839 ], [ 35.636337279941586, 0.826396882110487 ], [ 35.64272308340361, 0.821304857733026 ], [ 35.641941070723874, 0.816488802016636 ], [ 35.634120941228502, 0.810405195043757 ], [ 35.636146545426755, 0.797736942705797 ], [ 35.633853912727943, 0.793330192734231 ], [ 35.63743209841266, 0.788247645412525 ], [ 35.633556365733739, 0.785820603638001 ], [ 35.634479523411301, 0.777378261097908 ], [ 35.62784576427066, 0.764329314046677 ], [ 35.625648498379576, 0.745969414357035 ], [ 35.620059967293685, 0.739297389962644 ], [ 35.620460510044552, 0.735756754570616 ], [ 35.623847961214494, 0.73524278392739 ], [ 35.622737884845549, 0.729579687352725 ], [ 35.630748748855751, 0.722174764054159 ], [ 35.629398345757124, 0.716882884237748 ], [ 35.633728027426571, 0.712457061444297 ], [ 35.635395050341344, 0.701673328561299 ], [ 35.631454468449022, 0.692060351104374 ], [ 35.627285003700024, 0.69067072857132 ], [ 35.629207611242293, 0.68758696316786 ], [ 35.623813629595361, 0.686625659846356 ], [ 35.625324249614494, 0.679744243601988 ], [ 35.605358123878375, 0.674204885646986 ], [ 35.609203338962971, 0.646241426200902 ], [ 35.596824645840798, 0.625920951390867 ], [ 35.595928191732696, 0.613744318845306 ], [ 35.597908020438865, 0.604340732338983 ], [ 35.612735748256227, 0.592291116441913 ], [ 35.612430572313087, 0.575159012578411 ], [ 35.601970672708433, 0.556741952878895 ], [ 35.604904174887793, 0.543416976911999 ], [ 35.602230072260056, 0.534974634371906 ], [ 35.611774444934724, 0.524647772376852 ], [ 35.612937928442705, 0.510904015408016 ], [ 35.624290466332013, 0.503223120750476 ], [ 35.630847930587606, 0.503042280576835 ], [ 35.631534575560238, 0.482160151270023 ], [ 35.645992279120435, 0.460849702751602 ], [ 35.644737243728855, 0.451541244732709 ], [ 35.650959014447039, 0.446896523355917 ], [ 35.652519225781703, 0.426052451559428 ], [ 35.659572601394473, 0.415877878960998 ], [ 35.660175323432497, 0.410386085249684 ], [ 35.654052734446168, 0.398898035715831 ], [ 35.658535004087241, 0.394567430442635 ], [ 35.659515381130007, 0.386334478853144 ], [ 35.66616821309259, 0.386629551812405 ], [ 35.667854308829362, 0.37864407926088 ], [ 35.675003052149179, 0.376083761556401 ], [ 35.679344177691689, 0.370354026117468 ], [ 35.688213348367412, 0.370925098314672 ], [ 35.695720672970708, 0.363720088911009 ], [ 35.695018768301566, 0.367907941198553 ], [ 35.697986602999379, 0.368878752152739 ], [ 35.69928359985829, 0.364576697656503 ], [ 35.70563125587779, 0.364243567186918 ], [ 35.709163666070367, 0.356791108422954 ], [ 35.71870040889678, 0.355306327724918 ], [ 35.721611023330126, 0.351023286695352 ], [ 35.717739105575333, 0.345531492984037 ], [ 35.721057891708369, 0.338745266381011 ], [ 35.715301513853831, 0.330017388191948 ], [ 35.716053008939241, 0.322031945318088 ], [ 35.710132599240126, 0.311314851299414 ], [ 35.714309692038682, 0.302034944057482 ], [ 35.712081908553273, 0.271025806395869 ], [ 35.708068847599293, 0.268208532597725 ], [ 35.707496643155594, 0.259223670436086 ], [ 35.719345092402136, 0.235095948119579 ], [ 35.72094345117938, 0.212919369733186 ], [ 35.715503692241668, 0.206530601206339 ], [ 35.705093383952544, 0.203306436342984 ], [ 35.69132614118854, 0.189575940777104 ], [ 35.694675445815221, 0.170012905571184 ], [ 35.587440490985898, 0.169496640757416 ], [ 35.589626312104656, 0.149074047928991 ], [ 35.573875428408371, 0.113933578571846 ], [ 35.572742461595396, 0.067274310061407 ], [ 35.540714264351891, 0.089908771072999 ], [ 35.539352417380201, 0.080074466863209 ], [ 35.544696807711546, 0.072303168756264 ], [ 35.537883758828457, 0.058502290448416 ], [ 35.541233062555818, 0.04760576369506 ], [ 35.526447296205788, 0.046836238101946 ], [ 35.522800444584902, 0.015413656015483 ], [ 35.543449402168221, -0.008508755574553 ], [ 35.568187713791986, -0.007909976164399 ], [ 35.57222747831554, -0.010866453324127 ], [ 35.582473754760031, -0.007767178212646 ], [ 35.610160827360346, -0.032494492926446 ], [ 35.632160187142972, -0.036095131085403 ], [ 35.6383819578611, -0.050277932580457 ], [ 35.634567260370829, -0.054217598962964 ], [ 35.649326324050662, -0.081101193864981 ], [ 35.668296813946881, -0.073840909430373 ], [ 35.688728333445908, -0.075963146681829 ], [ 35.687824248590232, -0.096040785653713 ], [ 35.692287445409306, -0.109648205400333 ], [ 35.705680847193378, -0.122755087677092 ], [ 35.728908538798066, -0.160239308996893 ], [ 35.722064972320652, -0.172914103003393 ], [ 35.724716186302999, -0.212375402003147 ], [ 35.733566284156723, -0.220258534403797 ], [ 35.744651794444792, -0.219307125423427 ], [ 35.755561829015221, -0.22638815608849 ], [ 35.763214111741888, -0.224892318225841 ], [ 35.780082702554751, -0.194816246972152 ], [ 35.771900176851716, -0.192287698718246 ], [ 35.789741515758408, -0.162080303063476 ], [ 35.789241790376366, -0.111631572039357 ], [ 35.796157836814757, -0.109679095313936 ], [ 35.805797577196472, -0.100088455217985 ], [ 35.820465088093385, -0.119498058888269 ], [ 35.875469208137474, -0.036026421981717 ], [ 35.893016814974089, -0.051534674885318 ], [ 35.89914321888449, -0.048034258074495 ], [ 35.916374206804278, -0.081864267721755 ], [ 35.9267539965997, -0.077223621173118 ], [ 35.92597961466754, -0.072093502413168 ], [ 35.947299958426413, -0.051344606768168 ], [ 35.958580017254064, -0.031994826899677 ], [ 35.959285735948015, -0.025465586967243 ], [ 35.970752716164952, -0.009172023569988 ], [ 35.976409912287693, 0.015144332445061 ], [ 35.974121093613633, 0.02090172293623 ], [ 35.9281387331161, 0.069765806247005 ], [ 35.938892364790831, 0.095460638597615 ], [ 35.959415436173515, 0.087717279728736 ], [ 35.963859558371951, 0.078170880881487 ], [ 35.961479186914971, 0.075772382689365 ], [ 35.963668822957857, 0.057213082617693 ], [ 35.996086120877806, 0.059930924672472 ], [ 36.005271911369675, 0.031257909125259 ], [ 36.039451599012125, 0.021146902407679 ], [ 36.050357818658483, 0.00458575562817 ], [ 36.092643738018126, -0.013666791089463 ], [ 36.11123275798542, 0.006122374148276 ], [ 36.104267120231441, 0.061436637990482 ], [ 36.126422882010445, 0.059370614662157 ], [ 36.147052764973182, 0.185686395410869 ], [ 36.196666717395146, 0.199257433084142 ], [ 36.194610595602569, 0.216426953241353 ], [ 36.183078766172173, 0.22023777555296 ], [ 36.177539826401926, 0.22836750655523 ], [ 36.201850890806043, 0.234663083734347 ], [ 36.214988708861881, 0.252225458338273 ], [ 36.197471618720272, 0.285618394773167 ], [ 36.193275451301076, 0.300646424093259 ], [ 36.183837890206519, 0.314393013926519 ], [ 36.229389190358916, 0.426579088254357 ], [ 36.294044494657726, 0.565327465690018 ], [ 36.275680541723659, 0.631668507795439 ], [ 36.288593291847008, 0.644647777173248 ], [ 36.344585418782117, 0.659283995260239 ], [ 36.404453276597508, 0.71719026531855 ], [ 36.473312378163769, 0.838503599561534 ], [ 36.488716125348958, 0.846797405575842 ], [ 36.460315704206437, 0.869861721841062 ], [ 36.453594208106267, 0.872762977929142 ], [ 36.444477080852664, 0.871595085045215 ], [ 36.428878784228573, 0.884563088615721 ], [ 36.42267227140826, 0.892801880402487 ], [ 36.42359924311063, 0.897265493607676 ], [ 36.417366027620119, 0.902217567286925 ], [ 36.402088164836982, 0.900527000121031 ], [ 36.394874573203026, 0.905662894327179 ], [ 36.391494750982019, 0.912403701569644 ], [ 36.392051696628528, 0.919957638034589 ], [ 36.385650634369313, 0.927854062415122 ], [ 36.388092041014943, 0.947948037571905 ], [ 36.381629943567077, 0.954581856967195 ], [ 36.366825102596465, 0.955890714984548 ], [ 36.362411498891618, 0.963462591125733 ], [ 36.350074768136096, 0.966127753593014 ], [ 36.345245361084608, 0.986249267789503 ], [ 36.340366363616852, 0.993125021902301 ], [ 36.31688308738461, 0.991261363121453 ], [ 36.173957824893762, 1.170861840201837 ], [ 36.096591949758704, 1.169407605876359 ], [ 35.79194259657362, 1.663618565444494 ] ] ] } },
{ "type": "Feature", "properties": { "shapeName": "Elgeyo-Marakwet", "shapeISO": "KE-05", "shapeID": "32016919B59887050611600", "shapeGroup": "KEN", "shapeType": "ADM1" }, "geometry": { "type": "Polygon", "coordinates": [ [ [ 35.152141570876836, 1.199373363589928 ], [ 35.160179137557179, 1.180461168648037 ], [ 35.202423095449547, 1.117390274641537 ], [ 35.218799590728565, 1.116097688957211 ], [ 35.242515563842232, 1.074535250801205 ], [ 35.275135040150019, 1.060477614250544 ], [ 35.316429138593946, 1.033331751858896 ], [ 35.359409331875213, 1.018394470428518 ], [ 35.358890533671229, 1.008609771923489 ], [ 35.341598510562847, 1.005862832303933 ], [ 35.35125732466588, 0.978753030028372 ], [ 35.338600158270765, 0.972882211644787 ], [ 35.336017608425948, 0.967208861899508 ], [ 35.34271240275524, 0.965611040916826 ], [ 35.339698791665967, 0.962558925354188 ], [ 35.343448639043515, 0.94638276125545 ], [ 35.359626769959505, 0.944353997738858 ], [ 35.377975464096437, 0.935341358217158 ], [ 35.38495635974823, 0.943581998110744 ], [ 35.418281554750024, 0.937477827240002 ], [ 35.412769317649918, 0.915736079156773 ], [ 35.413825988678468, 0.907244026590604 ], [ 35.467792511415325, 0.899703919900048 ], [ 35.455097197577686, 0.874867797111222 ], [ 35.48704147368511, 0.875694930576628 ], [ 35.491233825280858, 0.852825522579849 ], [ 35.480484009429517, 0.819595515420758 ], [ 35.492641448644008, 0.820711730561982 ], [ 35.497287750129601, 0.818189740164428 ], [ 35.500888823560388, 0.770551741269912 ], [ 35.50403213487516, 0.766088187419939 ], [ 35.503273009941495, 0.761044203926929 ], [ 35.499149321583957, 0.760603844591799 ], [ 35.492023467808849, 0.726570546793369 ], [ 35.497596740996869, 0.715089380670406 ], [ 35.503170013285512, 0.710699915668613 ], [ 35.502456664743363, 0.702688455407952 ], [ 35.408523559814512, 0.703801274709122 ], [ 35.479843139949025, 0.58897602562314 ], [ 35.463436127075681, 0.50578153099292 ], [ 35.460639953171381, 0.449899703208757 ], [ 35.462116241571323, 0.428865253928393 ], [ 35.478515624596469, 0.410743266288762 ], [ 35.481487274218409, 0.389956295146931 ], [ 35.478961944638058, 0.381447345218874 ], [ 35.470336913817562, 0.377187967151031 ], [ 35.468097685559769, 0.369354784895449 ], [ 35.479652405434194, 0.359894036580556 ], [ 35.482860565063106, 0.349834501660951 ], [ 35.488124847383858, 0.349633812550451 ], [ 35.49602889981395, 0.34141147116253 ], [ 35.494365691823248, 0.313119680029274 ], [ 35.49988937369568, 0.306137263623839 ], [ 35.499362945643497, 0.277451306832404 ], [ 35.494655608969254, 0.274158566864401 ], [ 35.491123199675997, 0.263653487118802 ], [ 35.494636535247935, 0.258200555811072 ], [ 35.48525619531722, 0.250899553671502 ], [ 35.496383667072621, 0.232051237574581 ], [ 35.505088805903711, 0.224900886266937 ], [ 35.5273208616685, 0.231051787709873 ], [ 35.539756775055196, 0.225263759115251 ], [ 35.53027725159393, 0.216471642352474 ], [ 35.529506683686577, 0.211183295073056 ], [ 35.524818420733595, 0.210482582005625 ], [ 35.518741607239463, 0.196512058284895 ], [ 35.511730193993287, 0.188773750907899 ], [ 35.555225372353107, 0.189422936419419 ], [ 35.566547394446729, 0.197005450641086 ], [ 35.567146301560626, 0.18695601780604 ], [ 35.575275421023889, 0.184382945016921 ], [ 35.58558273355635, 0.16948769969764 ], [ 35.694675445815221, 0.170012905571184 ], [ 35.69132614118854, 0.189575940777104 ], [ 35.705093383952544, 0.203306436342984 ], [ 35.715503692241668, 0.206530601206339 ], [ 35.72094345117938, 0.212919369733186 ], [ 35.719345092402136, 0.235095948119579 ], [ 35.707496643155594, 0.259223670436086 ], [ 35.708068847599293, 0.268208532597725 ], [ 35.712081908553273, 0.271025806395869 ], [ 35.714309692038682, 0.302034944057482 ], [ 35.710132599240126, 0.311314851299414 ], [ 35.716053008939241, 0.322031945318088 ], [ 35.715301513853831, 0.330017388191948 ], [ 35.721057891708369, 0.338745266381011 ], [ 35.717739105575333, 0.345531492984037 ], [ 35.721668243594593, 0.350775807657442 ], [ 35.71870040889678, 0.355306327724918 ], [ 35.709163666070367, 0.356791108422954 ], [ 35.70563125587779, 0.364243567186918 ], [ 35.69928359985829, 0.364576697656503 ], [ 35.697986602999379, 0.368878752152739 ], [ 35.695018768301566, 0.367907941198553 ], [ 35.695720672970708, 0.363720088911009 ], [ 35.688213348367412, 0.370925098314672 ], [ 35.679344177691689, 0.370354026117468 ], [ 35.675003052149179, 0.376083761556401 ], [ 35.667854308829362, 0.37864407926088 ], [ 35.66616821309259, 0.386629551812405 ], [ 35.659515381130007, 0.386334478853144 ], [ 35.658535004087241, 0.394567430442635 ], [ 35.654052734446168, 0.398898035715831 ], [ 35.660175323432497, 0.410386085249684 ], [ 35.659572601394473, 0.415877878960998 ], [ 35.652519225781703, 0.426052451559428 ], [ 35.650959014447039, 0.446896523355917 ], [ 35.644737243728855, 0.451541244732709 ], [ 35.645992279120435, 0.460849702751602 ], [ 35.631534575560238, 0.482160151270023 ], [ 35.630847930587606, 0.503042280576835 ], [ 35.624290466332013, 0.503223120750476 ], [ 35.612937928442705, 0.510904015408016 ], [ 35.611774444934724, 0.524647772376852 ], [ 35.602230072260056, 0.534974634371906 ], [ 35.604904174887793, 0.543416976911999 ], [ 35.601970672708433, 0.556741952878895 ], [ 35.612430572313087, 0.575159012578411 ], [ 35.612735748256227, 0.592291116441913 ], [ 35.597908020438865, 0.604340732338983 ], [ 35.595928191732696, 0.613744318845306 ], [ 35.596824645840798, 0.625920951390867 ], [ 35.609203338962971, 0.646241426200902 ], [ 35.605358123878375, 0.674204885646986 ], [ 35.625324249614494, 0.679744243601988 ], [ 35.623813629595361, 0.686625659846356 ], [ 35.629207611242293, 0.68758696316786 ], [ 35.627285003700024, 0.69067072857132 ], [ 35.631454468449022, 0.692060351104374 ], [ 35.635395050341344, 0.701673328561299 ], [ 35.633728027426571, 0.712457061444297 ], [ 35.629398345757124, 0.716882884237748 ], [ 35.630748748855751, 0.722174764054159 ], [ 35.622737884845549, 0.729579687352725 ], [ 35.623847961214494, 0.73524278392739 ], [ 35.620460510044552, 0.735756754570616 ], [ 35.620059967293685, 0.739297389962644 ], [ 35.625648498379576, 0.745969414357035 ], [ 35.62784576427066, 0.764329314046677 ], [ 35.634479523411301, 0.777378261097908 ], [ 35.633556365733739, 0.785820603638001 ], [ 35.63743209841266, 0.788247645412525 ], [ 35.633853912727943, 0.793330192734231 ], [ 35.636146545426755, 0.797736942705797 ], [ 35.634120941228502, 0.810405195043757 ], [ 35.641941070723874, 0.816488802016636 ], [ 35.64272308340361, 0.821304857733026 ], [ 35.636337279941586, 0.826396882110487 ], [ 35.639125823997631, 0.829699575774839 ], [ 35.636135101553748, 0.835867166836351 ], [ 35.643016814574366, 0.84086400157247 ], [ 35.635223388648512, 0.845118463046674 ], [ 35.635471344327129, 0.84953475032853 ], [ 35.6256866458221, 0.854617297650236 ], [ 35.622886657892991, 0.868798911140857 ], [ 35.62603759725738, 0.880896091281613 ], [ 35.622333526271291, 0.886825680360914 ], [ 35.627578735770101, 0.893764198159261 ], [ 35.62577056875682, 0.908612013233892 ], [ 35.632747650383806, 0.910601257841847 ], [ 35.633804321412356, 0.917882383165477 ], [ 35.636432647648633, 0.918434440996691 ], [ 35.630081176705005, 0.952803372977314 ], [ 35.636489867913099, 0.960122584589669 ], [ 35.635173797332925, 0.96514803215598 ], [ 35.638153075903801, 0.968507825575728 ], [ 35.635631561247578, 0.978473008122876 ], [ 35.639621733556226, 0.982384860273157 ], [ 35.633308410954442, 0.993625402890075 ], [ 35.636260985955801, 1.005389451661927 ], [ 35.638980865874316, 1.004685163789304 ], [ 35.644474029253104, 1.016382574596207 ], [ 35.642562865583841, 1.025226950963088 ], [ 35.648040771064757, 1.029817341597095 ], [ 35.654739380318176, 1.028452873101685 ], [ 35.655624389653894, 1.033254861622595 ], [ 35.664203644082988, 1.035613536935216 ], [ 35.665821075682175, 1.044318318735463 ], [ 35.67089843841228, 1.045333623647878 ], [ 35.667819977210229, 1.049342274326534 ], [ 35.675140380424295, 1.064826964992506 ], [ 35.673767089579599, 1.069988488977629 ], [ 35.671119689622003, 1.069121123441164 ], [ 35.671516418348062, 1.074280023204551 ], [ 35.675693512045996, 1.07644832103324 ], [ 35.676551818711516, 1.086747646686604 ], [ 35.683044433753651, 1.088770508851951 ], [ 35.685134888064681, 1.09844839577687 ], [ 35.690620421595213, 1.100048064866371 ], [ 35.692127227589538, 1.104887008328831 ], [ 35.697933196759664, 1.104926705303228 ], [ 35.699913024566456, 1.128539681760969 ], [ 35.704833984400921, 1.134727239570509 ], [ 35.70477294921227, 1.147035002263578 ], [ 35.708663940688382, 1.149426340952914 ], [ 35.702880859264269, 1.152876495553869 ], [ 35.705520630272929, 1.177599191349657 ], [ 35.702903747909716, 1.179597854557414 ], [ 35.702018737674678, 1.199607729613092 ], [ 35.695751190565034, 1.203475475412915 ], [ 35.697151184079928, 1.217234730398559 ], [ 35.703128814942886, 1.226592778833719 ], [ 35.698104857553176, 1.238418221623704 ], [ 35.702796936329605, 1.246487021758696 ], [ 35.700172424118136, 1.247020483408619 ], [ 35.699371337717139, 1.258356928829244 ], [ 35.702396392679418, 1.259557246769589 ], [ 35.70628738415553, 1.27073800605416 ], [ 35.70166397131527, 1.271760463274802 ], [ 35.696437836437042, 1.278451204359669 ], [ 35.696838379187909, 1.284186124390203 ], [ 35.694351196150819, 1.283341407380078 ], [ 35.696350097678931, 1.2949000599898 ], [ 35.693393706854124, 1.297411799015379 ], [ 35.697616576943517, 1.304080367315123 ], [ 35.693660736254003, 1.304747104895 ], [ 35.69654846204196, 1.307014465745056 ], [ 35.695953368952871, 1.319006561903336 ], [ 35.673145293820312, 1.315375327909123 ], [ 35.639190674110353, 1.303187846841695 ], [ 35.617324828578035, 1.289794802987842 ], [ 35.61343765292537, 1.282664774559748 ], [ 35.60801696770892, 1.280057907046796 ], [ 35.585311889232344, 1.283160090565787 ], [ 35.575794220127193, 1.291476250128881 ], [ 35.564430236566238, 1.289912104260225 ], [ 35.557468414635707, 1.284984946298266 ], [ 35.543861388792095, 1.285141349193964 ], [ 35.355613708106205, 1.132036328613708 ], [ 35.324539184335947, 1.116446853439584 ], [ 35.152141570876836, 1.199373363589928 ] ] ] } },
{ "type": "Feature", "properties": { "shapeName": "Trans Nzoia", "shapeISO": "KE-42", "shapeID": "32016919B1149170155930", "shapeGroup": "KEN", "shapeType": "ADM1" }, "geometry": { "type": "Polygon", "coordinates": [ [ [ 34.822292328128469, 1.262590408220831 ], [ 34.818397521728286, 1.248018622061807 ], [ 34.811279296902057, 1.236901879218408 ], [ 34.79434585597653, 1.219550847993276 ], [ 34.775131225325822, 1.22083568601812 ], [ 34.768135070876895, 1.216505051067315 ], [ 34.744655609568781, 1.22041690321754 ], [ 34.671245575123237, 1.20799612991749 ], [ 34.663600921345505, 1.19163501304547 ], [ 34.638446808173683, 1.17201864714292 ], [ 34.621540069918353, 1.167507290728906 ], [ 34.611663818630404, 1.158941149314614 ], [ 34.580768586401177, 1.150327205336282 ], [ 34.613960266253343, 1.108393311202406 ], [ 34.632766723405609, 1.094306945808967 ], [ 34.652870178316107, 1.085093617176767 ], [ 34.663906097288589, 1.083846807883901 ], [ 34.653537749567533, 1.05837106657151 ], [ 34.738586425922847, 0.937280893698357 ], [ 34.767768859745161, 0.920258999053601 ], [ 34.784561156572181, 0.923344731274369 ], [ 34.797962189103771, 0.910025000153666 ], [ 34.799171448103891, 0.903677761419601 ], [ 34.791492461807707, 0.898472190439293 ], [ 34.78557968105747, 0.888645470212339 ], [ 34.79551696843339, 0.86585241555656 ], [ 34.796821594241237, 0.852233648164372 ], [ 34.804145813278694, 0.843983531215031 ], [ 34.811363219836778, 0.820048808805552 ], [ 34.808322906077308, 0.804289341080278 ], [ 34.868862151866892, 0.825641333780595 ], [ 34.927097320185226, 0.854358494349071 ], [ 34.932147979345814, 0.852521956423175 ], [ 34.941593170288627, 0.869865596120405 ], [ 34.95839691188803, 0.872115314070527 ], [ 34.96474456790753, 0.879289209629349 ], [ 34.985549926587908, 0.886463106087547 ], [ 34.98497390722008, 0.881620704731802 ], [ 35.017711638980984, 0.887543797108606 ], [ 35.023715973413516, 0.894397557401419 ], [ 35.030151367291808, 0.892410695996887 ], [ 35.037479400354073, 0.896336794307672 ], [ 35.038635254013798, 0.900607943601756 ], [ 35.044868470403628, 0.900251030560639 ], [ 35.046321869258918, 0.897419453045359 ], [ 35.050899505707662, 0.90071499440154 ], [ 35.059810638750037, 0.896467686134827 ], [ 35.076446533580736, 0.895706235554371 ], [ 35.080322265360337, 0.893041252951491 ], [ 35.079715728398185, 0.886343061882826 ], [ 35.085746766400177, 0.879716276984652 ], [ 35.096683501842165, 0.877753198151595 ], [ 35.101894378822578, 0.873113274657953 ], [ 35.11608505208352, 0.883975505765022 ], [ 35.111957549701231, 0.892244160439702 ], [ 35.115398407110831, 0.905509650749821 ], [ 35.119880675852585, 0.910565972042036 ], [ 35.125938415625455, 0.911648630779723 ], [ 35.12819671670519, 0.918715655403219 ], [ 35.154525757257943, 0.916609823584565 ], [ 35.165256500287285, 0.921939790588908 ], [ 35.172157287928542, 0.919322371330395 ], [ 35.190277099208799, 0.924117028578053 ], [ 35.221866608057553, 0.918608546147539 ], [ 35.227851867869447, 0.92016708834052 ], [ 35.236045837445488, 0.930553435992351 ], [ 35.253868102630861, 0.939712822388913 ], [ 35.268756867435513, 0.934102177873285 ], [ 35.277618408262981, 0.920345664021227 ], [ 35.292579651229971, 0.914055586196412 ], [ 35.296035767436763, 0.902733445392244 ], [ 35.305080413830069, 0.890322149147892 ], [ 35.329437256424285, 0.931552648436025 ], [ 35.34888458215778, 0.919759929277348 ], [ 35.359626769959505, 0.944353997738858 ], [ 35.343448639043515, 0.94638276125545 ], [ 35.339698791665967, 0.962558925354188 ], [ 35.34271240275524, 0.965611040916826 ], [ 35.336017608425948, 0.967208861899508 ], [ 35.338600158270765, 0.972882211644787 ], [ 35.35125732466588, 0.978753030028372 ], [ 35.341598510562847, 1.005862832303933 ], [ 35.358890533671229, 1.008609771923489 ], [ 35.359409331875213, 1.018394470428518 ], [ 35.316429138593946, 1.033331751858896 ], [ 35.275135040150019, 1.060477614250544 ], [ 35.242515563842232, 1.074535250801205 ], [ 35.218799590728565, 1.116097688957211 ], [ 35.202423095449547, 1.117390274641537 ], [ 35.160179137557179, 1.180461168648037 ], [ 35.152141570876836, 1.199373363589928 ], [ 35.124248504964612, 1.183783888415746 ], [ 35.117004394837011, 1.18803656113846 ], [ 35.08704376235977, 1.183319688053189 ], [ 35.083084106746185, 1.169204949948551 ], [ 35.076225280572316, 1.175632238237256 ], [ 35.057575225416372, 1.182185411827334 ], [ 35.041694640595267, 1.194463729817301 ], [ 35.035251617767983, 1.203788161594446 ], [ 35.044448852132859, 1.215412974629146 ], [ 35.022987366074119, 1.235164999665074 ], [ 35.012073516579562, 1.25423967871825 ], [ 34.993095397734464, 1.257645726069427 ], [ 34.971965789389742, 1.246246099677819 ], [ 34.906066893572358, 1.252084971444333 ], [ 34.910655975692748, 1.284198642053752 ], [ 34.822292328128469, 1.262590408220831 ] ] ] } },
{ "type": "Feature", "properties": { "shapeName": "Bungoma", "shapeISO": "KE-03", "shapeID": "32016919B68325359473156", "shapeGroup": "KEN", "shapeType": "ADM1" }, "geometry": { "type": "Polygon", "coordinates": [ [ [ 34.580768586401177, 1.150327205336282 ], [ 34.577453613393573, 1.100133776552582 ], [ 34.527744293264561, 1.121568560840444 ], [ 34.527355194386757, 1.105441451162108 ], [ 34.515155791906295, 1.082332134620344 ], [ 34.503494262250456, 1.069816112323792 ], [ 34.493640899607897, 1.044377923102729 ], [ 34.487930298144818, 1.010644793822223 ], [ 34.488132477431918, 0.983722030747174 ], [ 34.479087829239973, 0.9395973089687 ], [ 34.464145659994244, 0.912566661422318 ], [ 34.449993133276507, 0.901211858140812 ], [ 34.45125961344047, 0.891227662126937 ], [ 34.446605682106622, 0.879587292619533 ], [ 34.445987701271463, 0.864406347075317 ], [ 34.43993377642272, 0.857781946279829 ], [ 34.423305511440276, 0.852899312853026 ], [ 34.417476653624703, 0.843695938816552 ], [ 34.413764953689736, 0.843258143448622 ], [ 34.414318084412116, 0.836024582368623 ], [ 34.40589523287872, 0.829028963915619 ], [ 34.411403655954018, 0.821938156720591 ], [ 34.412128448369231, 0.811601817669782 ], [ 34.396003722793637, 0.803911388399911 ], [ 34.385086059274272, 0.80456811202879 ], [ 34.382347107433134, 0.794764757087933 ], [ 34.379718780297537, 0.798933565331822 ], [ 34.375598907763447, 0.797134697308479 ], [ 34.370346069315701, 0.784989893568763 ], [ 34.360527038292219, 0.778413057017019 ], [ 34.369258880692826, 0.772188782586284 ], [ 34.382274626572837, 0.774068594090409 ], [ 34.393184662042586, 0.759934544843418 ], [ 34.400077819835587, 0.756478428636626 ], [ 34.406414031982024, 0.757329046997995 ], [ 34.411903381336003, 0.76761430455656 ], [ 34.424098968892338, 0.767078876089329 ], [ 34.424461365099944, 0.759704470385032 ], [ 34.433624267845744, 0.740804791308108 ], [ 34.431503295940388, 0.726409554657266 ], [ 34.422466277596698, 0.731599569164814 ], [ 34.403213501302105, 0.728930354352428 ], [ 34.415710448978075, 0.689980387384992 ], [ 34.409255981378465, 0.681330442645844 ], [ 34.41710281444341, 0.659622729405498 ], [ 34.383136749061748, 0.643918275907765 ], [ 34.383846282679826, 0.634062528263144 ], [ 34.379108429310634, 0.624691903708424 ], [ 34.378890991226342, 0.613005578844422 ], [ 34.375576019118057, 0.606679797035042 ], [ 34.36988449137624, 0.606580615303187 ], [ 34.370124817206602, 0.590152859566842 ], [ 34.377033233796737, 0.578807532441715 ], [ 34.368309021244386, 0.561787545259051 ], [ 34.382591247288303, 0.542724072657848 ], [ 34.390125274561797, 0.538832485830596 ], [ 34.408344267573966, 0.507947862004301 ], [ 34.404857635571489, 0.500674068853243 ], [ 34.390014648057615, 0.499173998781089 ], [ 34.385875701802263, 0.495412647275884 ], [ 34.38960647455923, 0.469530403405429 ], [ 34.392059325977186, 0.467942417408665 ], [ 34.406562805029466, 0.475795507057057 ], [ 34.416828155195276, 0.475664615229846 ], [ 34.439334869308823, 0.463154613894346 ], [ 34.447898864940726, 0.468389421834388 ], [ 34.460506439120934, 0.469180584216645 ], [ 34.470207214691243, 0.479192167284737 ], [ 34.482715606240276, 0.484349667703043 ], [ 34.493091582910267, 0.471381604777264 ], [ 34.497760773041307, 0.457803577573088 ], [ 34.532333373586368, 0.442807257449033 ], [ 34.538005829405563, 0.461060464269053 ], [ 34.551265716939326, 0.469856261956977 ], [ 34.562679290916606, 0.457795709404536 ], [ 34.579906463912209, 0.453848182947354 ], [ 34.581275939832835, 0.430483399589264 ], [ 34.589954375993727, 0.419530988064707 ], [ 34.592819214035558, 0.429210633164246 ], [ 34.590354919643858, 0.435273498173444 ], [ 34.591751098234624, 0.444800853876359 ], [ 34.596462249832996, 0.444029927139468 ], [ 34.605056763059224, 0.45028313995499 ], [ 34.616050720564374, 0.442830682090346 ], [ 34.617660522315305, 0.455974816984281 ], [ 34.626300811932992, 0.459610641118218 ], [ 34.627120972055252, 0.46280860873037 ], [ 34.631481170419704, 0.459496408332654 ], [ 34.631336212296389, 0.452976703911816 ], [ 34.642700194958081, 0.450273633221627 ], [ 34.65003967279273, 0.45485171663347 ], [ 34.656501770240538, 0.453719079871689 ], [ 34.66037750202014, 0.460086524573512 ], [ 34.666507720854668, 0.459363162080308 ], [ 34.672672271308329, 0.469699531708045 ], [ 34.677947998401464, 0.471241445436419 ], [ 34.675174713142553, 0.482653319694975 ], [ 34.688350677741653, 0.484667658985302 ], [ 34.701419830760642, 0.506587266888914 ], [ 34.709495543984247, 0.503602922436983 ], [ 34.714534759271771, 0.508890569144512 ], [ 34.718009948300505, 0.509927988385982 ], [ 34.721134185894016, 0.506890415760154 ], [ 34.726604462426053, 0.510641872924168 ], [ 34.734123230003092, 0.51806944564845 ], [ 34.73809051456567, 0.531438350799306 ], [ 34.742603301801012, 0.535930753101809 ], [ 34.748096466079119, 0.53487426013902 ], [ 34.759544372574794, 0.546685934308471 ], [ 34.764595031735382, 0.555862426709666 ], [ 34.764034271164746, 0.562858045162727 ], [ 34.770141601353885, 0.563543319568566 ], [ 34.777511596782801, 0.572946965430162 ], [ 34.782897948581535, 0.576468587355464 ], [ 34.78776168815142, 0.575602413420711 ], [ 34.796413421642171, 0.583702146636824 ], [ 34.809623717860347, 0.585643769444459 ], [ 34.798469543434749, 0.598892628592012 ], [ 34.803646087896709, 0.605802536258068 ], [ 34.808391571114157, 0.605224073432282 ], [ 34.815567016204909, 0.616067290173362 ], [ 34.830799102596586, 0.623890936017915 ], [ 34.834602356213793, 0.636204660316878 ], [ 34.83216094956822, 0.645527362697692 ], [ 34.837696075313659, 0.649189352606584 ], [ 34.837123870870016, 0.656399131115052 ], [ 34.840843200653239, 0.658519208194946 ], [ 34.844039917308407, 0.668127476801658 ], [ 34.854534149431515, 0.671782374656914 ], [ 34.856918334913303, 0.679734528225936 ], [ 34.861785889407315, 0.683816730857473 ], [ 34.881065368372106, 0.682396173444715 ], [ 34.891460418763359, 0.690562487069144 ], [ 34.896919251422389, 0.685929655629138 ], [ 34.9093704227069, 0.685786902643486 ], [ 34.928573608585225, 0.707216321576027 ], [ 34.921348572178943, 0.724434137125797 ], [ 34.92856597873697, 0.740117132799469 ], [ 34.933113097591445, 0.738525271624042 ], [ 34.936447143420992, 0.741858899268834 ], [ 34.939373016651473, 0.739403307616612 ], [ 34.948329925185931, 0.75173127627744 ], [ 34.954490661614784, 0.751467168774866 ], [ 34.956905364690897, 0.747626721895756 ], [ 34.961223601588017, 0.751816928608434 ], [ 34.969547271389501, 0.751288711804648 ], [ 34.976379394893229, 0.755407571702108 ], [ 34.980339051406133, 0.752116798551469 ], [ 34.985515594069454, 0.753037630582241 ], [ 34.995880126866439, 0.743957578779259 ], [ 35.003635406249032, 0.744926811423284 ], [ 35.010540008814417, 0.75291395221717 ], [ 35.016773224304927, 0.750050783317022 ], [ 35.019359588174495, 0.742794633065898 ], [ 35.026634215896422, 0.743410587728476 ], [ 35.026721954654533, 0.748669921979342 ], [ 35.030235290226528, 0.751722693147826 ], [ 35.039012909018595, 0.748430967615093 ], [ 35.036941528428827, 0.755355178998343 ], [ 35.043411254825628, 0.760623335598495 ], [ 35.062469482580582, 0.762750565885938 ], [ 35.065296173179888, 0.766348301932624 ], [ 35.063610077443172, 0.775799512937226 ], [ 35.065982819051897, 0.781852900890726 ], [ 35.062168121561626, 0.786578476715363 ], [ 35.062355041152273, 0.795101701582325 ], [ 35.051177978081284, 0.800655365053103 ], [ 35.040126800311612, 0.818130135797162 ], [ 35.030548096017867, 0.820086062321991 ], [ 35.02342224134344, 0.830094039108644 ], [ 35.025779724154972, 0.838760078115172 ], [ 35.023792267399301, 0.850395620061875 ], [ 35.012027740188103, 0.860075294839021 ], [ 35.017711638980984, 0.887543797108606 ], [ 34.98497390722008, 0.881620704731802 ], [ 34.985549926587908, 0.886463106087547 ], [ 34.96474456790753, 0.879289209629349 ], [ 34.95839691188803, 0.872115314070527 ], [ 34.941432951569539, 0.86977374566186 ], [ 34.932147979345814, 0.852521956423175 ], [ 34.927097320185226, 0.854358494349071 ], [ 34.868862151866892, 0.825641333780595 ], [ 34.808322906077308, 0.804289341080278 ], [ 34.811363219836778, 0.820048808805552 ], [ 34.804145813278694, 0.843983531215031 ], [ 34.796821594241237, 0.852233648164372 ], [ 34.79551696843339, 0.86585241555656 ], [ 34.78557968105747, 0.888645470212339 ], [ 34.791492461807707, 0.898472190439293 ], [ 34.799171448103891, 0.903677761419601 ], [ 34.797962189103771, 0.910025000153666 ], [ 34.784561156572181, 0.923344731274369 ], [ 34.767768859745161, 0.920258999053601 ], [ 34.738586425922847, 0.937280893698357 ], [ 34.653537749567533, 1.05837106657151 ], [ 34.663906097288589, 1.083846807883901 ], [ 34.652870178316107, 1.085093617176767 ], [ 34.632766723405609, 1.094306945808967 ], [ 34.613960266253343, 1.108393311202406 ], [ 34.580768586401177, 1.150327205336282 ] ] ] } },
{ "type": "Feature", "properties": { "shapeName": "Garissa", "shapeISO": "KE-07", "shapeID": "32016919B57902629823981", "shapeGroup": "KEN", "shapeType": "ADM1" }, "geometry": { "type": "Polygon", "coordinates": [ [ [ 39.460689544586842, 0.994680701553193 ], [ 39.454761505039471, 0.989491760836131 ], [ 39.358249664290611, 0.953438163040857 ], [ 39.311561584199808, 0.924019992628587 ], [ 39.235679626413685, 0.844230413103105 ], [ 39.223819732394759, 0.818684518375846 ], [ 39.201416015836514, 0.793005407073906 ], [ 39.179241180336248, 0.751164973184984 ], [ 39.175182342091489, 0.720932483747163 ], [ 39.167564391883218, 0.719195425228747 ], [ 39.162929535169951, 0.713460921584328 ], [ 39.147605895995355, 0.706322551044934 ], [ 39.140949249108587, 0.690427780317862 ], [ 39.131286620980802, 0.688024521114812 ], [ 39.113990783847669, 0.691022634187277 ], [ 39.100990294966209, 0.68905955535422 ], [ 39.096870422432119, 0.680017650094499 ], [ 39.085067748677716, 0.675139726417285 ], [ 39.053462981931148, 0.685847282226348 ], [ 39.033374786717104, 0.664836645195066 ], [ 39.025856018240688, 0.663837314040848 ], [ 39.02195358289157, 0.655104696424644 ], [ 39.023342133432777, 0.645313204440868 ], [ 39.020469666442011, 0.640851676763532 ], [ 39.013015747179054, 0.639710247330072 ], [ 39.009674072400571, 0.624433398082886 ], [ 38.985992431805357, 0.626087963588702 ], [ 38.977466583615978, 0.621309995959621 ], [ 38.959381103954854, 0.624355734429628 ], [ 38.952167511421578, 0.628772019912844 ], [ 38.94588470461548, 0.625992774846736 ], [ 38.939830779766737, 0.628448367398278 ], [ 38.935455322605094, 0.625669181687442 ], [ 38.925804138350372, 0.605986297429752 ], [ 38.9105186466183, 0.59896212819973 ], [ 38.902313232269933, 0.596335173429566 ], [ 38.894794463793517, 0.598086476309902 ], [ 38.891918182777943, 0.594374537155204 ], [ 38.875511169005279, 0.594355464333262 ], [ 38.870922088683471, 0.600009083852171 ], [ 38.859424590872209, 0.599190534415698 ], [ 38.824989318602206, 0.579602838000596 ], [ 38.815662384011887, 0.569114148399251 ], [ 38.807476043384725, 0.551391900415922 ], [ 38.801803587565587, 0.548498511597074 ], [ 38.799007414560606, 0.541874110801643 ], [ 38.791336059911316, 0.539056777648227 ], [ 38.785739898977226, 0.52677875733383 ], [ 38.774337768873011, 0.516575634857702 ], [ 38.768474579438362, 0.516080737036418 ], [ 38.766342162760679, 0.510998189714712 ], [ 38.75568008386881, 0.514919579175285 ], [ 38.751323700428486, 0.523097753958211 ], [ 38.74395751992364, 0.52290737557496 ], [ 38.735958099786501, 0.518079459599448 ], [ 38.724380493065382, 0.524468302770003 ], [ 38.720748901140951, 0.52059221306024 ], [ 38.722370147664208, 0.510979175348723 ], [ 38.709617613562045, 0.51274234028682 ], [ 38.70495224015383, 0.506353497116265 ], [ 38.694404601791007, 0.510103522559575 ], [ 38.679496765063732, 0.507590830252639 ], [ 38.661701203447819, 0.50906383972449 ], [ 38.665367126092065, 0.501959384418114 ], [ 38.673206329308698, 0.499496012730845 ], [ 38.676414489836873, 0.49462106940689 ], [ 38.678272247266477, 0.477189451731874 ], [ 38.689037322814272, 0.451632946803102 ], [ 38.756484985193936, 0.186697796366275 ], [ 38.756038666051666, 0.171672001861452 ], [ 38.73580169689086, 0.14759275300321 ], [ 38.731410980032763, 0.121360920170389 ], [ 38.729366302113192, 0.06822194908375 ], [ 38.732658385576087, 0.040829419741954 ], [ 38.739959716867475, 0.016771263582996 ], [ 38.739116668999145, 0.006177234591746 ], [ 38.743827819698197, -0.00259508719347 ], [ 38.744113921920018, -0.011026208892361 ], [ 38.751976012882722, -0.024315942226906 ], [ 38.751258850315764, -0.032032564251381 ], [ 38.755119323298175, -0.03817727656002 ], [ 38.753402709967133, -0.047180001056176 ], [ 38.759407044399609, -0.048037402104399 ], [ 38.766693115095222, -0.055039521756498 ], [ 38.7614059450284, -0.063613541231916 ], [ 38.786510467783899, -0.078710563841412 ], [ 38.81056976338391, -0.084198817821118 ], [ 38.828834533686859, -0.092189714183917 ], [ 38.89952468911315, -0.095526568596199 ], [ 38.920070648241847, -0.085823342373317 ], [ 38.931049346949862, -0.098117022582471 ], [ 38.939830779766737, -0.098951242705652 ], [ 38.954757690215274, -0.085955060677463 ], [ 38.966964721644615, -0.082266956254955 ], [ 38.971950530692482, -0.059001338440964 ], [ 38.986911773659472, -0.059425763588081 ], [ 38.997680664131394, -0.048974301422845 ], [ 39.001605987226583, -0.055234566721822 ], [ 39.007442473991034, -0.055367197837882 ], [ 39.02022933971233, -0.042899720046023 ], [ 39.025642395080524, -0.044093415378768 ], [ 39.035934447916475, -0.053642974443676 ], [ 39.049301147030349, -0.052608438428649 ], [ 39.065322875950017, -0.04632164582722 ], [ 39.074077606096694, -0.064837180391521 ], [ 39.097900390790471, -0.088047914379672 ], [ 39.101665496965154, -0.098154529707756 ], [ 39.10702514609369, -0.099162541118346 ], [ 39.109676360975357, -0.104733117239505 ], [ 39.120075225391417, -0.110118001344631 ], [ 39.120552063027333, -0.120622515416699 ], [ 39.133499145669077, -0.119455352782268 ], [ 39.13227844279595, -0.125874772902421 ], [ 39.135673522914828, -0.130463869411983 ], [ 39.163368225363342, -0.126564472872076 ], [ 39.169307708783776, -0.130225137180275 ], [ 39.170635223237014, -0.136803716618203 ], [ 39.183422088958309, -0.135291694556031 ], [ 39.191802978124997, -0.140835746972073 ], [ 39.202625274836635, -0.142745658785088 ], [ 39.213924408284868, -0.132214621007904 ], [ 39.226448060429675, -0.129986390559452 ], [ 39.227561950823429, -0.138368785191233 ], [ 39.238010406555077, -0.137864784432224 ], [ 39.246448516885607, -0.141737654569056 ], [ 39.254669189131846, -0.138740152136279 ], [ 39.257324218937583, -0.146538957806627 ], [ 39.263477326417558, -0.140915334275235 ], [ 39.270957946552016, -0.141578495251281 ], [ 39.275257110627194, -0.137175083563193 ], [ 39.282154083344324, -0.141260176615788 ], [ 39.295513154408582, -0.136125013558456 ], [ 39.305000305020087, -0.139658257422582 ], [ 39.313297272151431, -0.132975385405643 ], [ 39.31838607785528, -0.140324518361808 ], [ 39.327835082822844, -0.145493149689059 ], [ 39.324687956584, -0.157849401128885 ], [ 39.333972930606308, -0.156961039120631 ], [ 39.335830688035855, -0.165158167115692 ], [ 39.339141846119333, -0.167096405774487 ], [ 39.352630615610451, -0.159747258429206 ], [ 39.35439682025708, -0.168529004210143 ], [ 39.362422943064416, -0.162703484678048 ], [ 39.373832703016888, -0.177998751141388 ], [ 39.381381988188252, -0.182571172421603 ], [ 39.384101868106768, -0.190521507561471 ], [ 39.389949798744283, -0.191691696414637 ], [ 39.396869659207482, -0.188387646572608 ], [ 39.400222778758291, -0.195431469586595 ], [ 39.406475067070744, -0.190466806298048 ], [ 39.427299498573063, -0.189757570355539 ], [ 39.444904326573464, -0.209841892189502 ], [ 39.45322036742607, -0.210680082819522 ], [ 39.467342377448801, -0.221125215556185 ], [ 39.471210479380147, -0.226702407090386 ], [ 39.469791412143991, -0.233021065369826 ], [ 39.477077483738924, -0.241467445865908 ], [ 39.488426209402121, -0.24414320324621 ], [ 39.490165709579912, -0.249365762419927 ], [ 39.497901916140563, -0.248334154597501 ], [ 39.509315491017162, -0.269869178219949 ], [ 39.51002502463524, -0.277316182595712 ], [ 39.515052795150439, -0.277703016980581 ], [ 39.517375946342895, -0.28202292301944 ], [ 39.51260375955593, -0.298174202877135 ], [ 39.520664214881663, -0.296239912242129 ], [ 39.525821685622361, -0.286761939212056 ], [ 39.535297394159443, -0.294434577193954 ], [ 39.542713165080556, -0.290211409428935 ], [ 39.548450470113153, -0.296465576425192 ], [ 39.551158905259342, -0.307297587613505 ], [ 39.556060791372488, -0.311230629589829 ], [ 39.553997039731655, -0.317162424706112 ], [ 39.558639526293177, -0.319805948585611 ], [ 39.561733246292363, -0.328735888250606 ], [ 39.56927871743892, -0.329960942043783 ], [ 39.577919006157288, -0.336730926890709 ], [ 39.580654143973618, -0.344176411412207 ], [ 39.58752441402055, -0.341405450900766 ], [ 39.58699798596831, -0.347100377180595 ], [ 39.591945647573652, -0.352026164575761 ], [ 39.589653014874784, -0.356884449757501 ], [ 39.596847534586118, -0.358728826174342 ], [ 39.594100951997405, -0.363972097634132 ], [ 39.598152160393965, -0.369158834112852 ], [ 39.592891692997284, -0.376245320065436 ], [ 39.597831725653691, -0.379734873965219 ], [ 39.596702575563484, -0.385801345255857 ], [ 39.600299834969462, -0.389451980324566 ], [ 39.59809875505357, -0.394337355784273 ], [ 39.603897094375441, -0.398041665990036 ], [ 39.6021804810444, -0.409557252764955 ], [ 39.614204406907902, -0.40977197759463 ], [ 39.610931396266949, -0.439809083922057 ], [ 39.614635467253038, -0.442547052804173 ], [ 39.619304657384077, -0.438305884209115 ], [ 39.619468689228654, -0.445875555212638 ], [ 39.635303497658356, -0.457283735056308 ], [ 39.628860473931752, -0.470866203112735 ], [ 39.630634308426636, -0.489897757875156 ], [ 39.640029907154542, -0.495454221834848 ], [ 39.640243530314706, -0.507103979365127 ], [ 39.647491455366435, -0.516525805021843 ], [ 39.668643950557907, -0.531584620833542 ], [ 39.667999267951927, -0.536523700208534 ], [ 39.661396026405555, -0.537812173293105 ], [ 39.663272857556365, -0.548925102111752 ], [ 39.672348022443316, -0.547368228161133 ], [ 39.675945281849351, -0.557326852851929 ], [ 39.683300017581814, -0.550938308256264 ], [ 39.686412811302262, -0.551636219036254 ], [ 39.685607909977136, -0.574425757342794 ], [ 39.69269561810836, -0.578505874446478 ], [ 39.693229675109478, -0.585753381313452 ], [ 39.700157165420876, -0.582102775922351 ], [ 39.696933746095567, -0.591551482315026 ], [ 39.704719543072486, -0.594369947714881 ], [ 39.713901520438867, -0.590880393815098 ], [ 39.730865478958719, -0.59359151163892 ], [ 39.73870468127609, -0.587578713686639 ], [ 39.739776611101775, -0.595953703300722 ], [ 39.749439239229559, -0.60505336482089 ], [ 39.755989075435537, -0.601026953431131 ], [ 39.765117645662883, -0.610824585086505 ], [ 39.77612304704104, -0.612649916560372 ], [ 39.774673462210558, -0.621615410023082 ], [ 39.768550873224285, -0.629292428602639 ], [ 39.781703949177938, -0.652055144629173 ], [ 39.779502868362727, -0.66177225098852 ], [ 39.789005279570063, -0.660430073988664 ], [ 39.790454864400544, -0.671865105789948 ], [ 39.79985046402777, -0.671033025153918 ], [ 39.79555511487672, -0.681233286886652 ], [ 39.797973632876904, -0.69121879321267 ], [ 39.802524566655507, -0.698127448123159 ], [ 39.807712554990474, -0.694675982310685 ], [ 39.805049896235801, -0.704646944800629 ], [ 39.812450409259043, -0.705819964719524 ], [ 39.809516907079626, -0.710737765235649 ], [ 39.813217163141644, -0.713196695171291 ], [ 39.811412811052435, -0.728265941320103 ], [ 39.805320739660488, -0.72700261957516 ], [ 39.807983398415161, -0.73582309466002 ], [ 39.81565475486309, -0.739883661401791 ], [ 39.821201323582272, -0.738981306841765 ], [ 39.824001312410701, -0.742523014225696 ], [ 39.822601317996487, -0.745636105621713 ], [ 39.815742492721938, -0.746493339396068 ], [ 39.817276001386404, -0.755426645223451 ], [ 39.808750152297762, -0.758923232720974 ], [ 39.816104888929544, -0.766954123733797 ], [ 39.808658600414105, -0.771240294404038 ], [ 39.812358855576804, -0.776722073265034 ], [ 39.82724761858276, -0.780782640006805 ], [ 39.825080871185321, -0.79260337394652 ], [ 39.834152222047464, -0.792941808617513 ], [ 39.834602356113919, -0.795964658442188 ], [ 39.825847625967242, -0.799799621255488 ], [ 39.825397491900787, -0.803769946425859 ], [ 39.838165283001445, -0.802145720448607 ], [ 39.842182159778929, -0.804356515740551 ], [ 39.835819244062918, -0.811011315419819 ], [ 39.845432281774436, -0.819583654062342 ], [ 39.843940734577302, -0.827749908331555 ], [ 39.847370148113896, -0.839006722382294 ], [ 39.844753265750683, -0.840179741401869 ], [ 39.839927673623265, -0.835622906272079 ], [ 39.836814880802137, -0.838194607595028 ], [ 39.842948913661473, -0.845999895578643 ], [ 39.841506957779927, -0.852474272369705 ], [ 39.846378326298748, -0.852474272369705 ], [ 39.849086761444937, -0.842728912908967 ], [ 39.858966827657014, -0.849225820415256 ], [ 39.851249694817625, -0.871130347587439 ], [ 39.858154295584313, -0.876138388775587 ], [ 39.859462738114928, -0.88202619535258 ], [ 39.84989547769419, -0.887846350428674 ], [ 39.855808258444426, -0.892403185558521 ], [ 39.851745605275539, -0.897501468318069 ], [ 39.86040878263924, -0.914037049170418 ], [ 39.864513397275516, -0.915931941405915 ], [ 39.860725401556067, -0.926060796068839 ], [ 39.872592926322568, -0.927730142831763 ], [ 39.878456115757217, -0.936685979374374 ], [ 39.877063751191201, -0.942305385984753 ], [ 39.868930816803811, -0.946595370679745 ], [ 39.869377135946138, -0.958258688187868 ], [ 39.873397826748374, -0.958705603580711 ], [ 39.881797791434963, -0.951019407419665 ], [ 39.878494262300421, -0.958973705871756 ], [ 39.880325317059771, -0.969341158767406 ], [ 39.885688782011755, -0.967955827799187 ], [ 39.893550872974458, -0.973608791712309 ], [ 39.884838104295113, -0.977317809868964 ], [ 39.89163208035626, -0.989606797415718 ], [ 39.885730742579767, -0.995125651727392 ], [ 39.885829925210942, -1.000584482587726 ], [ 39.889476775932508, -1.005734443989354 ], [ 39.898456573112412, -1.006790876697551 ], [ 39.896202086956805, -1.014992594832336 ], [ 39.899044037252565, -1.028126478354238 ], [ 39.912689208740062, -1.042452335007226 ], [ 39.908344269172744, -1.051290392737371 ], [ 39.917179107330014, -1.058347582375006 ], [ 39.913562775102037, -1.064768194996134 ], [ 39.918586730693107, -1.076000928799772 ], [ 39.920845031772842, -1.078680992134025 ], [ 39.92594146732489, -1.077717303810459 ], [ 39.932353972557848, -1.110859036215516 ], [ 39.932388305975564, -1.129089713219628 ], [ 39.936435699447998, -1.132851719431244 ], [ 39.943759917586192, -1.131118774411846 ], [ 39.944911957221109, -1.138767242214385 ], [ 39.955799103146148, -1.144541978829238 ], [ 39.962322234883288, -1.15679264086765 ], [ 39.962871551580918, -1.167603253587231 ], [ 39.972660065010018, -1.186328769057411 ], [ 39.981033325227827, -1.193158864589861 ], [ 39.979846953973777, -1.202375173575376 ], [ 39.989250183449258, -1.202467560929165 ], [ 39.991058349563218, -1.212753414738245 ], [ 40.000423431596118, -1.215198159667295 ], [ 39.995643615860217, -1.226803183120353 ], [ 40.000003815124046, -1.233615994582465 ], [ 39.995346069765333, -1.238423347559376 ], [ 40.007968902742732, -1.240104675090663 ], [ 40.001327514653156, -1.254659891240919 ], [ 40.008689880233817, -1.257181167576789 ], [ 40.011844635421653, -1.264688014640114 ], [ 40.004718780747169, -1.2698706394184 ], [ 40.006340027270483, -1.278602957560395 ], [ 39.999179840077602, -1.285913943973299 ], [ 40.004291534426841, -1.293576955611968 ], [ 39.997234344789206, -1.299963117004211 ], [ 40.004245758035381, -1.315612197444921 ], [ 40.004314422172911, -1.324636220585091 ], [ 40.011753082638677, -1.329346896442075 ], [ 40.000957488597294, -1.348081826914722 ], [ 40.004329680970045, -1.354151010560656 ], [ 40.00226974515266, -1.361358404067062 ], [ 40.004692078076971, -1.363120198438367 ], [ 40.009372711181754, -1.360322953441482 ], [ 40.014766692828687, -1.374538898551293 ], [ 40.00907516508687, -1.379539251435233 ], [ 40.021980285361906, -1.400996209407481 ], [ 40.024509429866328, -1.422088980621936 ], [ 40.031177520626102, -1.424331068723802 ], [ 40.030117034673481, -1.427907823587134 ], [ 40.034286499422478, -1.432644724574345 ], [ 40.033214568697417, -1.448477506831409 ], [ 40.029579162748234, -1.45247542859812 ], [ 40.035282135262378, -1.455591082162641 ], [ 40.032012940444872, -1.462694525731706 ], [ 40.038181304923341, -1.480246185812803 ], [ 40.03144073510191, -1.482296944048699 ], [ 40.032562256243182, -1.487366319000387 ], [ 40.038784026961309, -1.490767122404748 ], [ 40.070903777887111, -1.470875620613356 ], [ 40.087276459141322, -1.474342346122341 ], [ 40.105140685794083, -1.50794064994102 ], [ 40.114887237755852, -1.552901744819621 ], [ 40.126098632445974, -1.570152998062383 ], [ 40.143253326379977, -1.58638620256113 ], [ 40.153995514181702, -1.607811093407179 ], [ 40.159908294931938, -1.644565820656055 ], [ 40.158233642168909, -1.697334289945502 ], [ 40.170753479389589, -1.723865390175547 ], [ 40.169147491663466, -1.735495567666248 ], [ 40.157714843964925, -1.763751745646516 ], [ 40.163021087753066, -1.82337784770948 ], [ 40.187515258622341, -1.862906812599249 ], [ 40.18941116259515, -1.936283946247102 ], [ 40.185985564881946, -1.959789633584649 ], [ 40.196880340655241, -1.980528235589532 ], [ 40.196853637985043, -2.00080084758099 ], [ 40.20455169710317, -2.015267133371481 ], [ 40.207935333348985, -2.032892942555179 ], [ 40.902904510934491, -1.714484095164835 ], [ 41.561981201571257, -1.65865278230001 ], [ 41.562240600223561, -1.597498417318036 ], [ 40.992401122613785, -0.829093695117876 ], [ 40.991783141778626, 0.464415877990405 ], [ 40.977352142687266, 0.452881157239688 ], [ 40.961227417111672, 0.447646349299646 ], [ 40.918533325152907, 0.423889815862367 ], [ 40.885990142830906, 0.392395258334545 ], [ 40.862644195773044, 0.378927527583357 ], [ 40.843265533277815, 0.370913505154192 ], [ 40.773136139321423, 0.35404786501698 ], [ 40.751903534320718, 0.34358775587026 ], [ 40.735172271782972, 0.325560956972652 ], [ 40.715744018871419, 0.320088207304991 ], [ 40.694499969098331, 0.278095484019445 ], [ 40.68354797395989, 0.271118908710719 ], [ 40.681793213186268, 0.258441119961788 ], [ 40.647682189681348, 0.232114777375102 ], [ 40.612144469991335, 0.232761978982182 ], [ 40.604499817112924, 0.225442767369884 ], [ 40.595012664702779, 0.225623608442845 ], [ 40.586158752824247, 0.215401441023744 ], [ 40.565048218200786, 0.215820222925004 ], [ 40.540748595871037, 0.226775258671296 ], [ 40.533184051902538, 0.226289853194203 ], [ 40.524501800817518, 0.221473828054741 ], [ 40.520534515355678, 0.212879211406516 ], [ 40.513977051100085, 0.208186909598226 ], [ 40.507274627821857, 0.192806079836771 ], [ 40.494960784812406, 0.19786956872565 ], [ 40.482719421763932, 0.188656300348043 ], [ 40.473876952859143, 0.186476707034444 ], [ 40.448398590022975, 0.186181649363675 ], [ 40.426097870120657, 0.190302878974705 ], [ 40.40220642128935, 0.183868825086279 ], [ 40.375110625954676, 0.196841641828371 ], [ 40.331310272551093, 0.199411467165532 ], [ 40.303127288593544, 0.217980772194949 ], [ 40.258850097553989, 0.237263932984149 ], [ 40.233448028703606, 0.252559096025493 ], [ 40.211128235080025, 0.271965980145922 ], [ 40.160911559720773, 0.325913130586571 ], [ 40.128227234199528, 0.342607438182768 ], [ 40.05962371816014, 0.392595142551841 ], [ 40.048355102306175, 0.39634516799515 ], [ 40.012958526714669, 0.398943543210009 ], [ 39.97908401501536, 0.409708232049297 ], [ 39.943916319582513, 0.429705202732976 ], [ 39.904975890824744, 0.462075412150625 ], [ 39.887825011814869, 0.462874889664477 ], [ 39.874729156125682, 0.458344400173985 ], [ 39.856578827251155, 0.469204276855919 ], [ 39.850250244053598, 0.477113604709132 ], [ 39.799682617259009, 0.482795745327451 ], [ 39.774963377557867, 0.495254605815433 ], [ 39.762153625889198, 0.51215827468468 ], [ 39.732856750638575, 0.525940120640087 ], [ 39.724021911581985, 0.544004977048075 ], [ 39.717693329283748, 0.546470106010645 ], [ 39.711772918685313, 0.55787253379043 ], [ 39.689414977619151, 0.579811156060032 ], [ 39.665023803405859, 0.614522695565995 ], [ 39.654411315829634, 0.632559001197023 ], [ 39.646213531329465, 0.657866955095926 ], [ 39.635421753111473, 0.667632282204124 ], [ 39.628101348998086, 0.670021235891397 ], [ 39.624782561965731, 0.6773024205703 ], [ 39.614471435408461, 0.684621632182655 ], [ 39.600318908690724, 0.703819155929352 ], [ 39.597282409855382, 0.712965786342011 ], [ 39.585994720280155, 0.722179055618994 ], [ 39.563541412406323, 0.757195174817525 ], [ 39.532199859236187, 0.857275306909912 ], [ 39.497936248659016, 0.933912992890384 ], [ 39.492492675696496, 0.962161958307775 ], [ 39.479633330913543, 0.980198263938803 ], [ 39.466167450067815, 0.987346172687751 ], [ 39.460689544586842, 0.994680701553193 ] ] ] } },
{ "type": "Feature", "properties": { "shapeName": "Uasin Gishu", "shapeISO": "KE-44", "shapeID": "32016919B81086936948851", "shapeGroup": "KEN", "shapeType": "ADM1" }, "geometry": { "type": "Polygon", "coordinates": [ [ [ 35.587440490985898, 0.169496640757416 ], [ 35.575275421023889, 0.184382945016921 ], [ 35.567146301560626, 0.18695601780604 ], [ 35.566547394446729, 0.197005450641086 ], [ 35.555225372353107, 0.189422936419419 ], [ 35.511730193993287, 0.188773750907899 ], [ 35.518741607239463, 0.196512058284895 ], [ 35.524818420733595, 0.210482582005625 ], [ 35.529506683686577, 0.211183295073056 ], [ 35.53027725159393, 0.216471642352474 ], [ 35.539638519602022, 0.225811034351807 ], [ 35.5273208616685, 0.231051787709873 ], [ 35.505088805903711, 0.224900886266937 ], [ 35.496383667072621, 0.232051237574581 ], [ 35.48525619531722, 0.250899553671502 ], [ 35.494636535247935, 0.258200555811072 ], [ 35.491123199675997, 0.263653487118802 ], [ 35.494655608969254, 0.274158566864401 ], [ 35.499362945643497, 0.277451306832404 ], [ 35.49988937369568, 0.306137263623839 ], [ 35.494365691823248, 0.313119680029274 ], [ 35.49602889981395, 0.34141147116253 ], [ 35.488124847383858, 0.349633812550451 ], [ 35.482860565063106, 0.349834501660951 ], [ 35.479652405434194, 0.359894036580556 ], [ 35.468097685559769, 0.369354784895449 ], [ 35.470336913817562, 0.377187967151031 ], [ 35.478961944638058, 0.381447345218874 ], [ 35.481487274218409, 0.389956295146931 ], [ 35.478515624596469, 0.410743266288762 ], [ 35.462116241571323, 0.428865253928393 ], [ 35.460639953171381, 0.449899703208757 ], [ 35.463436127075681, 0.50578153099292 ], [ 35.479843139949025, 0.58897602562314 ], [ 35.408523559814512, 0.703801274709122 ], [ 35.502456664743363, 0.702688455407952 ], [ 35.503170013285512, 0.710699915668613 ], [ 35.497596740996869, 0.715089380670406 ], [ 35.492023467808849, 0.726570546793369 ], [ 35.499149321583957, 0.760603844591799 ], [ 35.503273009941495, 0.761044203926929 ], [ 35.50403213487516, 0.766088187419939 ], [ 35.500888823560388, 0.770551741269912 ], [ 35.497287750129601, 0.818189740164428 ], [ 35.492641448644008, 0.820711730561982 ], [ 35.480484009429517, 0.819595515420758 ], [ 35.491233825280858, 0.852825522579849 ], [ 35.486980437597197, 0.875825107442779 ], [ 35.455097197577686, 0.874867797111222 ], [ 35.467792511415325, 0.899703919900048 ], [ 35.413825988678468, 0.907244026590604 ], [ 35.412769317649918, 0.915736079156773 ], [ 35.418281554750024, 0.937477827240002 ], [ 35.38495635974823, 0.943581998110744 ], [ 35.377975464096437, 0.935341358217158 ], [ 35.359626769959505, 0.944353997738858 ], [ 35.34888458215778, 0.919759929277348 ], [ 35.329437256424285, 0.931552648436025 ], [ 35.305080413830069, 0.890322149147892 ], [ 35.296035767436763, 0.902733445392244 ], [ 35.292579651229971, 0.914055586196412 ], [ 35.277618408262981, 0.920345664021227 ], [ 35.268756867435513, 0.934102177873285 ], [ 35.253868102630861, 0.939712822388913 ], [ 35.236045837445488, 0.930553435992351 ], [ 35.227851867869447, 0.92016708834052 ], [ 35.221866608057553, 0.918608546147539 ], [ 35.190277099208799, 0.924117028578053 ], [ 35.172157287928542, 0.919322371330395 ], [ 35.165256500287285, 0.921939790588908 ], [ 35.154525757257943, 0.916609823584565 ], [ 35.127506255909054, 0.9184777136756 ], [ 35.125938415625455, 0.911648630779723 ], [ 35.115585326701535, 0.905937909706836 ], [ 35.111957549701231, 0.892244160439702 ], [ 35.116252898852224, 0.884808302261376 ], [ 35.111995697143755, 0.879811525081891 ], [ 35.111358642587334, 0.854587197341345 ], [ 35.123954772894479, 0.819514393874215 ], [ 35.124382019214863, 0.826497256343373 ], [ 35.129840850974517, 0.829160034707911 ], [ 35.145393371207149, 0.826461435446959 ], [ 35.146869659607148, 0.73943781820077 ], [ 35.153911590447592, 0.739737450722828 ], [ 35.152923583556571, 0.673759460430801 ], [ 35.149326324150593, 0.66634643064333 ], [ 35.15402221695183, 0.661128878894715 ], [ 35.14955139118382, 0.658920705126491 ], [ 35.140193938999118, 0.6608147618918 ], [ 35.132266997923693, 0.654295026894033 ], [ 35.122089385616732, 0.652800738563258 ], [ 35.112457275083216, 0.640617906990883 ], [ 35.102951049851129, 0.646794975108037 ], [ 35.095527649081816, 0.636687039575236 ], [ 35.085239410270617, 0.629462957349631 ], [ 35.069801330567032, 0.628682494201769 ], [ 35.063537596582876, 0.632870376166977 ], [ 35.052661895430163, 0.629952490714913 ], [ 35.053451537958153, 0.637030422316172 ], [ 35.042755127447208, 0.642123579839392 ], [ 35.037223815726577, 0.641451954444165 ], [ 35.038845062249891, 0.630766748586609 ], [ 35.027042387596168, 0.613827110432851 ], [ 34.997829437078906, 0.635907113322673 ], [ 34.99433517432891, 0.629801928915924 ], [ 34.976554870610869, 0.624452889089582 ], [ 34.964500427153041, 0.609523415573221 ], [ 34.943950653100217, 0.606895506622379 ], [ 34.920028686674584, 0.591424047681699 ], [ 34.913448333773658, 0.591684460769272 ], [ 34.896816253867087, 0.603746770597013 ], [ 34.888885497867477, 0.605553507688285 ], [ 34.896034240288031, 0.599153876250455 ], [ 34.850303648594547, 0.545729638412126 ], [ 35.044395446792464, 0.561479807147407 ], [ 35.098667144573142, 0.539091050811408 ], [ 35.105400085445638, 0.554568052273851 ], [ 35.115489959893807, 0.544907629283728 ], [ 35.127296447672961, 0.543554424796923 ], [ 35.139545440569691, 0.534688651759893 ], [ 35.15622711179185, 0.538313746082565 ], [ 35.165229797617144, 0.546167432880793 ], [ 35.159847259843218, 0.504206300080739 ], [ 35.139247893575487, 0.471676408839244 ], [ 35.171047210660277, 0.42153084287412 ], [ 35.175548553123292, 0.419167072002836 ], [ 35.193222046160543, 0.377632350052977 ], [ 35.223388671949692, 0.327543079849306 ], [ 35.303192138806196, 0.211268395220316 ], [ 35.340000152684922, 0.193821564613586 ], [ 35.340282439982673, 0.16810156383616 ], [ 35.335891724023895, 0.160501793423066 ], [ 35.335891724023895, 0.143087520972358 ], [ 35.370822906751812, 0.127243444129704 ], [ 35.385997771979646, 0.101854733808977 ], [ 35.396259308120648, 0.109013206894019 ], [ 35.401317596230115, 0.107963293371313 ], [ 35.434829711721875, 0.025466535052601 ], [ 35.465167999203857, 0.027345037143789 ], [ 35.470626830963511, 0.019859783702088 ], [ 35.457908630279121, 0.015019695402657 ], [ 35.459144591949439, 0.010629847289692 ], [ 35.47873306268076, 0.015357376441841 ], [ 35.493701934596629, 0.01468201436353 ], [ 35.500343322686263, 0.009954486110701 ], [ 35.513568878600893, 0.008547484179076 ], [ 35.516044616865599, 0.015863897101212 ], [ 35.522800444584902, 0.015413656015483 ], [ 35.526447296205788, 0.046836238101946 ], [ 35.541233062555818, 0.04760576369506 ], [ 35.537883758828457, 0.058502290448416 ], [ 35.544696807711546, 0.072303168756264 ], [ 35.539352417380201, 0.080074466863209 ], [ 35.540714264351891, 0.089908771072999 ], [ 35.572742461595396, 0.067274310061407 ], [ 35.573875428408371, 0.113933578571846 ], [ 35.589626312104656, 0.149074047928991 ], [ 35.587440490985898, 0.169496640757416 ] ] ] } },
{ "type": "Feature", "properties": { "shapeName": "Kakamega", "shapeISO": "KE-11", "shapeID": "32016919B72187572718143", "shapeGroup": "KEN", "shapeType": "ADM1" }, "geometry": { "type": "Polygon", "coordinates": [ [ [ 35.017711638980984, 0.887543797108606 ], [ 35.012172699210737, 0.859618425749773 ], [ 35.023792267399301, 0.850395620061875 ], [ 35.025779724154972, 0.838760078115172 ], [ 35.023281097244876, 0.83083647532311 ], [ 35.026576995631899, 0.824740290432089 ], [ 35.030902862377275, 0.81984335059019 ], [ 35.040126800311612, 0.818130135797162 ], [ 35.051177978081284, 0.800655365053103 ], [ 35.062526702845105, 0.794816195610963 ], [ 35.062168121561626, 0.786578476715363 ], [ 35.065982819051897, 0.781852900890726 ], [ 35.062782286573338, 0.76309323276655 ], [ 35.043411254825628, 0.760623335598495 ], [ 35.036941528428827, 0.755355178998343 ], [ 35.039012909018595, 0.748430967615093 ], [ 35.030235290226528, 0.751722693147826 ], [ 35.026721954654533, 0.748669921979342 ], [ 35.027408599627222, 0.743979156213129 ], [ 35.023616790782341, 0.742869078944864 ], [ 35.019126892192389, 0.742970585424246 ], [ 35.016773224304927, 0.750050783317022 ], [ 35.010742187202254, 0.752886891616811 ], [ 35.003635406249032, 0.744926811423284 ], [ 34.996578216611454, 0.743843376570624 ], [ 34.985515594069454, 0.753037630582241 ], [ 34.980339051406133, 0.752116798551469 ], [ 34.976379394893229, 0.755407571702108 ], [ 34.969547271389501, 0.751288711804648 ], [ 34.961223601588017, 0.751816928608434 ], [ 34.956905364690897, 0.747626721895756 ], [ 34.954490661614784, 0.751467168774866 ], [ 34.948329925185931, 0.75173127627744 ], [ 34.939373016651473, 0.739403307616612 ], [ 34.936447143420992, 0.741858899268834 ], [ 34.933113097591445, 0.738525271624042 ], [ 34.92856597873697, 0.740117132799469 ], [ 34.921348572178943, 0.724833846205058 ], [ 34.928730010581603, 0.709200799777136 ], [ 34.925575256293087, 0.701034486152651 ], [ 34.919013977113423, 0.698871552779963 ], [ 34.916923522802392, 0.692725420441832 ], [ 34.906013489131283, 0.684730410580016 ], [ 34.896633148301191, 0.686015367315406 ], [ 34.891460418763359, 0.690562487069144 ], [ 34.881065368372106, 0.682396173444715 ], [ 34.859661102577888, 0.682975352130825 ], [ 34.85688400239485, 0.673888147120351 ], [ 34.844184875431722, 0.668255985425446 ], [ 34.840843200653239, 0.658519208194946 ], [ 34.837196349931673, 0.656570434877722 ], [ 34.837696075313659, 0.649189352606584 ], [ 34.832134246898022, 0.64541315958968 ], [ 34.834602356213793, 0.636204660316878 ], [ 34.830799102596586, 0.623890936017915 ], [ 34.815567016204909, 0.616067290173362 ], [ 34.808391571114157, 0.605224073432282 ], [ 34.803646087896709, 0.605802536258068 ], [ 34.80181884806143, 0.600072800819134 ], [ 34.798564911141796, 0.599121033908659 ], [ 34.809623717860347, 0.585643769444459 ], [ 34.796413421642171, 0.583702146636824 ], [ 34.78776168815142, 0.575602413420711 ], [ 34.782897948581535, 0.576468587355464 ], [ 34.777511596782801, 0.572946965430162 ], [ 34.770141601353885, 0.563543319568566 ], [ 34.764034271164746, 0.562858045162727 ], [ 34.764595031735382, 0.555862426709666 ], [ 34.759544372574794, 0.546685934308471 ], [ 34.748096466079119, 0.53487426013902 ], [ 34.742603301801012, 0.535930753101809 ], [ 34.73809051456567, 0.531438350799306 ], [ 34.734123230003092, 0.51806944564845 ], [ 34.726604462426053, 0.510641872924168 ], [ 34.721134185894016, 0.506890415760154 ], [ 34.718009948300505, 0.509927988385982 ], [ 34.714534759271771, 0.508890569144512 ], [ 34.709495543984247, 0.503602922436983 ], [ 34.701419830760642, 0.506587266888914 ], [ 34.688350677741653, 0.484667658985302 ], [ 34.675174713142553, 0.482653319694975 ], [ 34.677947998401464, 0.471241445436419 ], [ 34.672672271308329, 0.469699531708045 ], [ 34.666507720854668, 0.459363162080308 ], [ 34.66037750202014, 0.460086524573512 ], [ 34.656501770240538, 0.453719079871689 ], [ 34.65003967279273, 0.45485171663347 ], [ 34.642700194958081, 0.450273633221627 ], [ 34.631336212296389, 0.452976703911816 ], [ 34.631481170419704, 0.459496408332654 ], [ 34.627120972055252, 0.46280860873037 ], [ 34.626300811932992, 0.459610641118218 ], [ 34.617660522315305, 0.455974816984281 ], [ 34.616050720564374, 0.442830682090346 ], [ 34.605056763059224, 0.45028313995499 ], [ 34.596462249832996, 0.444029927139468 ], [ 34.592075347899026, 0.445029288870614 ], [ 34.590354919643858, 0.435273498173444 ], [ 34.592819214035558, 0.429210633164246 ], [ 34.589954375993727, 0.419530988064707 ], [ 34.581275939832835, 0.430483399589264 ], [ 34.580966949864887, 0.451889783286902 ], [ 34.577651977756602, 0.455991089317365 ], [ 34.562679290916606, 0.457795709404536 ], [ 34.551265716939326, 0.469856261956977 ], [ 34.538005829405563, 0.461060464269053 ], [ 34.532333373586368, 0.442807257449033 ], [ 34.497760773041307, 0.457803577573088 ], [ 34.493091582910267, 0.471381604777264 ], [ 34.482715606240276, 0.484349667703043 ], [ 34.470207214691243, 0.479192167284737 ], [ 34.460506439120934, 0.469180584216645 ], [ 34.447898864940726, 0.468389421834388 ], [ 34.439701080440557, 0.463225990387173 ], [ 34.43411636337953, 0.46407663842615 ], [ 34.420154571176568, 0.474778265005 ], [ 34.409465789614558, 0.476259499676189 ], [ 34.392662048015154, 0.468924790946403 ], [ 34.390624999943839, 0.462726294682795 ], [ 34.383159637707195, 0.459091692727498 ], [ 34.375286101972108, 0.461661486588355 ], [ 34.362274170116905, 0.457717537634323 ], [ 34.361209869240099, 0.437107175355891 ], [ 34.356296539253947, 0.431238352567959 ], [ 34.34831619283807, 0.430237382848986 ], [ 34.343315124093749, 0.425475269368235 ], [ 34.36094284073954, 0.40643635365484 ], [ 34.378623962725726, 0.405261695171134 ], [ 34.384178161293164, 0.398841113126934 ], [ 34.406257629086383, 0.388314396592193 ], [ 34.423381805426004, 0.374494463448798 ], [ 34.402103424033839, 0.362786710438399 ], [ 34.397418976004985, 0.344151348406058 ], [ 34.386177062821218, 0.337622105775608 ], [ 34.383327483576579, 0.318402886783872 ], [ 34.37065887420772, 0.30655878755806 ], [ 34.396915435698872, 0.285389005598176 ], [ 34.397262573109288, 0.282417595195909 ], [ 34.389533996396892, 0.275416135646196 ], [ 34.401412964137023, 0.261566877409507 ], [ 34.398097992028738, 0.234076797706109 ], [ 34.383804321212494, 0.229264601879947 ], [ 34.391750336009238, 0.207249790845196 ], [ 34.384590148816358, 0.182003721994249 ], [ 34.387725830282875, 0.180041775407631 ], [ 34.400432587094258, 0.185823872973401 ], [ 34.428131103567637, 0.212580903585888 ], [ 34.444816589713923, 0.218600943778597 ], [ 34.451408385588593, 0.206834510004683 ], [ 34.436275481828091, 0.202158868137303 ], [ 34.425930022752425, 0.186858936890474 ], [ 34.430606841832343, 0.177974239419655 ], [ 34.441734313587745, 0.168021633891328 ], [ 34.434707642443811, 0.156778678393323 ], [ 34.424926757963533, 0.152555138309026 ], [ 34.436527252430835, 0.146094903357152 ], [ 34.467075348148853, 0.157682881060168 ], [ 34.481903075966216, 0.151627138681533 ], [ 34.48400878907438, 0.140477672206828 ], [ 34.481723785324505, 0.138356774945237 ], [ 34.471572875687741, 0.131175398825633 ], [ 34.45672607414906, 0.130687609245797 ], [ 34.459053039366324, 0.123085222704901 ], [ 34.480079651055121, 0.115280591226337 ], [ 34.473865509285872, 0.112758367904405 ], [ 34.473567962291668, 0.102598063949529 ], [ 34.479438781574572, 0.105655677967206 ], [ 34.493164062871244, 0.102199323440061 ], [ 34.495113373083768, 0.111163548858713 ], [ 34.503288268938491, 0.115761778883041 ], [ 34.495578765947357, 0.121846303164432 ], [ 34.50027084382441, 0.127559244663473 ], [ 34.502498626410556, 0.128488183183151 ], [ 34.503616332627701, 0.122264317943973 ], [ 34.508491516070649, 0.118269898137328 ], [ 34.513824463428307, 0.130498096010342 ], [ 34.524742126048352, 0.124269157695494 ], [ 34.532463073811869, 0.133798898400471 ], [ 34.541648864303681, 0.138569712822061 ], [ 34.555355071879092, 0.127959698381403 ], [ 34.55321502715185, 0.118096836200095 ], [ 34.54497528118435, 0.113444984098805 ], [ 34.556644439789125, 0.11150564287118 ], [ 34.560752867550832, 0.106928385936328 ], [ 34.559253692304083, 0.101324185962483 ], [ 34.555118560972858, 0.099299624977732 ], [ 34.560348510775214, 0.093925759366357 ], [ 34.566547393747271, 0.097542546651255 ], [ 34.573051452662469, 0.095746047442162 ], [ 34.578636169723495, 0.101825572392272 ], [ 34.586853027045606, 0.104337535349032 ], [ 34.586265563804773, 0.115482403590079 ], [ 34.601177214556856, 0.121000072595336 ], [ 34.60636901871527, 0.119546495674285 ], [ 34.620231628287058, 0.126745163958219 ], [ 34.637695312188953, 0.129375457911124 ], [ 34.663574218675308, 0.126624583757575 ], [ 34.6762657166895, 0.129871889975789 ], [ 34.68254470857147, 0.121549748122447 ], [ 34.695644378285465, 0.13447496284931 ], [ 34.704299926700287, 0.131108910148157 ], [ 34.704364776813065, 0.139597788107494 ], [ 34.716773986630244, 0.139727994651253 ], [ 34.73831558159884, 0.149083375697273 ], [ 34.737941742417547, 0.141928046642079 ], [ 34.747341156069524, 0.136000975664558 ], [ 34.766292572244481, 0.144734397274647 ], [ 34.765914917239684, 0.149368882567899 ], [ 34.769557953037179, 0.151969864917362 ], [ 34.775989532890662, 0.150267406915361 ], [ 34.785491943198679, 0.159559354280816 ], [ 34.790134429760201, 0.157446398932223 ], [ 34.795951843702653, 0.162614584195751 ], [ 34.805061340208738, 0.164166003758112 ], [ 34.815521239813393, 0.161834121047889 ], [ 34.815265655185897, 0.177448600972184 ], [ 34.810894012049062, 0.184045076019515 ], [ 34.82352447487466, 0.187347769683868 ], [ 34.84584426759892, 0.183093294719811 ], [ 34.850955962847479, 0.184928864075857 ], [ 34.851898193346983, 0.190536276428077 ], [ 34.85787200928587, 0.192621588415648 ], [ 34.859611511262301, 0.198908165179716 ], [ 34.866683959697014, 0.195096224111523 ], [ 34.873947144445196, 0.199978888115254 ], [ 34.883548735585748, 0.197570860706719 ], [ 34.88658523532041, 0.204604551059219 ], [ 34.892211913848769, 0.206822216272315 ], [ 34.895732879269019, 0.206422463126216 ], [ 34.902957916574621, 0.195581644877052 ], [ 34.90947723428701, 0.195305615961445 ], [ 34.918186188042171, 0.200340554073364 ], [ 34.925144195947951, 0.199192121619149 ], [ 34.927864074967147, 0.207296744449252 ], [ 34.941463470063127, 0.207023754342856 ], [ 34.955150603917275, 0.241048395267285 ], [ 34.977218627837431, 0.240429758826338 ], [ 34.944095611223531, 0.315534562070411 ], [ 34.935287475736459, 0.357144176862334 ], [ 34.947055816972409, 0.354218214598973 ], [ 34.954032897700131, 0.366772562403867 ], [ 34.956039429076441, 0.415016561365235 ], [ 34.923309326264473, 0.474896251560835 ], [ 34.906467438121808, 0.49286016806235 ], [ 34.906265258834651, 0.502556622390273 ], [ 34.885883331550588, 0.520452499783062 ], [ 34.873107910601618, 0.524926423715556 ], [ 34.850303648594547, 0.545729638412126 ], [ 34.896034240288031, 0.599153876250455 ], [ 34.888885497867477, 0.605553507688285 ], [ 34.896816253867087, 0.603746770597013 ], [ 34.913448333773658, 0.591684460769272 ], [ 34.920028686674584, 0.591424047681699 ], [ 34.943950653100217, 0.606895506622379 ], [ 34.964500427153041, 0.609523415573221 ], [ 34.976554870610869, 0.624452889089582 ], [ 34.99433517432891, 0.629801928915924 ], [ 34.997829437078906, 0.635907113322673 ], [ 35.027042387596168, 0.613827110432851 ], [ 35.038845062249891, 0.630766748586609 ], [ 35.037223815726577, 0.641451954444165 ], [ 35.042755127447208, 0.642123579839392 ], [ 35.053451537958153, 0.637030422316172 ], [ 35.052661895430163, 0.629952490714913 ], [ 35.063537596582876, 0.632870376166977 ], [ 35.069801330567032, 0.628682494201769 ], [ 35.085239410270617, 0.629462957349631 ], [ 35.095527649081816, 0.636687039575236 ], [ 35.102951049851129, 0.646794975108037 ], [ 35.112457275083216, 0.640617906990883 ], [ 35.122089385616732, 0.652800738563258 ], [ 35.132266997923693, 0.654295026894033 ], [ 35.140193938999118, 0.6608147618918 ], [ 35.14955139118382, 0.658920705126491 ], [ 35.1541366565815, 0.661718964558588 ], [ 35.149326324150593, 0.66634643064333 ], [ 35.152923583556571, 0.673759460430801 ], [ 35.153911590447592, 0.739737450722828 ], [ 35.146869659607148, 0.73943781820077 ], [ 35.145393371207149, 0.826461435446959 ], [ 35.129840850974517, 0.829160034707911 ], [ 35.124382019214863, 0.826497256343373 ], [ 35.123954772894479, 0.819514393874215 ], [ 35.111358642587334, 0.854587197341345 ], [ 35.111995697143755, 0.879811525081891 ], [ 35.101108551218715, 0.873256027643606 ], [ 35.096683501842165, 0.877753198151595 ], [ 35.082843780915823, 0.882309854316361 ], [ 35.078254699694696, 0.894754470442479 ], [ 35.071315766409555, 0.897597909116257 ], [ 35.059097290207831, 0.896610439120536 ], [ 35.050899505707662, 0.90071499440154 ], [ 35.046463011558785, 0.897419453045359 ], [ 35.044868470403628, 0.900251030560639 ], [ 35.038349151791977, 0.90051275485979 ], [ 35.037479400354073, 0.896336794307672 ], [ 35.030151367291808, 0.892410695996887 ], [ 35.023715973413516, 0.894397557401419 ], [ 35.017711638980984, 0.887543797108606 ] ] ] } },
{ "type": "Feature", "properties": { "shapeName": "Laikipia", "shapeISO": "KE-20", "shapeID": "32016919B40191501607276", "shapeGroup": "KEN", "shapeType": "ADM1" }, "geometry": { "type": "Polygon", "coordinates": [ [ [ 36.488716125348958, 0.846797405575842 ], [ 36.473312378163769, 0.838503599561534 ], [ 36.404453276597508, 0.71719026531855 ], [ 36.344585418782117, 0.659283995260239 ], [ 36.288593291847008, 0.644647777173248 ], [ 36.275680541723659, 0.631668507795439 ], [ 36.294044494657726, 0.565327465690018 ], [ 36.229389190358916, 0.426579088254357 ], [ 36.183837890206519, 0.314393013926519 ], [ 36.193275451301076, 0.300646424093259 ], [ 36.197471618720272, 0.285618394773167 ], [ 36.214988708861881, 0.252225458338273 ], [ 36.201850890806043, 0.234663083734347 ], [ 36.235652923443695, 0.209101914921462 ], [ 36.276012420336997, 0.148124605765986 ], [ 36.283706665430316, 0.127467870845635 ], [ 36.28693771370456, 0.111474558703947 ], [ 36.269405364765817, 0.08824349913823 ], [ 36.255134582594962, 0.056153352994897 ], [ 36.265033721628981, 0.026316937576667 ], [ 36.255485534929562, -0.02195904037734 ], [ 36.267272948987454, -0.021581416848846 ], [ 36.271255493246485, -0.001097153011131 ], [ 36.292690278433668, 0.011928245292324 ], [ 36.293518066605543, 0.004762662167195 ], [ 36.298576354715067, 0.005240891054314 ], [ 36.302543640176907, 0.016118986202287 ], [ 36.330627442402601, 0.022940087614984 ], [ 36.329738617243436, 0.028557466254085 ], [ 36.345607757292214, 0.031009495691706 ], [ 36.336425780825152, 0.062841302584104 ], [ 36.348773956353057, 0.070509470935406 ], [ 36.354393005033216, 0.068637005993082 ], [ 36.36344146724997, 0.0485303629859 ], [ 36.38479614262792, 0.031678233363834 ], [ 36.385375976919875, 0.037251025414548 ], [ 36.392490386821919, 0.030502449828248 ], [ 36.399330139274582, 0.03288195613743 ], [ 36.398883819232935, 0.040104296376228 ], [ 36.41350936866246, 0.03961389156791 ], [ 36.423938751572166, 0.045989170264022 ], [ 36.400730132789477, 0.059643216261463 ], [ 36.423126220398785, 0.085417345434166 ], [ 36.441078185809658, 0.091523967856858 ], [ 36.462451934908927, 0.140295192569113 ], [ 36.510444640807577, 0.085128567729271 ], [ 36.521347046429128, 0.048694923631842 ], [ 36.573844909714865, 0.070776685595604 ], [ 36.588245392111219, 0.044062037333219 ], [ 36.589103698776739, 0.027821747975338 ], [ 36.599189758300781, 0.003372425397174 ], [ 36.607055664187612, 0.003322829584988 ], [ 36.634639740131945, 0.016176196574236 ], [ 36.649494172418201, -0.016922335996981 ], [ 36.579757689565781, -0.022277096410846 ], [ 36.57365417520009, -0.033901538924852 ], [ 36.558895112419577, -0.044854804805368 ], [ 36.549339294073206, -0.065633489593836 ], [ 36.544578552058567, -0.068373538607887 ], [ 36.557411194171323, -0.080730035562624 ], [ 36.552158355723577, -0.091465465858505 ], [ 36.559345245586655, -0.09286640456088 ], [ 36.573165893691112, -0.105176479410943 ], [ 36.596443176611388, -0.104067929191558 ], [ 36.63290786710445, -0.108735510435395 ], [ 36.653797149618811, -0.154186055042373 ], [ 36.710800171191011, -0.136740982610206 ], [ 36.715934753286263, -0.129564583338777 ], [ 36.7521858224178, -0.120835542326347 ], [ 36.763191222896694, -0.10931895640465 ], [ 36.764942168746131, -0.114745013271715 ], [ 36.790672302185044, -0.106751784966832 ], [ 36.82906341514456, -0.103601172955734 ], [ 36.829006194880037, -0.135690778606488 ], [ 36.859565733571799, -0.143487155207993 ], [ 36.856594085748497, -0.154935986206738 ], [ 36.862506865599414, -0.159797013421382 ], [ 36.869117736994042, -0.177764535305016 ], [ 36.862129210594674, -0.188222258550354 ], [ 36.855716705361715, -0.190279930774125 ], [ 36.850105285630491, -0.197630659127583 ], [ 36.837585449309074, -0.197744861336218 ], [ 36.841487884658193, -0.207687094983385 ], [ 36.840999603149214, -0.216028764715645 ], [ 36.85473632831895, -0.254302322793933 ], [ 36.8688392637211, -0.24904294267759 ], [ 36.877780914357743, -0.260292917384163 ], [ 36.961215973138678, -0.284724891140741 ], [ 36.985412597913125, -0.296194196105205 ], [ 36.995800017556803, -0.271312862598506 ], [ 36.988132476932321, -0.255677253102704 ], [ 37.001167297432858, -0.248762667163305 ], [ 37.011604309291499, -0.231802299636399 ], [ 37.007026671943436, -0.221203893644713 ], [ 37.01680374060021, -0.180796384645362 ], [ 37.004428863301428, -0.176792040819976 ], [ 37.006706238102481, -0.150287344685182 ], [ 36.993824005573458, -0.145700975819352 ], [ 36.983600616875037, -0.134985148945418 ], [ 36.976993560404537, -0.070816472302283 ], [ 36.996459960758614, -0.064960435175919 ], [ 37.024356841595022, -0.049103382914723 ], [ 37.051502227345964, -0.009940355762751 ], [ 37.063228607114581, 0.001882561730895 ], [ 37.071144104317, 0.000900258340323 ], [ 37.076862335628334, 0.009813352804031 ], [ 37.079383850284501, 0.002722116632413 ], [ 37.076530456115734, -0.002686775774009 ], [ 37.087474823204559, -0.016505621637066 ], [ 37.091766357431482, -0.017459983091726 ], [ 37.112094879375263, -0.038195681185698 ], [ 37.123703002791387, -0.054468043065697 ], [ 37.131500245440009, -0.029827146005914 ], [ 37.110301971159117, -0.01290844586805 ], [ 37.103244782420802, 0.006506300125693 ], [ 37.088100432988654, 0.022644901341152 ], [ 37.110637664696526, 0.039139159244826 ], [ 37.139720916786928, 0.040715832669605 ], [ 37.153682708989891, 0.051249842706113 ], [ 37.188758849841122, 0.058997630736144 ], [ 37.202808379902876, 0.068593032742342 ], [ 37.223003387596293, 0.076723068614797 ], [ 37.23353958118679, 0.083672359391926 ], [ 37.235046386281738, 0.102457344331015 ], [ 37.248027801441935, 0.105087049227961 ], [ 37.250431060644985, 0.097645543307237 ], [ 37.253398895342798, 0.098093152077354 ], [ 37.26235961880144, 0.112180099332193 ], [ 37.279003142581018, 0.128244251071351 ], [ 37.281688689981138, 0.134063452866087 ], [ 37.280792236772356, 0.152416333347162 ], [ 37.302280426400614, 0.17166447633457 ], [ 37.307201385335702, 0.179721832596556 ], [ 37.338088990414633, 0.184198155920228 ], [ 37.333614349722495, 0.192255512182214 ], [ 37.348571777765358, 0.196298897376266 ], [ 37.34809875505357, 0.207322254618418 ], [ 37.366954804420743, 0.24650007471871 ], [ 37.362079620078475, 0.248141438176901 ], [ 37.359745025912275, 0.253699809598572 ], [ 37.372459411672537, 0.262712239578264 ], [ 37.374614715197026, 0.271195202696504 ], [ 37.385826110786411, 0.274423509837163 ], [ 37.38822936998946, 0.285652131041047 ], [ 37.394039154083771, 0.289449215309105 ], [ 37.392196654552038, 0.296512067078254 ], [ 37.395530700381585, 0.300043493412545 ], [ 37.391178130966011, 0.312204568586026 ], [ 37.393692016673299, 0.316233366776487 ], [ 37.391101836980226, 0.324639171660465 ], [ 37.391895294432345, 0.353128969226589 ], [ 37.383644103692461, 0.355775445580377 ], [ 37.378120422719405, 0.36368384982984 ], [ 37.379341125592532, 0.376889408419515 ], [ 37.370040893672353, 0.38196271700582 ], [ 37.368820190799227, 0.395193159836481 ], [ 37.362529755044193, 0.407354206231673 ], [ 37.354099273662598, 0.411084592280133 ], [ 37.348278045695281, 0.439485967603389 ], [ 37.348876952809178, 0.455824315439827 ], [ 37.35988998403559, 0.473972111823571 ], [ 37.359500885157786, 0.500202297997703 ], [ 37.369049071857205, 0.511553108289377 ], [ 36.864368438852409, 0.565753936794806 ], [ 36.867652893366369, 0.578731834706446 ], [ 36.867050171328401, 0.596947371623969 ], [ 36.879177093847829, 0.605358123678513 ], [ 36.883590697552677, 0.61311835023173 ], [ 36.888057708396559, 0.609621644023719 ], [ 36.890174865377787, 0.623127460164199 ], [ 36.893512726131462, 0.621994138119021 ], [ 36.897624969716617, 0.630729795443756 ], [ 36.909606933213468, 0.632710277957017 ], [ 36.90819549582551, 0.643606245332023 ], [ 36.912582397759479, 0.650628565555905 ], [ 36.913402556982476, 0.661257386619127 ], [ 36.921340942830284, 0.660608589614753 ], [ 36.923748016058141, 0.665321946350787 ], [ 36.92712402335502, 0.676599561720423 ], [ 36.927257537605328, 0.728904187678154 ], [ 36.931285858255819, 0.733282268162213 ], [ 36.931915282963985, 0.742910563771545 ], [ 36.919883728151603, 0.738091408991352 ], [ 36.917072296349431, 0.729630410914751 ], [ 36.913978576350246, 0.728556990912466 ], [ 36.910408019614465, 0.728504061313402 ], [ 36.908443450604807, 0.737483680427545 ], [ 36.903244018396776, 0.740238248996036 ], [ 36.889007568744375, 0.737428426980387 ], [ 36.886547088377483, 0.733368098558969 ], [ 36.881072997820638, 0.733222008189159 ], [ 36.877674102777689, 0.738051354986112 ], [ 36.865810394733955, 0.737651109910814 ], [ 36.856689452556225, 0.763484000786036 ], [ 36.84087753277197, 0.790008365993344 ], [ 36.84384918239391, 0.794856071550498 ], [ 36.834045410167619, 0.800426900381183 ], [ 36.831596374573053, 0.815230488596228 ], [ 36.819763183224381, 0.838954329878447 ], [ 36.815612793095966, 0.855941951360023 ], [ 36.793354034661036, 0.869399666361574 ], [ 36.77309417685484, 0.865648806347394 ], [ 36.756141662207995, 0.858402848112974 ], [ 36.734676361225127, 0.825043976198572 ], [ 36.708412170785095, 0.814358651630528 ], [ 36.687236786048913, 0.817456245009737 ], [ 36.673019409218398, 0.816652715150724 ], [ 36.669513702595339, 0.81330567591624 ], [ 36.48241043079679, 0.81349521882936 ], [ 36.488716125348958, 0.846797405575842 ] ] ] } },
{ "type": "Feature", "properties": { "shapeName": "Busia", "shapeISO": "KE-04", "shapeID": "32016919B17784979587790", "shapeGroup": "KEN", "shapeType": "ADM1" }, "geometry": { "type": "Polygon", "coordinates": [ [ [ 34.360527038292219, 0.778413057017019 ], [ 34.312992096308278, 0.763721465873004 ], [ 34.306945800408414, 0.720634162436681 ], [ 34.312808990742383, 0.697315454044997 ], [ 34.299007414560606, 0.693032443592472 ], [ 34.291297911569416, 0.685322940601282 ], [ 34.278270721816398, 0.680897176263727 ], [ 34.279754638266013, 0.659025191959074 ], [ 34.275566100695016, 0.642292797174889 ], [ 34.263195037421099, 0.639456450554803 ], [ 34.251609802650307, 0.632289529238449 ], [ 34.240825653381251, 0.63563030919147 ], [ 34.235961913811309, 0.629510342628237 ], [ 34.220409393578677, 0.632537007377039 ], [ 34.215148926182053, 0.62548428737 ], [ 34.207695006919096, 0.628406286321081 ], [ 34.204250334585311, 0.625322461562405 ], [ 34.200317383440563, 0.628225446147496 ], [ 34.195472717591883, 0.621610522407707 ], [ 34.191932677551108, 0.622029304308967 ], [ 34.191104887580536, 0.616004525588437 ], [ 34.185794830666964, 0.612825572342331 ], [ 34.185802459615843, 0.606876910441088 ], [ 34.176811218562932, 0.608104705367907 ], [ 34.162284850865205, 0.599081755118959 ], [ 34.151683807162044, 0.587812661725025 ], [ 34.144191742255146, 0.584605157701901 ], [ 34.137641906948488, 0.585842430583739 ], [ 34.127067565915468, 0.557926595635934 ], [ 34.126106262594021, 0.537320494345408 ], [ 34.117107391692798, 0.523300408986756 ], [ 34.123367309853506, 0.517020345112883 ], [ 34.117134094362996, 0.509910523551866 ], [ 34.120807647754816, 0.480405212430639 ], [ 34.089771271427082, 0.456305086710415 ], [ 34.089916230449717, 0.425796062038671 ], [ 34.10013580332469, 0.412639588446325 ], [ 34.108921051065693, 0.378244609401236 ], [ 34.100349425585591, 0.349865138865141 ], [ 34.072776794413585, 0.326022953096867 ], [ 34.05894851556161, 0.324680923585788 ], [ 34.060108185044783, 0.312345802616733 ], [ 34.050228118832649, 0.304864764297463 ], [ 34.04986953844849, 0.294756829663982 ], [ 34.0407028198793, 0.289531529356623 ], [ 34.042331695351493, 0.276787132320351 ], [ 34.03284072891654, 0.269277572901728 ], [ 34.02593994127534, 0.269077688684433 ], [ 34.02245712239835, 0.255105495822022 ], [ 34.005058288609177, 0.240752577669355 ], [ 34.005363464552318, 0.235782086773952 ], [ 33.91391754176118, 0.111395418363941 ], [ 33.91181945760195, 0.100251190440133 ], [ 33.95051574740387, -0.02597906478195 ], [ 34.019397735816881, -0.026972249070013 ], [ 34.030155182415797, -0.017370362052532 ], [ 34.042133330988463, -0.000137519730686 ], [ 34.065998077149573, 0.090507596348516 ], [ 34.073749543406734, 0.104807965315388 ], [ 34.071834563914024, 0.119647481446179 ], [ 34.084449767942488, 0.122743159269419 ], [ 34.087154388164549, 0.126424461219983 ], [ 34.091392517051077, 0.124111824001545 ], [ 34.099948882834724, 0.135845005342787 ], [ 34.10513305624562, 0.135735854626034 ], [ 34.103168487235962, 0.12547576459491 ], [ 34.109115601403914, 0.131861031161691 ], [ 34.114208221132571, 0.14516234416692 ], [ 34.112075805354209, 0.176076306576363 ], [ 34.105499267377354, 0.186898096969628 ], [ 34.110771180445681, 0.200127898583673 ], [ 34.109455108966131, 0.205979913042597 ], [ 34.116077423334445, 0.220084919583428 ], [ 34.116085052283381, 0.241969242586549 ], [ 34.138637542788445, 0.258284509322721 ], [ 34.157760619756857, 0.289678841905072 ], [ 34.158760071420204, 0.300519883186098 ], [ 34.175788879153515, 0.294739007799024 ], [ 34.184585571666844, 0.285873620571181 ], [ 34.188529967583975, 0.275804431429435 ], [ 34.203224182050405, 0.267600059395249 ], [ 34.204483032366113, 0.260061920421322 ], [ 34.206863402923773, 0.262841134910502 ], [ 34.207645417402148, 0.288327486424407 ], [ 34.237377167022714, 0.289652228267755 ], [ 34.249916077065336, 0.31337803636734 ], [ 34.256015777406276, 0.314882844967372 ], [ 34.263992309797288, 0.315127313075095 ], [ 34.286952972002098, 0.307322442376858 ], [ 34.299839018555929, 0.310742109960472 ], [ 34.334674835375381, 0.311215788278048 ], [ 34.356586456399896, 0.305791586712417 ], [ 34.361911773909299, 0.297784567304006 ], [ 34.383327483576579, 0.318402886783872 ], [ 34.386177062821218, 0.337622105775608 ], [ 34.397418976004985, 0.344151348406058 ], [ 34.402103424033839, 0.362786710438399 ], [ 34.423381805426004, 0.374494463448798 ], [ 34.406257629086383, 0.388314396592193 ], [ 34.384178161293164, 0.398841113126934 ], [ 34.378623962725726, 0.405261695171134 ], [ 34.36094284073954, 0.40643635365484 ], [ 34.343315124093749, 0.425475269368235 ], [ 34.34831619283807, 0.430237382848986 ], [ 34.356296539253947, 0.431238352567959 ], [ 34.361209869240099, 0.437107175355891 ], [ 34.362274170116905, 0.457717537634323 ], [ 34.375286101972108, 0.461661486588355 ], [ 34.381050109674845, 0.458431391595468 ], [ 34.390624999943839, 0.462726294682795 ], [ 34.392059325977186, 0.467942417408665 ], [ 34.388736724919966, 0.471856891982043 ], [ 34.385875701802263, 0.495412647275884 ], [ 34.390014648057615, 0.499173998781089 ], [ 34.404190063420742, 0.500312387606641 ], [ 34.408645628592922, 0.504610538145869 ], [ 34.391204834235737, 0.537342071779221 ], [ 34.382591247288303, 0.542724072657848 ], [ 34.368309021244386, 0.561787545259051 ], [ 34.377033233796737, 0.578807532441715 ], [ 34.370124817206602, 0.590152859566842 ], [ 34.369583128558588, 0.603972733355022 ], [ 34.370712280447435, 0.607715189204669 ], [ 34.375576019118057, 0.606679797035042 ], [ 34.378890991226342, 0.613005578844422 ], [ 34.379108429310634, 0.624691903708424 ], [ 34.383846282679826, 0.634062528263144 ], [ 34.383136749061748, 0.643918275907765 ], [ 34.41710281444341, 0.659622729405498 ], [ 34.409255981378465, 0.681330442645844 ], [ 34.415710448978075, 0.689980387384992 ], [ 34.403213501302105, 0.728930354352428 ], [ 34.422466277596698, 0.731599569164814 ], [ 34.431503295940388, 0.726409554657266 ], [ 34.433685303034338, 0.737846672885667 ], [ 34.424098968892338, 0.767078876089329 ], [ 34.411903381336003, 0.76761430455656 ], [ 34.406414031982024, 0.757329046997995 ], [ 34.400077819835587, 0.756478428636626 ], [ 34.393184662042586, 0.759934544843418 ], [ 34.382274626572837, 0.774068594090409 ], [ 34.369258880692826, 0.772188782586284 ], [ 34.360527038292219, 0.778413057017019 ] ] ] } },
{ "type": "Feature", "properties": { "shapeName": "Meru", "shapeISO": "KE-26", "shapeID": "32016919B42702125036935", "shapeGroup": "KEN", "shapeType": "ADM1" }, "geometry": { "type": "Polygon", "coordinates": [ [ [ 37.385826110786411, 0.274423509837163 ], [ 37.374614715197026, 0.271195202696504 ], [ 37.372459411672537, 0.262712239578264 ], [ 37.359745025912275, 0.253699809598572 ], [ 37.362079620078475, 0.248141438176901 ], [ 37.366954804420743, 0.24650007471871 ], [ 37.34809875505357, 0.207322254618418 ], [ 37.348571777765358, 0.196298897376266 ], [ 37.333614349722495, 0.192255512182214 ], [ 37.338088990414633, 0.184198155920228 ], [ 37.307201385335702, 0.179721832596556 ], [ 37.302280426400614, 0.17166447633457 ], [ 37.280792236772356, 0.152416333347162 ], [ 37.281688689981138, 0.134063452866087 ], [ 37.279003142581018, 0.128244251071351 ], [ 37.26235961880144, 0.112180099332193 ], [ 37.253398895342798, 0.098093152077354 ], [ 37.250431060644985, 0.097645543307237 ], [ 37.248027801441935, 0.105087049227961 ], [ 37.235046386281738, 0.102457344331015 ], [ 37.23353958118679, 0.083672359391926 ], [ 37.223003387596293, 0.076723068614797 ], [ 37.202808379902876, 0.068593032742342 ], [ 37.188758849841122, 0.058997630736144 ], [ 37.153682708989891, 0.051249842706113 ], [ 37.139720916786928, 0.040715832669605 ], [ 37.110637664696526, 0.039139159244826 ], [ 37.088100432988654, 0.022644901341152 ], [ 37.103244782420802, 0.006506300125693 ], [ 37.110301971159117, -0.01290844586805 ], [ 37.131500245440009, -0.029827146005914 ], [ 37.130466461258209, -0.036870822430444 ], [ 37.135410308838743, -0.041344303896437 ], [ 37.307785034551728, -0.15107406711445 ], [ 37.527545929201324, -0.181450114431186 ], [ 37.590759277618645, -0.183264225963228 ], [ 37.602672576977909, -0.194425299987529 ], [ 37.614540099945714, -0.194654315943865 ], [ 37.624355316045069, -0.205778301027749 ], [ 37.63973236056006, -0.207028120351424 ], [ 37.643257140904382, -0.212285861003636 ], [ 37.655635834026555, -0.212596655011566 ], [ 37.661666870229908, -0.216473356260337 ], [ 37.66551208531456, -0.204214364701102 ], [ 37.682891845382414, -0.207505762880601 ], [ 37.689174652188512, -0.203991890413363 ], [ 37.708988189953061, -0.201531529656336 ], [ 37.722675323807209, -0.203259021186852 ], [ 37.732807159722711, -0.198901027060685 ], [ 37.744335174228979, -0.187620014052357 ], [ 37.749687194408523, -0.188051879290754 ], [ 37.755840301888497, -0.17353181584059 ], [ 37.768585205243085, -0.155988648956964 ], [ 37.7778739932902, -0.158898472886165 ], [ 37.784454345291863, -0.154549539429638 ], [ 37.796627045102127, -0.161981240042167 ], [ 37.857208252358987, -0.121045433300083 ], [ 37.85752487217519, -0.117781221626046 ], [ 37.851665496765293, -0.113108910847529 ], [ 37.855018615416839, -0.108878008912939 ], [ 37.849498747569214, -0.105016336234883 ], [ 37.862369537124493, -0.068873003186525 ], [ 37.848342895708129, -0.030365454102366 ], [ 37.850131988100827, -0.018675662351882 ], [ 37.85407257089247, -0.011836682416913 ], [ 37.873245239176526, -0.010259694229433 ], [ 37.87837600724697, -0.010724284897776 ], [ 37.877208709714239, -0.014624221030942 ], [ 37.884120941228502, -0.018465265959207 ], [ 37.891712188766576, -0.018569963233176 ], [ 37.899971007556019, 0.010245100231259 ], [ 37.916706085017836, 0.005779786408084 ], [ 37.936035156197534, 0.00707540190831 ], [ 37.938789367735183, 0.019202005168438 ], [ 37.942020416009427, 0.019823639049775 ], [ 37.939914703800582, 0.027427207299809 ], [ 37.947818756230674, 0.028506888382253 ], [ 37.956661224236143, 0.039581209305425 ], [ 37.946399688994518, 0.046335361587694 ], [ 37.960189820403968, 0.067076817141469 ], [ 37.963954925679332, 0.06841330233209 ], [ 37.986351013288697, 0.066399284099703 ], [ 37.994022369736626, 0.069101759438695 ], [ 38.000080108610177, 0.063965097211508 ], [ 38.005302428564278, 0.065437383628421 ], [ 38.015380859139384, 0.061445839853661 ], [ 38.021255493346416, 0.053135574447253 ], [ 38.028152466063489, 0.051676366870879 ], [ 38.042495727296057, 0.026490368235955 ], [ 38.047180176224231, 0.028832946583293 ], [ 38.050415039422603, 0.025620080802128 ], [ 38.053791045820162, 0.028937642957885 ], [ 38.059246063555065, 0.024690900364817 ], [ 38.062858581758178, 0.02770746123042 ], [ 38.072006225706787, 0.026320235390585 ], [ 38.075344085561142, 0.032215945209771 ], [ 38.08298873933893, 0.029618168044067 ], [ 38.088573456399956, 0.042986575869804 ], [ 38.095222473438469, 0.049117852307063 ], [ 38.104843139199545, 0.047678276930981 ], [ 38.114604949958505, 0.057441208245223 ], [ 38.11798095725544, 0.050603229255671 ], [ 38.12922287043915, 0.052945811200289 ], [ 38.136734009067311, 0.050001226675306 ], [ 38.160320281955478, 0.029454581363893 ], [ 38.176074980575947, 0.026588520244047 ], [ 38.19204330415522, 0.015071929825751 ], [ 38.205638885226449, 0.01961967370903 ], [ 38.213516234986287, 0.014339055203266 ], [ 38.223632812104654, 0.012624653305181 ], [ 38.220821380302539, 0.006885987598309 ], [ 38.228385925170357, 0.005191217001084 ], [ 38.231185913099466, -0.007601360314482 ], [ 38.237751007203258, -0.00900465883791 ], [ 38.238899231014727, -0.014078397300125 ], [ 38.246097564750869, -0.018799109591214 ], [ 38.251071929925672, -0.012121753116389 ], [ 38.256534576609454, -0.012145506909576 ], [ 38.288585661599029, -0.022267142714441 ], [ 38.291713715015987, -0.03115978299752 ], [ 38.303398132417954, -0.042283762685429 ], [ 38.300662994601566, -0.047852296446251 ], [ 38.318359375384944, -0.054313853401538 ], [ 38.329090118414285, -0.06527127325063 ], [ 38.339954376593255, -0.06025061007756 ], [ 38.345993041745544, -0.060899011380229 ], [ 38.381488799968224, -0.085508592247663 ], [ 38.387638091624694, -0.082558057808058 ], [ 38.392807007137719, -0.072356119739084 ], [ 38.403469086029531, -0.074937835013031 ], [ 38.420703887974128, -0.069284766778537 ], [ 38.411457061394344, -0.062112662669222 ], [ 38.410575866982754, -0.055660534206254 ], [ 38.413551330629446, -0.050770405829496 ], [ 38.406684876405961, -0.041363760728927 ], [ 38.404769897812571, -0.028145857145546 ], [ 38.407363892429771, -0.027122687661858 ], [ 38.400772094756405, -0.021910269243506 ], [ 38.401592254878722, -0.014118934241367 ], [ 38.393562317147257, -0.010778603050028 ], [ 38.394786834944512, -0.007563518641405 ], [ 38.380069732732011, -0.001900401382386 ], [ 38.377666474428281, 0.005916128126842 ], [ 38.37200546158283, 0.007117754580747 ], [ 38.366424560345251, 0.016671292246372 ], [ 38.357856750688541, 0.0220012853311 ], [ 38.355171203288478, 0.032708860925254 ], [ 38.357643128427696, 0.039978113399286 ], [ 38.345081329739628, 0.046164709833533 ], [ 38.34989929201879, 0.062725760385604 ], [ 38.341201782136579, 0.062261764169136 ], [ 38.341033935367875, 0.069221690328789 ], [ 38.324821471933433, 0.078001901866344 ], [ 38.329830169626689, 0.096716359272591 ], [ 38.322071075319911, 0.099916732571216 ], [ 38.319240569796534, 0.10862556132065 ], [ 38.31224441534755, 0.109553552854209 ], [ 38.308235168418321, 0.113551050140927 ], [ 38.305389404097753, 0.12243833406194 ], [ 38.306983947950869, 0.131742030170585 ], [ 38.298667907997583, 0.160105198695987 ], [ 38.279144287378983, 0.176916092603619 ], [ 38.267211914298457, 0.182067632315409 ], [ 38.262763977175837, 0.192239820811153 ], [ 38.244190216005734, 0.207111448134867 ], [ 38.239871979108614, 0.2061596659359 ], [ 38.229000091980708, 0.216486528830274 ], [ 38.221431732188762, 0.216319963595481 ], [ 38.201835633407825, 0.226349398206196 ], [ 38.198852539013501, 0.225171566015035 ], [ 38.196510314999102, 0.228681355560184 ], [ 38.195899963112879, 0.322502225996971 ], [ 38.176544189262984, 0.330056488915886 ], [ 38.094577789033792, 0.563133180152192 ], [ 38.061294554600067, 0.667436599619407 ], [ 37.825977325693088, 0.561775206560583 ], [ 37.586460114442787, 0.481161356111727 ], [ 37.584430694421087, 0.474381863632175 ], [ 37.586593627793718, 0.468628108200676 ], [ 37.581188202273779, 0.460687458759253 ], [ 37.581439971977204, 0.420016854893959 ], [ 37.585628510447464, 0.401720643393048 ], [ 37.598758697755727, 0.401491880146182 ], [ 37.603240965598161, 0.360731303606826 ], [ 37.592170715006546, 0.340099424149173 ], [ 37.580825806066173, 0.327518999602205 ], [ 37.555461883758994, 0.327821403834776 ], [ 37.552684783575955, 0.324028193846118 ], [ 37.547332763396355, 0.31476640704409 ], [ 37.550388335953016, 0.306167871150365 ], [ 37.547664642009693, 0.279069423714986 ], [ 37.537052154433411, 0.263980537272005 ], [ 37.46417999281249, 0.282956779232052 ], [ 37.427787779582388, 0.297800420553017 ], [ 37.399509429716488, 0.296196460798058 ], [ 37.399547577159012, 0.283995300143033 ], [ 37.385826110786411, 0.274423509837163 ] ] ] } },
{ "type": "Feature", "properties": { "shapeName": "Nandi", "shapeISO": "KE-32", "shapeID": "32016919B10848562282373", "shapeGroup": "KEN", "shapeType": "ADM1" }, "geometry": { "type": "Polygon", "coordinates": [ [ [ 34.850303648594547, 0.545729638412126 ], [ 34.873107910601618, 0.524926423715556 ], [ 34.885883331550588, 0.520452499783062 ], [ 34.906265258834651, 0.502556622390273 ], [ 34.906467438121808, 0.49286016806235 ], [ 34.923309326264473, 0.474896251560835 ], [ 34.956039429076441, 0.415016561365235 ], [ 34.954032897700131, 0.366772562403867 ], [ 34.947055816972409, 0.354218214598973 ], [ 34.935287475736459, 0.357144176862334 ], [ 34.944095611223531, 0.315534562070411 ], [ 34.977218627837431, 0.240429758826338 ], [ 34.955150603917275, 0.241048395267285 ], [ 34.941463470063127, 0.207023754342856 ], [ 34.927864074967147, 0.207296744449252 ], [ 34.915943145759627, 0.171752930053742 ], [ 34.920383453033992, 0.166015252701811 ], [ 34.915008545108321, 0.155121549819739 ], [ 34.884204864762751, 0.1433620749998 ], [ 34.881881713570294, 0.136928022010636 ], [ 34.873809814371498, 0.133787125375591 ], [ 34.859069824412927, 0.120752096232309 ], [ 34.856670379234686, 0.108130551983436 ], [ 34.859306335319161, 0.083750978125181 ], [ 34.848236083828283, 0.069083020265225 ], [ 34.846637725950359, 0.064079351580858 ], [ 34.849098205417874, 0.060388702976297 ], [ 34.838855742998192, 0.046430480182551 ], [ 34.837505340798884, 0.036281198318704 ], [ 34.825923920052901, 0.03442404433423 ], [ 34.810428619185473, 0.036854569183049 ], [ 34.786548614227229, 0.013089037129419 ], [ 34.780559538591888, 0.011156914759852 ], [ 34.778171539085292, 0.006255225598238 ], [ 34.766857146839925, 0.002571819234106 ], [ 34.762413024641432, -0.003560677583152 ], [ 34.757389069050362, 0.009335509726043 ], [ 34.740699767979947, 0.005793304117731 ], [ 34.739181518112616, -0.002581725965854 ], [ 34.744728088630438, -0.011500173194406 ], [ 34.750568390319017, -0.033053088828922 ], [ 34.75501251341683, -0.033196933591569 ], [ 34.76325988743389, -0.017469779406724 ], [ 34.774391174113418, -0.017142130305047 ], [ 34.780975341938529, -0.021393576352409 ], [ 34.787269592617633, -0.007096302852062 ], [ 34.803447724432999, 0.010103083790341 ], [ 34.809619903835539, 0.010977305758104 ], [ 34.818691253798363, 0.021942779036067 ], [ 34.830669403270406, 0.023905311081307 ], [ 34.803691864288169, -0.012851722928644 ], [ 34.803421020863482, -0.017748020654608 ], [ 34.80904769939184, -0.022839078260802 ], [ 34.826660156341177, -0.028451518722591 ], [ 34.891590118089539, -0.025645297592348 ], [ 34.906105041914202, -0.029322415896729 ], [ 34.92119979823218, -0.026806494124344 ], [ 34.919845581108746, -0.033386599711775 ], [ 34.923717498863539, -0.036676648908156 ], [ 34.955165862714466, -0.030967442293559 ], [ 34.952842712421273, -0.026903260277209 ], [ 34.957874297860599, -0.026516195665863 ], [ 34.964649200200483, -0.032322168433268 ], [ 34.978775024248023, -0.024580869911176 ], [ 34.989807129195697, -0.024774402216849 ], [ 34.989421844342701, -0.020129623283424 ], [ 35.006839751853136, -0.02961271435521 ], [ 35.032577514240927, -0.035225156615638 ], [ 35.049995422650682, -0.035612222126304 ], [ 35.065612792996035, -0.068770796135311 ], [ 35.071884155029807, -0.057161312944174 ], [ 35.091270445574651, -0.045178346703267 ], [ 35.094898222574955, -0.03176770761354 ], [ 35.101379394643402, -0.026694694904222 ], [ 35.100299834969462, -0.003722388277538 ], [ 35.15243911787104, -0.03657281768136 ], [ 35.151844024781951, -0.039245664855514 ], [ 35.15792846722502, -0.037114598060214 ], [ 35.161457061594149, -0.031243029642042 ], [ 35.187393188345027, -0.029946269304844 ], [ 35.193740844364527, -0.026376769272417 ], [ 35.20278930658128, -0.030533224428723 ], [ 35.206108093613693, -0.029176714034065 ], [ 35.216918945552948, -0.037647596559282 ], [ 35.221012115416841, -0.03757145276029 ], [ 35.226482391049558, -0.067726478194345 ], [ 35.226482391049558, -0.106568984271178 ], [ 35.280075072806426, -0.099357715586052 ], [ 35.307937622023701, -0.086737997860268 ], [ 35.325881957586319, -0.101816103230533 ], [ 35.340961456006426, -0.109519049264691 ], [ 35.371608734355675, -0.110338516908996 ], [ 35.402175902895635, -0.08722967610862 ], [ 35.424003600985429, -0.078204110631134 ], [ 35.403686523814088, -0.024469389051035 ], [ 35.413513183786449, 0.005164963991945 ], [ 35.437477111679414, 0.018775480104352 ], [ 35.403800964343077, 0.105290801429362 ], [ 35.396259308120648, 0.109013206894019 ], [ 35.385997771979646, 0.101854733808977 ], [ 35.370822906751812, 0.127243444129704 ], [ 35.335891724023895, 0.143087520972358 ], [ 35.335891724023895, 0.160501793423066 ], [ 35.340282439982673, 0.16810156383616 ], [ 35.340000152684922, 0.193821564613586 ], [ 35.303192138806196, 0.211268395220316 ], [ 35.223388671949692, 0.327543079849306 ], [ 35.193222046160543, 0.377632350052977 ], [ 35.175548553123292, 0.419167072002836 ], [ 35.171047210660277, 0.42153084287412 ], [ 35.139247893575487, 0.471676408839244 ], [ 35.159847259843218, 0.504206300080739 ], [ 35.165229797617144, 0.546167432880793 ], [ 35.15622711179185, 0.538313746082565 ], [ 35.139545440569691, 0.534688651759893 ], [ 35.127296447672961, 0.543554424796923 ], [ 35.115489959893807, 0.544907629283728 ], [ 35.105400085445638, 0.554568052273851 ], [ 35.098667144573142, 0.539091050811408 ], [ 35.044395446792464, 0.561479807147407 ], [ 34.850303648594547, 0.545729638412126 ] ] ] } },
{ "type": "Feature", "properties": { "shapeName": "Siaya", "shapeISO": "KE-38", "shapeID": "32016919B12007380424127", "shapeGroup": "KEN", "shapeType": "ADM1" }, "geometry": { "type": "Polygon", "coordinates": [ [ [ 34.37065887420772, 0.30655878755806 ], [ 34.361911773909299, 0.297784567304006 ], [ 34.356586456399896, 0.305791586712417 ], [ 34.333606719574504, 0.311368555214699 ], [ 34.299839018555929, 0.310742109960472 ], [ 34.286952972002098, 0.307322442376858 ], [ 34.263565062577641, 0.315218984568503 ], [ 34.249916077065336, 0.31337803636734 ], [ 34.237377167022714, 0.289652228267755 ], [ 34.207645417402148, 0.288327486424407 ], [ 34.206863402923773, 0.262841134910502 ], [ 34.204483032366113, 0.260061920421322 ], [ 34.203224182050405, 0.267600059395249 ], [ 34.188529967583975, 0.275804431429435 ], [ 34.184585571666844, 0.285873620571181 ], [ 34.175788879153515, 0.294739007799024 ], [ 34.158760071420204, 0.300519883186098 ], [ 34.157760619756857, 0.289678841905072 ], [ 34.138637542788445, 0.258284509322721 ], [ 34.116546631122162, 0.242872640360133 ], [ 34.116077423334445, 0.220084919583428 ], [ 34.109455108966131, 0.205979913042597 ], [ 34.110771180445681, 0.200127898583673 ], [ 34.105499267377354, 0.186898096969628 ], [ 34.112075805354209, 0.176076306576363 ], [ 34.114208221132571, 0.14516234416692 ], [ 34.109115601403914, 0.131861031161691 ], [ 34.103168487235962, 0.12547576459491 ], [ 34.10513305624562, 0.135735854626034 ], [ 34.099948882834724, 0.135845005342787 ], [ 34.091392517051077, 0.124111824001545 ], [ 34.087154388164549, 0.126424461219983 ], [ 34.084449767942488, 0.122743159269419 ], [ 34.071834563914024, 0.119647481446179 ], [ 34.073749543406734, 0.104807965315388 ], [ 34.065998077149573, 0.090507596348516 ], [ 34.042133330988463, -0.000137519730686 ], [ 34.030155182415797, -0.017370362052532 ], [ 34.019397735816881, -0.026972249070013 ], [ 33.95051574740387, -0.02597906478195 ], [ 33.982219695882293, -0.129406451946124 ], [ 33.947662353235046, -0.337183326349361 ], [ 34.23979187009877, -0.337477773380499 ], [ 34.282169342241389, -0.41309773886951 ], [ 34.293949127350402, -0.423455715608725 ], [ 34.307556152294637, -0.425351292228299 ], [ 34.324008941559441, -0.417701273994567 ], [ 34.422443389850628, -0.333618938962843 ], [ 34.483417510909476, -0.299272477442855 ], [ 34.424640655741712, -0.127013043017485 ], [ 34.411609649265927, -0.078401319365355 ], [ 34.446281433341539, -0.055810190387945 ], [ 34.460479735551417, -0.042377937891445 ], [ 34.485774993721009, -0.029869526557377 ], [ 34.529132842906449, -0.020848391140305 ], [ 34.541961670095077, -0.006541824945202 ], [ 34.543491363835415, -0.004389780563884 ], [ 34.537292480863357, 0.00536599844213 ], [ 34.551216125623739, 0.018250553020664 ], [ 34.554100035588249, 0.043557852213155 ], [ 34.556747436445107, 0.047933518916807 ], [ 34.560184478930637, 0.046871353030554 ], [ 34.557865142662251, 0.054941517437101 ], [ 34.560279846637684, 0.071647569279946 ], [ 34.554969787925415, 0.088670462172161 ], [ 34.560348510775214, 0.093925759366357 ], [ 34.555118560972858, 0.099299624977732 ], [ 34.559253692304083, 0.101324185962483 ], [ 34.560752867550832, 0.106928385936328 ], [ 34.556644439789125, 0.11150564287118 ], [ 34.545021057575809, 0.113266528027907 ], [ 34.55321502715185, 0.118096836200095 ], [ 34.555438995713132, 0.127602786239663 ], [ 34.541648864303681, 0.138569712822061 ], [ 34.532463073811869, 0.133798898400471 ], [ 34.524742126048352, 0.124269157695494 ], [ 34.513824463428307, 0.130498096010342 ], [ 34.508491516070649, 0.118269898137328 ], [ 34.503616332627701, 0.122264317943973 ], [ 34.502498626410556, 0.128488183183151 ], [ 34.50027084382441, 0.127559244663473 ], [ 34.495578765947357, 0.121846303164432 ], [ 34.503288268938491, 0.115761778883041 ], [ 34.495113373083768, 0.111163548858713 ], [ 34.493164062871244, 0.102199323440061 ], [ 34.479438781574572, 0.105655677967206 ], [ 34.473567962291668, 0.102598063949529 ], [ 34.473865509285872, 0.112758367904405 ], [ 34.480079651055121, 0.115280591226337 ], [ 34.459053039366324, 0.123085222704901 ], [ 34.45672607414906, 0.130687609245797 ], [ 34.471572875687741, 0.131175398825633 ], [ 34.481723785324505, 0.138356774945237 ], [ 34.48400878907438, 0.140477672206828 ], [ 34.481903075966216, 0.151627138681533 ], [ 34.467075348148853, 0.157682881060168 ], [ 34.436527252430835, 0.146094903357152 ], [ 34.424926757963533, 0.152555138309026 ], [ 34.434707642443811, 0.156778678393323 ], [ 34.441734313587745, 0.168021633891328 ], [ 34.430606841832343, 0.177974239419655 ], [ 34.425930022752425, 0.186858936890474 ], [ 34.436275481828091, 0.202158868137303 ], [ 34.451408385588593, 0.206834510004683 ], [ 34.444816589713923, 0.218600943778597 ], [ 34.428485869926988, 0.212830752337425 ], [ 34.412025451713305, 0.199743718098148 ], [ 34.40084838864226, 0.186097501598454 ], [ 34.385093689122527, 0.180596604949415 ], [ 34.391750336009238, 0.207249790845196 ], [ 34.383804321212494, 0.229264601879947 ], [ 34.398097992028738, 0.234076797706109 ], [ 34.401412964137023, 0.261566877409507 ], [ 34.389533996396892, 0.275416135646196 ], [ 34.397262573109288, 0.282417595195909 ], [ 34.396915435698872, 0.285389005598176 ], [ 34.37065887420772, 0.30655878755806 ] ] ] } },
{ "type": "Feature", "properties": { "shapeName": "Nakuru", "shapeISO": "KE-31", "shapeID": "32016919B58088177642376", "shapeGroup": "KEN", "shapeType": "ADM1" }, "geometry": { "type": "Polygon", "coordinates": [ [ [ 35.640151977431856, -0.060969803313697 ], [ 35.623798370798227, -0.080955088206736 ], [ 35.6149749756147, -0.084386714075549 ], [ 35.614410400119937, -0.091429612586523 ], [ 35.621086120727966, -0.096704908005051 ], [ 35.622920990411444, -0.103005640098161 ], [ 35.612735748256227, -0.110628038353241 ], [ 35.603721618557927, -0.122990236110468 ], [ 35.598609924208688, -0.122634209800879 ], [ 35.596893310877647, -0.128975019281654 ], [ 35.600723266265788, -0.137100875105261 ], [ 35.599712371628698, -0.147109329431942 ], [ 35.602748869564721, -0.153959825185723 ], [ 35.607326507812161, -0.154698878150668 ], [ 35.609756469685408, -0.15897476687195 ], [ 35.623981474565426, -0.150644273014734 ], [ 35.628978729284995, -0.153385415604419 ], [ 35.638946533355863, -0.150606200215918 ], [ 35.646816253267502, -0.151557982414886 ], [ 35.653743743578957, -0.164940074324932 ], [ 35.66953659144059, -0.163188784934448 ], [ 35.664600371909671, -0.185655579041679 ], [ 35.672508240163211, -0.188917756449257 ], [ 35.662769318049641, -0.194190860219976 ], [ 35.660400389566405, -0.204960525008175 ], [ 35.654724122420362, -0.206613958267496 ], [ 35.656555175381072, -0.236107617772291 ], [ 35.651729584153031, -0.257691622070638 ], [ 35.645427703625671, -0.271321266762982 ], [ 35.631172180251951, -0.275611250558711 ], [ 35.630233764676575, -0.287766218436161 ], [ 35.619556426987572, -0.293888359560071 ], [ 35.617141723911459, -0.290134638802499 ], [ 35.61052703759276, -0.288749338411208 ], [ 35.603691100963601, -0.293575554668053 ], [ 35.60074233998705, -0.283208101772459 ], [ 35.591312408740748, -0.277532786109134 ], [ 35.591403962422987, -0.284906208854409 ], [ 35.583984374779106, -0.292011499630974 ], [ 35.580097198227179, -0.308009564689598 ], [ 35.568210602437432, -0.30340677510253 ], [ 35.571472168306002, -0.282224982696732 ], [ 35.528125762993625, -0.259613156721741 ], [ 35.524593353700368, -0.27011469044055 ], [ 35.502742766965184, -0.269086898441572 ], [ 35.469287872637267, -0.27774628965949 ], [ 35.454643248587104, -0.287037969026983 ], [ 35.412467956630962, -0.302436649431797 ], [ 35.586853027745065, -0.588442324553569 ], [ 35.600799560251573, -0.671552121932848 ], [ 35.610767364322442, -0.673878432443644 ], [ 35.62672042820526, -0.68418043807668 ], [ 35.642135620162776, -0.702227413264438 ], [ 35.645259856856967, -0.702453136802774 ], [ 35.652164459422295, -0.686033129625173 ], [ 35.663215637191968, -0.680786609814163 ], [ 35.667900085220822, -0.663706004728283 ], [ 35.671737669557842, -0.659089862906796 ], [ 35.675601959263076, -0.659318268223444 ], [ 35.680274963418867, -0.65222752128301 ], [ 35.684158325046724, -0.64015889191927 ], [ 35.683109283866429, -0.624264061836925 ], [ 35.690876007122085, -0.600126803109447 ], [ 35.702354431212086, -0.590589940673169 ], [ 35.70941925069792, -0.577759861628238 ], [ 35.708724975876976, -0.553917706436948 ], [ 35.716213226759066, -0.553146720344841 ], [ 35.737495422176039, -0.531027257002279 ], [ 35.771175384436503, -0.536851584932663 ], [ 35.774463653874591, -0.521151423899028 ], [ 35.794616699201356, -0.471510917195019 ], [ 35.792770385644815, -0.467227876165509 ], [ 35.795036315673485, -0.460203706935488 ], [ 35.799236298016808, -0.456003576204012 ], [ 35.810729980903943, -0.457530557589109 ], [ 35.814445495763096, -0.466015100816207 ], [ 35.8137092585755, -0.476578772292441 ], [ 35.827926635405959, -0.472525507146372 ], [ 35.83028030419274, -0.466687142597493 ], [ 35.835151672711561, -0.466582119768987 ], [ 35.838073730118595, -0.472567498291369 ], [ 35.830329894609008, -0.494507163774529 ], [ 35.888145445555892, -0.526905834936258 ], [ 35.903049469157736, -0.547386526666799 ], [ 35.931606292296578, -0.551125049781149 ], [ 35.935123443692021, -0.556397557301409 ], [ 35.943489074960894, -0.555202424851984 ], [ 35.981433868778083, -0.630344569746057 ], [ 35.949321746801218, -0.665666997134167 ], [ 35.914821624418494, -0.635193824835085 ], [ 35.875579833742393, -0.637092053555364 ], [ 35.878929138369074, -0.64346259822031 ], [ 35.876113891642831, -0.65048503895332 ], [ 35.891284942845914, -0.649625718751849 ], [ 35.929405212380686, -0.696556389166005 ], [ 35.928833007937044, -0.705564082416402 ], [ 35.945877075366809, -0.714306772439556 ], [ 36.011096954261063, -0.663475215308893 ], [ 36.028621673351608, -0.678865850378656 ], [ 36.062038422035585, -0.656900525438857 ], [ 36.097484588942677, -0.63959222999739 ], [ 36.100257873302269, -0.67593753369016 ], [ 36.14185714678996, -0.712117672392594 ], [ 36.153003692266623, -0.714521826421105 ], [ 36.151355743073111, -0.719804107773314 ], [ 36.160617827550766, -0.744807600690194 ], [ 36.167098998719894, -0.746473253038175 ], [ 36.171943664568516, -0.754311978714782 ], [ 36.191738128611803, -0.766080379306004 ], [ 36.181785583338069, -0.778905332215288 ], [ 36.189846038663802, -0.785300374412714 ], [ 36.187107085923344, -0.804684520074488 ], [ 36.157062531410759, -0.836989343383436 ], [ 36.168769836558738, -0.872307658171849 ], [ 36.188938140682694, -0.908291220363481 ], [ 36.18460464498844, -0.915494620879997 ], [ 36.193187713442285, -0.915627480423836 ], [ 36.203495025974746, -0.933483959417174 ], [ 36.262523650845878, -0.913189828447798 ], [ 36.333923339890248, -1.04936659359339 ], [ 36.489265442046587, -1.122533320955938 ], [ 36.533729553576109, -1.155906557741389 ], [ 36.541656493752214, -1.127001524300852 ], [ 36.56385421789787, -1.100109577395017 ], [ 36.566951751921863, -1.101497054145682 ], [ 36.588272094781416, -1.063381552816338 ], [ 36.584251403979181, -1.044380664935716 ], [ 36.595409393328907, -0.99170076807593 ], [ 36.594028472635955, -0.9834149480414 ], [ 36.584915161205799, -0.979272007896782 ], [ 36.584915161205799, -0.961871802641554 ], [ 36.579944610955067, -0.948062062414181 ], [ 36.572486877667302, -0.942261993695979 ], [ 36.578010558640415, -0.929280877110727 ], [ 36.568344115588502, -0.921547412582981 ], [ 36.561161042448191, -0.924309372679375 ], [ 36.552848815620393, -0.919995963343013 ], [ 36.542922973916177, -0.908222914156113 ], [ 36.550365448406751, -0.868720710392438 ], [ 36.546928405921221, -0.858129501675137 ], [ 36.548362731954569, -0.85011458442051 ], [ 36.558094024219884, -0.837805926901979 ], [ 36.552940368403313, -0.828932225441804 ], [ 36.531414032231851, -0.745882213193511 ], [ 36.516967773444037, -0.711318552808905 ], [ 36.539699554590811, -0.696453272900158 ], [ 36.517902374095343, -0.65305727717157 ], [ 36.524925232113844, -0.649035572833384 ], [ 36.522079467793276, -0.63692104836764 ], [ 36.513843536749846, -0.631048559943054 ], [ 36.517162322882939, -0.623898386701114 ], [ 36.510616303399729, -0.620563983840725 ], [ 36.509914397831267, -0.609581886594754 ], [ 36.500923156778299, -0.623761117781328 ], [ 36.464771271177256, -0.630726039674926 ], [ 36.449771880767742, -0.613061011056743 ], [ 36.446372985724736, -0.571198225417731 ], [ 36.437240600573318, -0.575464486896522 ], [ 36.408039093029799, -0.579211950171327 ], [ 36.400177002067039, -0.572740733597925 ], [ 36.404373168586915, -0.552601813922536 ], [ 36.400527954401639, -0.548009216352227 ], [ 36.402362823185797, -0.541199803428128 ], [ 36.397212982293354, -0.531600474981872 ], [ 36.402915954807497, -0.524167000906345 ], [ 36.398212433057381, -0.516362369427782 ], [ 36.399776458416852, -0.506178319773596 ], [ 36.393379211081765, -0.499572902767227 ], [ 36.395912171409634, -0.490416735044221 ], [ 36.390933990411384, -0.476396948260515 ], [ 36.393142700175531, -0.473712920714661 ], [ 36.38785934413346, -0.463919073406487 ], [ 36.384601593189018, -0.463233769322926 ], [ 36.387012481341003, -0.442037552690863 ], [ 36.383537292312269, -0.42735150496793 ], [ 36.377788543406609, -0.423068463938421 ], [ 36.376800537414908, -0.40559372287197 ], [ 36.364273071245293, -0.396532714213322 ], [ 36.358837128131029, -0.379714697675126 ], [ 36.331821441706211, -0.392801552949265 ], [ 36.310153961436242, -0.3907087442131 ], [ 36.307445526290053, -0.371873378353655 ], [ 36.290058136373943, -0.378428548438706 ], [ 36.273162841991621, -0.394888043048695 ], [ 36.26131057782095, -0.344083011421787 ], [ 36.252532959028883, -0.343753814586819 ], [ 36.247684479155453, -0.347116410294063 ], [ 36.229278564753997, -0.343507468694668 ], [ 36.227760314886666, -0.352010697135938 ], [ 36.222473144819844, -0.356575429212626 ], [ 36.208641051943061, -0.274294644881934 ], [ 36.243972778321108, -0.25783511969496 ], [ 36.221149444391415, -0.212955489903891 ], [ 36.216320038239246, -0.214491710024333 ], [ 36.209957123422555, -0.205274373113753 ], [ 36.198436736965903, -0.140094667834603 ], [ 36.219718933282195, -0.109017044101279 ], [ 36.226093291971893, -0.111346438387386 ], [ 36.226093291971893, -0.1189476099442 ], [ 36.244464873854895, -0.121170318555301 ], [ 36.250003815423781, -0.089643723578945 ], [ 36.249641418316855, -0.061515517327223 ], [ 36.246398926169547, -0.060156163276247 ], [ 36.246398926169547, -0.054405044657017 ], [ 36.25073623678793, -0.050431542181855 ], [ 36.265033721628981, 0.026316937576667 ], [ 36.255134582594962, 0.056153352994897 ], [ 36.269405364765817, 0.08824349913823 ], [ 36.28693771370456, 0.111474558703947 ], [ 36.276012420336997, 0.148124605765986 ], [ 36.235652923443695, 0.209101914921462 ], [ 36.201850890806043, 0.234663083734347 ], [ 36.177539826401926, 0.22836750655523 ], [ 36.183078766172173, 0.22023777555296 ], [ 36.194610595602569, 0.216426953241353 ], [ 36.196666717395146, 0.199257433084142 ], [ 36.147052764973182, 0.185686395410869 ], [ 36.126422882010445, 0.059370614662157 ], [ 36.104267120231441, 0.061436637990482 ], [ 36.11123275798542, 0.006122374148276 ], [ 36.092643738018126, -0.013666791089463 ], [ 36.050357818658483, 0.00458575562817 ], [ 36.039451599012125, 0.021146902407679 ], [ 36.005271911369675, 0.031257909125259 ], [ 35.996086120877806, 0.059930924672472 ], [ 35.963668822957857, 0.057213082617693 ], [ 35.961479186914971, 0.075772382689365 ], [ 35.963859558371951, 0.078170880881487 ], [ 35.959415436173515, 0.087717279728736 ], [ 35.938892364790831, 0.095460638597615 ], [ 35.9281387331161, 0.069765806247005 ], [ 35.974231720117814, 0.020733180991556 ], [ 35.97650527909542, 0.013112154202588 ], [ 35.967662811089895, -0.015931429691705 ], [ 35.959285735948015, -0.025465586967243 ], [ 35.958580017254064, -0.031994826899677 ], [ 35.947700500277904, -0.050849676571261 ], [ 35.92597961466754, -0.072093502413168 ], [ 35.92635345474821, -0.077547229620905 ], [ 35.916374206804278, -0.081864267721755 ], [ 35.89914321888449, -0.048034258074495 ], [ 35.893016814974089, -0.051534674885318 ], [ 35.875469208137474, -0.036026421981717 ], [ 35.820465088093385, -0.119498058888269 ], [ 35.805797577196472, -0.100088455217985 ], [ 35.796157836814757, -0.109679095313936 ], [ 35.789241790376366, -0.111631572039357 ], [ 35.789741515758408, -0.162080303063476 ], [ 35.771900176851716, -0.192287698718246 ], [ 35.780082702554751, -0.194816246972152 ], [ 35.763214111741888, -0.224892318225841 ], [ 35.754619599415037, -0.226277113198194 ], [ 35.744007110939492, -0.219171210882621 ], [ 35.733974456755845, -0.220411449728601 ], [ 35.724716186302999, -0.212375402003147 ], [ 35.722064972320652, -0.172914103003393 ], [ 35.728908538798066, -0.160239308996893 ], [ 35.705680847193378, -0.122755087677092 ], [ 35.692287445409306, -0.109648205400333 ], [ 35.687824248590232, -0.096040785653713 ], [ 35.688728333445908, -0.075963146681829 ], [ 35.668296813946881, -0.073840909430373 ], [ 35.649326324050662, -0.081101193864981 ], [ 35.640151977431856, -0.060969803313697 ] ] ] } },
{ "type": "Feature", "properties": { "shapeName": "Vihiga", "shapeISO": "KE-45", "shapeID": "32016919B20488296424250", "shapeGroup": "KEN", "shapeType": "ADM1" }, "geometry": { "type": "Polygon", "coordinates": [ [ [ 34.560348510775214, 0.093925759366357 ], [ 34.554969787925415, 0.088670462172161 ], [ 34.560279846637684, 0.071647569279946 ], [ 34.557865142662251, 0.054941517437101 ], [ 34.560184478930637, 0.046871353030554 ], [ 34.556747436445107, 0.047933518916807 ], [ 34.554100035588249, 0.043557852213155 ], [ 34.551216125623739, 0.018250553020664 ], [ 34.537292480863357, 0.00536599844213 ], [ 34.543491363835415, -0.004389780563884 ], [ 34.534114837929451, -0.015367294864745 ], [ 34.54158401509028, -0.016215162199956 ], [ 34.547595977572371, -0.021915611216457 ], [ 34.554782867435449, -0.01551236810127 ], [ 34.563606262618976, -0.016293252131845 ], [ 34.560951232813181, -0.020822373753504 ], [ 34.563369750813422, -0.026600910003935 ], [ 34.560012817237805, -0.029255913729401 ], [ 34.564231872403013, -0.039797838699258 ], [ 34.582504272554161, -0.03120812155754 ], [ 34.587818146190557, -0.010585977260973 ], [ 34.592082976847962, -0.007321166638462 ], [ 34.588897704965177, 0.001210558620414 ], [ 34.603843689134976, 0.012374884593271 ], [ 34.613853454673233, -0.000697473609478 ], [ 34.637535095268504, -0.000657576086212 ], [ 34.654167175175019, -0.006611534994306 ], [ 34.662792205995572, -0.014441358281999 ], [ 34.671955108741315, -0.015837997325661 ], [ 34.690574646302935, -0.010595218694334 ], [ 34.692546844261528, -0.014668053987464 ], [ 34.686691283775758, -0.026473671222902 ], [ 34.6942405698465, -0.020846246257236 ], [ 34.708091736444544, -0.021821825416851 ], [ 34.714946746794965, -0.010400412049307 ], [ 34.727569579772364, -0.006548205635113 ], [ 34.739936829021474, -0.025767555028608 ], [ 34.747074127568965, -0.024731903854217 ], [ 34.744728088630438, -0.011500173194406 ], [ 34.739101410102023, -0.002262068239816 ], [ 34.742538452587553, 0.007247746186579 ], [ 34.757389069050362, 0.009335509726043 ], [ 34.762413024641432, -0.003560677583152 ], [ 34.766857146839925, 0.002571819234106 ], [ 34.778171539085292, 0.006255225598238 ], [ 34.780559538591888, 0.011156914759852 ], [ 34.786548614227229, 0.013089037129419 ], [ 34.810428619185473, 0.036854569183049 ], [ 34.825923920052901, 0.03442404433423 ], [ 34.837505340798884, 0.036281198318704 ], [ 34.838855742998192, 0.046430480182551 ], [ 34.849098205417874, 0.060388702976297 ], [ 34.846637725950359, 0.064079351580858 ], [ 34.848236083828283, 0.069083020265225 ], [ 34.859306335319161, 0.083750978125181 ], [ 34.856670379234686, 0.108130551983436 ], [ 34.859069824412927, 0.120752096232309 ], [ 34.873809814371498, 0.133787125375591 ], [ 34.881881713570294, 0.136928022010636 ], [ 34.884204864762751, 0.1433620749998 ], [ 34.915008545108321, 0.155121549819739 ], [ 34.920383453033992, 0.166015252701811 ], [ 34.915943145759627, 0.171752930053742 ], [ 34.925144195947951, 0.199192121619149 ], [ 34.918186188042171, 0.200340554073364 ], [ 34.90947723428701, 0.195305615961445 ], [ 34.902957916574621, 0.195581644877052 ], [ 34.895732879269019, 0.206422463126216 ], [ 34.892211913848769, 0.206822216272315 ], [ 34.88658523532041, 0.204604551059219 ], [ 34.883548735585748, 0.197570860706719 ], [ 34.873947144445196, 0.199978888115254 ], [ 34.866683959697014, 0.195096224111523 ], [ 34.859737396563673, 0.198956295996311 ], [ 34.85787200928587, 0.192621588415648 ], [ 34.851898193346983, 0.190536276428077 ], [ 34.850955962847479, 0.184928864075857 ], [ 34.84584426759892, 0.183093294719811 ], [ 34.82352447487466, 0.187347769683868 ], [ 34.810894012049062, 0.184045076019515 ], [ 34.815265655185897, 0.177448600972184 ], [ 34.815521239813393, 0.161834121047889 ], [ 34.805061340208738, 0.164166003758112 ], [ 34.795951843702653, 0.162614584195751 ], [ 34.790134429760201, 0.157446398932223 ], [ 34.785491943198679, 0.159559354280816 ], [ 34.775989532890662, 0.150267406915361 ], [ 34.769557953037179, 0.151969864917362 ], [ 34.765914917239684, 0.149368882567899 ], [ 34.766292572244481, 0.144734397274647 ], [ 34.747341156069524, 0.136000975664558 ], [ 34.737941742417547, 0.141928046642079 ], [ 34.73831558159884, 0.149083375697273 ], [ 34.716773986630244, 0.139727994651253 ], [ 34.704364776813065, 0.139597788107494 ], [ 34.704299926700287, 0.131108910148157 ], [ 34.695644378285465, 0.13447496284931 ], [ 34.68254470857147, 0.121549748122447 ], [ 34.6762657166895, 0.129871889975789 ], [ 34.663574218675308, 0.126624583757575 ], [ 34.637695312188953, 0.129375457911124 ], [ 34.620231628287058, 0.126745163958219 ], [ 34.60636901871527, 0.119546495674285 ], [ 34.601177214556856, 0.121000072595336 ], [ 34.586265563804773, 0.115482403590079 ], [ 34.586853027045606, 0.104337535349032 ], [ 34.578636169723495, 0.101825572392272 ], [ 34.573051452662469, 0.095746047442162 ], [ 34.566547393747271, 0.097542546651255 ], [ 34.560348510775214, 0.093925759366357 ] ] ] } },
{ "type": "Feature", "properties": { "shapeName": "Nyandarua", "shapeISO": "KE-35", "shapeID": "32016919B99956097556155", "shapeGroup": "KEN", "shapeType": "ADM1" }, "geometry": { "type": "Polygon", "coordinates": [ [ [ 36.255485534929562, -0.02195904037734 ], [ 36.25073623678793, -0.050431542181855 ], [ 36.246398926169547, -0.054405044657017 ], [ 36.246398926169547, -0.060156163276247 ], [ 36.249641418316855, -0.061515517327223 ], [ 36.250003815423781, -0.089643723578945 ], [ 36.244464873854895, -0.121170318555301 ], [ 36.226093291971893, -0.1189476099442 ], [ 36.226093291971893, -0.111346438387386 ], [ 36.219718933282195, -0.109017044101279 ], [ 36.198436736965903, -0.140094667834603 ], [ 36.209957123422555, -0.205274373113753 ], [ 36.216320038239246, -0.214491710024333 ], [ 36.221149444391415, -0.212955489903891 ], [ 36.243972778321108, -0.25783511969496 ], [ 36.208641051943061, -0.274294644881934 ], [ 36.222473144819844, -0.356575429212626 ], [ 36.227760314886666, -0.352010697135938 ], [ 36.229278564753997, -0.343507468694668 ], [ 36.247684479155453, -0.347116410294063 ], [ 36.252532959028883, -0.343753814586819 ], [ 36.26131057782095, -0.344083011421787 ], [ 36.273162841991621, -0.394888043048695 ], [ 36.290058136373943, -0.378428548438706 ], [ 36.307445526290053, -0.371873378353655 ], [ 36.310153961436242, -0.3907087442131 ], [ 36.331821441706211, -0.392801552949265 ], [ 36.358837128131029, -0.379714697675126 ], [ 36.364273071245293, -0.396532714213322 ], [ 36.376800537414908, -0.40559372287197 ], [ 36.377788543406609, -0.423068463938421 ], [ 36.383537292312269, -0.42735150496793 ], [ 36.387012481341003, -0.442037552690863 ], [ 36.384601593189018, -0.463233769322926 ], [ 36.38785934413346, -0.463919073406487 ], [ 36.393142700175531, -0.473712920714661 ], [ 36.390933990411384, -0.476396948260515 ], [ 36.395912171409634, -0.490416735044221 ], [ 36.393379211081765, -0.499572902767227 ], [ 36.399776458416852, -0.506178319773596 ], [ 36.398212433057381, -0.516362369427782 ], [ 36.402915954807497, -0.524167000906345 ], [ 36.397212982293354, -0.531600474981872 ], [ 36.402362823185797, -0.541199803428128 ], [ 36.400527954401639, -0.548009216352227 ], [ 36.404373168586915, -0.552601813922536 ], [ 36.400177002067039, -0.572740733597925 ], [ 36.408039093029799, -0.579211950171327 ], [ 36.437240600573318, -0.575464486896522 ], [ 36.446372985724736, -0.571198225417731 ], [ 36.449771880767742, -0.613061011056743 ], [ 36.464771271177256, -0.630726039674926 ], [ 36.500923156778299, -0.623761117781328 ], [ 36.509914397831267, -0.609581886594754 ], [ 36.510616303399729, -0.620563983840725 ], [ 36.517162322882939, -0.623898386701114 ], [ 36.513843536749846, -0.631048559943054 ], [ 36.522079467793276, -0.63692104836764 ], [ 36.524925232113844, -0.649035572833384 ], [ 36.517902374095343, -0.65305727717157 ], [ 36.539699554590811, -0.696453272900158 ], [ 36.516967773444037, -0.711318552808905 ], [ 36.531414032231851, -0.745882213193511 ], [ 36.552940368403313, -0.828932225441804 ], [ 36.558094024219884, -0.837805926901979 ], [ 36.548362731954569, -0.85011458442051 ], [ 36.546928405921221, -0.858129501675137 ], [ 36.550365448406751, -0.868720710392438 ], [ 36.542922973916177, -0.908222914156113 ], [ 36.552848815620393, -0.919995963343013 ], [ 36.568637847658579, -0.911073923322874 ], [ 36.570091247413188, -0.908890068122105 ], [ 36.563247680935774, -0.90850913508848 ], [ 36.561813354902483, -0.903929173892209 ], [ 36.587005616416093, -0.886754334245097 ], [ 36.597965241402846, -0.861845791749829 ], [ 36.589813232394818, -0.848940133680173 ], [ 36.585983276107356, -0.826525032604138 ], [ 36.618564605871939, -0.829798459631149 ], [ 36.608291625857873, -0.80562072961294 ], [ 36.650279999122688, -0.764624833769005 ], [ 36.658458709901595, -0.767784357162327 ], [ 36.671558381414229, -0.758491694835811 ], [ 36.68559265177953, -0.764810681367806 ], [ 36.706161498654296, -0.785537004029493 ], [ 36.720039367922539, -0.80637121206172 ], [ 36.721832275239365, -0.787704468186632 ], [ 36.717655182440751, -0.780123233700238 ], [ 36.732635498229683, -0.779427349992147 ], [ 36.718105317406526, -0.762522697264615 ], [ 36.710594176979725, -0.717528104438429 ], [ 36.703590392682543, -0.699268221950831 ], [ 36.705017089766955, -0.667313993046321 ], [ 36.701690673785606, -0.649160623563887 ], [ 36.704105376861719, -0.628667772099959 ], [ 36.69681167631785, -0.622438788819011 ], [ 36.680046081261708, -0.596714139445908 ], [ 36.679012298878547, -0.580865919426572 ], [ 36.669021606162232, -0.575583159635073 ], [ 36.665920257214168, -0.545264839800495 ], [ 36.660408020114062, -0.53446966394381 ], [ 36.661212921439244, -0.525052607391842 ], [ 36.654552459628349, -0.516669154258011 ], [ 36.659030914345294, -0.491633534859716 ], [ 36.663852692447847, -0.482561022073469 ], [ 36.662361145250713, -0.465334683648678 ], [ 36.648578643689518, -0.461430043161897 ], [ 36.650302886868758, -0.435935079740091 ], [ 36.622509002688389, -0.403779268698258 ], [ 36.630435943763871, -0.389538853934937 ], [ 36.6251525877218, -0.383222520402967 ], [ 36.603904723923904, -0.3774804165879 ], [ 36.601150512386312, -0.373001575162505 ], [ 36.60241317762609, -0.36737430128295 ], [ 36.613552093254555, -0.356579155103873 ], [ 36.606315612975209, -0.334759117439262 ], [ 36.612518310871394, -0.311534226323431 ], [ 36.682010650271366, -0.185511545421434 ], [ 36.67865753161982, -0.174405142982891 ], [ 36.685859680280089, -0.174455180362258 ], [ 36.657470703010574, -0.153077499427013 ], [ 36.653797149618811, -0.154186055042373 ], [ 36.63290786710445, -0.108735510435395 ], [ 36.568668365252904, -0.103661514767055 ], [ 36.559345245586655, -0.09286640456088 ], [ 36.552158355723577, -0.091465465858505 ], [ 36.557411194171323, -0.080730035562624 ], [ 36.544578552058567, -0.068373538607887 ], [ 36.549339294073206, -0.065633489593836 ], [ 36.558895112419577, -0.044854804805368 ], [ 36.57365417520009, -0.033901538924852 ], [ 36.581764220942091, -0.021142330054431 ], [ 36.649494172418201, -0.016922335996981 ], [ 36.634639740131945, 0.016176196574236 ], [ 36.607055664187612, 0.003322829584988 ], [ 36.599189758300781, 0.003372425397174 ], [ 36.589103698776739, 0.027821747975338 ], [ 36.588245392111219, 0.044062037333219 ], [ 36.573844909714865, 0.070776685595604 ], [ 36.521347046429128, 0.048694923631842 ], [ 36.510444640807577, 0.085128567729271 ], [ 36.462451934908927, 0.140295192569113 ], [ 36.441078185809658, 0.091523967856858 ], [ 36.423126220398785, 0.085417345434166 ], [ 36.400730132789477, 0.059643216261463 ], [ 36.423938751572166, 0.045989170264022 ], [ 36.41350936866246, 0.03961389156791 ], [ 36.398883819232935, 0.040104296376228 ], [ 36.399330139274582, 0.03288195613743 ], [ 36.392490386821919, 0.030502449828248 ], [ 36.385375976919875, 0.037251025414548 ], [ 36.38479614262792, 0.031678233363834 ], [ 36.36344146724997, 0.0485303629859 ], [ 36.354393005033216, 0.068637005993082 ], [ 36.348773956353057, 0.070509470935406 ], [ 36.336425780825152, 0.062841302584104 ], [ 36.345607757292214, 0.031009495691706 ], [ 36.329738617243436, 0.028557466254085 ], [ 36.330627442402601, 0.022940087614984 ], [ 36.302543640176907, 0.016118986202287 ], [ 36.298576354715067, 0.005240891054314 ], [ 36.293518066605543, 0.004762662167195 ], [ 36.292690278433668, 0.011928245292324 ], [ 36.271255493246485, -0.001097153011131 ], [ 36.267272948987454, -0.021581416848846 ], [ 36.255485534929562, -0.02195904037734 ] ] ] } },
{ "type": "Feature", "properties": { "shapeName": "Tharaka", "shapeISO": "KE-41", "shapeID": "32016919B40030396675644", "shapeGroup": "KEN", "shapeType": "ADM1" }, "geometry": { "type": "Polygon", "coordinates": [ [ [ 37.307785034551728, -0.15107406711445 ], [ 37.553806304717227, -0.359886407431702 ], [ 37.563034057575749, -0.365270822990055 ], [ 37.57005691559425, -0.362520158378572 ], [ 37.579956054628269, -0.370220095281127 ], [ 37.584754944085432, -0.368744820417078 ], [ 37.60177230794568, -0.383097737670425 ], [ 37.630382538223614, -0.388580024648377 ], [ 37.637481689328524, -0.393158108060163 ], [ 37.644412994564107, -0.40697801242527 ], [ 37.661998748843246, -0.42115959533902 ], [ 37.682102203753743, -0.425947069701465 ], [ 37.694000244315873, -0.43757787312029 ], [ 37.712898254251058, -0.442572950581166 ], [ 37.720317840995619, -0.449849367054583 ], [ 37.732410430996651, -0.450163452581251 ], [ 37.735721588180809, -0.446008324824277 ], [ 37.747646331413137, -0.444817394007487 ], [ 37.768833160022382, -0.448331265575405 ], [ 37.786014556626526, -0.445772738421113 ], [ 37.814636230777467, -0.427162974691498 ], [ 37.816848754566422, -0.420521318603903 ], [ 37.829135894905676, -0.412132531590998 ], [ 37.826911926344394, -0.408762603711125 ], [ 37.830772400226124, -0.408317655135647 ], [ 37.832015990845377, -0.404188692254309 ], [ 37.845680236953399, -0.403132737086082 ], [ 37.852134704553009, -0.388960302076214 ], [ 37.866386413901921, -0.381657750404827 ], [ 37.865154266256411, -0.369552224555491 ], [ 37.870651244559326, -0.365187704948596 ], [ 37.873676300420982, -0.348900884668069 ], [ 37.886619568138599, -0.3421414200904 ], [ 37.894950866889076, -0.352341949821096 ], [ 37.889911651601494, -0.36545515073459 ], [ 37.896759033003036, -0.36989820004186 ], [ 37.896694183789577, -0.377377451408222 ], [ 37.890632629092636, -0.382658065417331 ], [ 37.890750885445073, -0.39285942881952 ], [ 37.901153564785261, -0.396517246773499 ], [ 37.900421143421056, -0.404074996363931 ], [ 37.907619476257878, -0.408858329348391 ], [ 37.908626555970841, -0.413510769606262 ], [ 37.92200088493297, -0.415081202635349 ], [ 37.920341491866395, -0.421775221749044 ], [ 37.925403594900047, -0.427068919095291 ], [ 37.952087402711527, -0.425210923345389 ], [ 37.964832306066114, -0.411320834988487 ], [ 37.964965820316422, -0.400756031265757 ], [ 37.969490051424771, -0.396800159999316 ], [ 37.969963074136615, -0.381101668107476 ], [ 37.974472046447829, -0.376295179378985 ], [ 37.973770141778687, -0.3695375026536 ], [ 37.967605590425705, -0.363434164555031 ], [ 37.978065490929737, -0.354285150938892 ], [ 37.972030639802256, -0.343506187160756 ], [ 37.979759217414028, -0.32627293474809 ], [ 37.985969543359772, -0.323060661620218 ], [ 37.985866546703846, -0.317748515581457 ], [ 37.979885100916704, -0.310550660284719 ], [ 37.985458374104724, -0.295958608802721 ], [ 37.992862701152774, -0.286446721439006 ], [ 37.993522644354584, -0.274257928260738 ], [ 37.997676849407128, -0.266322433733308 ], [ 38.02420425432291, -0.267732053591374 ], [ 38.031497955766099, -0.273048907580971 ], [ 38.044754028375735, -0.275221407042238 ], [ 38.087890624552756, -0.273787766292344 ], [ 38.101314544830416, -0.278481274990781 ], [ 38.104106902911269, -0.27517977382746 ], [ 38.113681793180263, -0.27517977382746 ], [ 38.135425567436016, -0.256209522251595 ], [ 38.143424987573155, -0.23932129114462 ], [ 38.162460327582096, -0.234907388864883 ], [ 38.162746429803917, -0.223307520325761 ], [ 38.181873321696514, -0.189346656622831 ], [ 38.185791015842767, -0.152280597571462 ], [ 38.193870543990442, -0.149698883196834 ], [ 38.19733428914617, -0.143107786994733 ], [ 38.206409454033121, -0.143036395213414 ], [ 38.207405090772397, -0.126731142428241 ], [ 38.212394714744335, -0.123917430844699 ], [ 38.213684081755048, -0.113727383611831 ], [ 38.221240997673931, -0.102543920065784 ], [ 38.250286102321809, -0.08407334980518 ], [ 38.27143478258921, -0.09299038329948 ], [ 38.279865264870125, -0.082431524994831 ], [ 38.287620544252775, -0.084311298727414 ], [ 38.29023361169186, -0.075620316124628 ], [ 38.300857544040468, -0.067197024822804 ], [ 38.309131623425742, -0.051475637090959 ], [ 38.300662994601566, -0.047852296446251 ], [ 38.303398132417954, -0.042283762685429 ], [ 38.291713715015987, -0.03115978299752 ], [ 38.288585661599029, -0.022267142714441 ], [ 38.256534576609454, -0.012145506909576 ], [ 38.251071929925672, -0.012121753116389 ], [ 38.246097564750869, -0.018799109591214 ], [ 38.238899231014727, -0.014078397300125 ], [ 38.237751007203258, -0.00900465883791 ], [ 38.231185913099466, -0.007601360314482 ], [ 38.228385925170357, 0.005191217001084 ], [ 38.220821380302539, 0.006885987598309 ], [ 38.223632812104654, 0.012624653305181 ], [ 38.213516234986287, 0.014339055203266 ], [ 38.205638885226449, 0.01961967370903 ], [ 38.19204330415522, 0.015071929825751 ], [ 38.176074980575947, 0.026588520244047 ], [ 38.160320281955478, 0.029454581363893 ], [ 38.140464782723598, 0.047815692440281 ], [ 38.129470825218448, 0.052932724265872 ], [ 38.118595123166472, 0.050367664436237 ], [ 38.113624572915739, 0.057401943844695 ], [ 38.104843139199545, 0.047678276930981 ], [ 38.095222473438469, 0.049117852307063 ], [ 38.088573456399956, 0.042986575869804 ], [ 38.08298873933893, 0.029618168044067 ], [ 38.075344085561142, 0.032215945209771 ], [ 38.072006225706787, 0.026320235390585 ], [ 38.062858581758178, 0.02770746123042 ], [ 38.059246063555065, 0.024690900364817 ], [ 38.053791045820162, 0.028937642957885 ], [ 38.050415039422603, 0.025620080802128 ], [ 38.047180176224231, 0.028832946583293 ], [ 38.042495727296057, 0.026490368235955 ], [ 38.028152466063489, 0.051676366870879 ], [ 38.021255493346416, 0.053135574447253 ], [ 38.015380859139384, 0.061445839853661 ], [ 38.005302428564278, 0.065437383628421 ], [ 38.000080108610177, 0.063965097211508 ], [ 37.994022369736626, 0.069101759438695 ], [ 37.986351013288697, 0.066399284099703 ], [ 37.963954925679332, 0.06841330233209 ], [ 37.960189820403968, 0.067076817141469 ], [ 37.946399688994518, 0.046335361587694 ], [ 37.956661224236143, 0.039581209305425 ], [ 37.947818756230674, 0.028506888382253 ], [ 37.939914703800582, 0.027427207299809 ], [ 37.942020416009427, 0.019823639049775 ], [ 37.938789367735183, 0.019202005168438 ], [ 37.936035156197534, 0.00707540190831 ], [ 37.916706085017836, 0.005779786408084 ], [ 37.899971007556019, 0.010245100231259 ], [ 37.891712188766576, -0.018569963233176 ], [ 37.884120941228502, -0.018465265959207 ], [ 37.877208709714239, -0.014624221030942 ], [ 37.87837600724697, -0.010724284897776 ], [ 37.873245239176526, -0.010259694229433 ], [ 37.85407257089247, -0.011836682416913 ], [ 37.850131988100827, -0.018675662351882 ], [ 37.848342895708129, -0.030365454102366 ], [ 37.862369537124493, -0.068873003186525 ], [ 37.849498747569214, -0.105016336234883 ], [ 37.855018615416839, -0.108878008912939 ], [ 37.851665496765293, -0.113108910847529 ], [ 37.85752487217519, -0.117781221626046 ], [ 37.857208252358987, -0.121045433300083 ], [ 37.796627045102127, -0.161981240042167 ], [ 37.784454345291863, -0.154549539429638 ], [ 37.7778739932902, -0.158898472886165 ], [ 37.768585205243085, -0.155988648956964 ], [ 37.755840301888497, -0.17353181584059 ], [ 37.749687194408523, -0.188051879290754 ], [ 37.744335174228979, -0.187620014052357 ], [ 37.732807159722711, -0.198901027060685 ], [ 37.722675323807209, -0.203259021186852 ], [ 37.708988189953061, -0.201531529656336 ], [ 37.689174652188512, -0.203991890413363 ], [ 37.682891845382414, -0.207505762880601 ], [ 37.66551208531456, -0.204214364701102 ], [ 37.661666870229908, -0.216473356260337 ], [ 37.655635834026555, -0.212596655011566 ], [ 37.643257140904382, -0.212285861003636 ], [ 37.63973236056006, -0.207028120351424 ], [ 37.624355316045069, -0.205778301027749 ], [ 37.614540099945714, -0.194654315943865 ], [ 37.602672576977909, -0.194425299987529 ], [ 37.590759277618645, -0.183264225963228 ], [ 37.527545929201324, -0.181450114431186 ], [ 37.307785034551728, -0.15107406711445 ] ] ] } },
{ "type": "Feature", "properties": { "shapeName": "Kericho", "shapeISO": "KE-12", "shapeID": "32016919B28150779100642", "shapeGroup": "KEN", "shapeType": "ADM1" }, "geometry": { "type": "Polygon", "coordinates": [ [ [ 35.522800444584902, 0.015413656015483 ], [ 35.516044616865599, 0.015863897101212 ], [ 35.513568878600893, 0.008547484179076 ], [ 35.500343322686263, 0.009954486110701 ], [ 35.493701934596629, 0.01468201436353 ], [ 35.47873306268076, 0.015357376441841 ], [ 35.459144591949439, 0.010629847289692 ], [ 35.457908630279121, 0.015019695402657 ], [ 35.470626830963511, 0.019859783702088 ], [ 35.465167999203857, 0.027345037143789 ], [ 35.434829711721875, 0.025466535052601 ], [ 35.437477111679414, 0.018775480104352 ], [ 35.413513183786449, 0.005164963991945 ], [ 35.403686523814088, -0.024469389051035 ], [ 35.424003600985429, -0.078204110631134 ], [ 35.402175902895635, -0.08722967610862 ], [ 35.371608734355675, -0.110338516908996 ], [ 35.340961456006426, -0.109519049264691 ], [ 35.325881957586319, -0.101816103230533 ], [ 35.307937622023701, -0.086737997860268 ], [ 35.280075072806426, -0.099357715586052 ], [ 35.226482391049558, -0.106568984271178 ], [ 35.236476897790681, -0.119590841044442 ], [ 35.25331497190848, -0.120541751800374 ], [ 35.270317077870914, -0.152594537407936 ], [ 35.277366638559556, -0.144801676256293 ], [ 35.28456115737157, -0.157059177638871 ], [ 35.280273437169456, -0.165961639418072 ], [ 35.289402008296122, -0.16513030342071 ], [ 35.295738220442558, -0.176042690617635 ], [ 35.330318450835875, -0.176251425962505 ], [ 35.330432892264241, -0.19218504470399 ], [ 35.342212677373197, -0.236475616756252 ], [ 35.339942932420456, -0.240061550999712 ], [ 35.313312530848691, -0.24881796557662 ], [ 35.298320770287376, -0.238319785429724 ], [ 35.284824370948002, -0.235883220734024 ], [ 35.270645141560067, -0.23788195858549 ], [ 35.261764526112017, -0.233627483621433 ], [ 35.259269714126049, -0.22949674727704 ], [ 35.261165618998177, -0.223852664169044 ], [ 35.247631073115599, -0.213135570150371 ], [ 35.244785308795031, -0.201761753402138 ], [ 35.243278503700026, -0.20421734415504 ], [ 35.239635467902588, -0.199772522284036 ], [ 35.236530304030339, -0.20104791203147 ], [ 35.231838226153286, -0.193938076081281 ], [ 35.227043151620194, -0.196374639877661 ], [ 35.218658448428698, -0.194290235306084 ], [ 35.215145111058064, -0.175073713381096 ], [ 35.203788757345308, -0.168991804328243 ], [ 35.203769683624046, -0.165927067680002 ], [ 35.186504364085181, -0.160053700617766 ], [ 35.183368682618664, -0.166125625397228 ], [ 35.172927856735271, -0.162843495630796 ], [ 35.166381836352741, -0.165551244594212 ], [ 35.163265228607486, -0.162802473055649 ], [ 35.154956817603079, -0.166330753561397 ], [ 35.138916015861469, -0.160956278209596 ], [ 35.137767792049999, -0.163499921584048 ], [ 35.132678985446887, -0.155869006749242 ], [ 35.128337859904377, -0.156101599309295 ], [ 35.103900909299568, -0.201678111955232 ], [ 35.072460174397577, -0.208746850686566 ], [ 35.070877075316844, -0.212617830448494 ], [ 35.06350707988787, -0.215714603646006 ], [ 35.057918548802036, -0.234497249448452 ], [ 35.052478789864324, -0.29441654668625 ], [ 35.031951903557569, -0.312135308897325 ], [ 35.008247375216229, -0.338712186418206 ], [ 35.007377624677702, -0.358249932688182 ], [ 35.012893676701879, -0.37892129957828 ], [ 35.012332916131243, -0.391418933436967 ], [ 35.021404266094066, -0.405180185816846 ], [ 35.019802093292014, -0.412904202966558 ], [ 35.025794982952164, -0.413778275646848 ], [ 35.0321311950986, -0.419476747953524 ], [ 35.044845580858919, -0.446822732882765 ], [ 35.040245055764785, -0.479322314273361 ], [ 35.038753508567595, -0.483923644260699 ], [ 35.033527374588743, -0.484634846121196 ], [ 35.033039093079708, -0.497598319806571 ], [ 35.046276092867458, -0.499575049448936 ], [ 35.049293517981539, -0.497090876442769 ], [ 35.051353454698244, -0.499587088673138 ], [ 35.058322905577654, -0.491382390185095 ], [ 35.073150635193713, -0.489916622953729 ], [ 35.083713530555031, -0.47268933034826 ], [ 35.087894440076411, -0.475325763073442 ], [ 35.092834472732761, -0.470405041559388 ], [ 35.096565246389048, -0.473412692841464 ], [ 35.099132537436731, -0.466826349556356 ], [ 35.104301452949755, -0.468396782585387 ], [ 35.11890411373389, -0.459335803604404 ], [ 35.13236236563074, -0.46125841114673 ], [ 35.134891510135162, -0.465636611240541 ], [ 35.141391754126232, -0.456489950250955 ], [ 35.149742126597914, -0.466188639394147 ], [ 35.157714844064856, -0.464056640901219 ], [ 35.166801452824814, -0.471369207422924 ], [ 35.172794341585643, -0.469386637583227 ], [ 35.177417755325223, -0.481379121349335 ], [ 35.180747986230642, -0.479913383795576 ], [ 35.184146881273591, -0.485367089419583 ], [ 35.206409454632649, -0.479418456296685 ], [ 35.218109130831749, -0.479447007073645 ], [ 35.22010803235986, -0.470797360010124 ], [ 35.208580016954272, -0.466072410113611 ], [ 35.21799469030276, -0.455514461023483 ], [ 35.217124938864913, -0.451628774648157 ], [ 35.226757049398373, -0.437517613147293 ], [ 35.231975555327665, -0.422346085303559 ], [ 35.244556426837676, -0.423291414866867 ], [ 35.2495231630636, -0.420748383031423 ], [ 35.259178161343129, -0.424409836944392 ], [ 35.275329589588921, -0.417899071784689 ], [ 35.284473420412098, -0.418658017753273 ], [ 35.289867401159711, -0.424210130792858 ], [ 35.301357269122718, -0.425421744218056 ], [ 35.320529937406718, -0.417166799708014 ], [ 35.331409454382879, -0.404558033026774 ], [ 35.347625732741449, -0.407753496926318 ], [ 35.368263244653065, -0.402933687439656 ], [ 35.375625610233783, -0.40462461073713 ], [ 35.380313873186765, -0.400603651936933 ], [ 35.390579223352518, -0.403839052030605 ], [ 35.400016784447075, -0.399911314255689 ], [ 35.409496307009022, -0.405050664556484 ], [ 35.415142059258699, -0.40126937598086 ], [ 35.419815063414489, -0.392149001275357 ], [ 35.435234069396813, -0.377551406372277 ], [ 35.444095611123601, -0.374097972843117 ], [ 35.451087952447097, -0.365401982815229 ], [ 35.412467956630962, -0.302436649431797 ], [ 35.454643248587104, -0.287037969026983 ], [ 35.469287872637267, -0.27774628965949 ], [ 35.502742766965184, -0.269086898441572 ], [ 35.524593353700368, -0.27011469044055 ], [ 35.528125762993625, -0.259613156721741 ], [ 35.571472168306002, -0.282224982696732 ], [ 35.568210602437432, -0.30340677510253 ], [ 35.580097198227179, -0.308009564689598 ], [ 35.583984374779106, -0.292011499630974 ], [ 35.591403962422987, -0.284906208854409 ], [ 35.591312408740748, -0.277532786109134 ], [ 35.60074233998705, -0.283208101772459 ], [ 35.603691100963601, -0.293575554668053 ], [ 35.61052703759276, -0.288749338411208 ], [ 35.617141723911459, -0.290134638802499 ], [ 35.619556426987572, -0.293888359560071 ], [ 35.630233764676575, -0.287766218436161 ], [ 35.631172180251951, -0.275611250558711 ], [ 35.645427703625671, -0.271321266762982 ], [ 35.651729584153031, -0.257691622070638 ], [ 35.656555175381072, -0.236107617772291 ], [ 35.654724122420362, -0.206613958267496 ], [ 35.660400389566405, -0.204960525008175 ], [ 35.662769318049641, -0.194190860219976 ], [ 35.672508240163211, -0.188917756449257 ], [ 35.664600371909671, -0.185655579041679 ], [ 35.66953659144059, -0.163188784934448 ], [ 35.653743743578957, -0.164940074324932 ], [ 35.646816253267502, -0.151557982414886 ], [ 35.638946533355863, -0.150606200215918 ], [ 35.628978729284995, -0.153385415604419 ], [ 35.623981474565426, -0.150644273014734 ], [ 35.610164642284474, -0.159115150144032 ], [ 35.607078552133544, -0.154525175896083 ], [ 35.602748869564721, -0.153959825185723 ], [ 35.599712371628698, -0.147109329431942 ], [ 35.600723266265788, -0.137100875105261 ], [ 35.596881866105264, -0.129427120165417 ], [ 35.598609924208688, -0.122634209800879 ], [ 35.603721618557927, -0.122990236110468 ], [ 35.612735748256227, -0.110628038353241 ], [ 35.622920990411444, -0.103005640098161 ], [ 35.621086120727966, -0.096704908005051 ], [ 35.614410400119937, -0.091429612586523 ], [ 35.6149749756147, -0.084386714075549 ], [ 35.623798370798227, -0.080955088206736 ], [ 35.640151977431856, -0.060969803313697 ], [ 35.634567260370829, -0.054217598962964 ], [ 35.6383819578611, -0.050277932580457 ], [ 35.632160187142972, -0.036095131085403 ], [ 35.610160827360346, -0.032494492926446 ], [ 35.582473754760031, -0.007767178212646 ], [ 35.57222747831554, -0.010866453324127 ], [ 35.568187713791986, -0.007909976164399 ], [ 35.543449402168221, -0.008508755574553 ], [ 35.522800444584902, 0.015413656015483 ] ] ] } },
{ "type": "Feature", "properties": { "shapeName": "Kisumu", "shapeISO": "KE-17", "shapeID": "32016919B35081513576883", "shapeGroup": "KEN", "shapeType": "ADM1" }, "geometry": { "type": "Polygon", "coordinates": [ [ [ 34.747074127568965, -0.024731903854217 ], [ 34.739936829021474, -0.025767555028608 ], [ 34.727569579772364, -0.006548205635113 ], [ 34.714946746794965, -0.010400412049307 ], [ 34.708091736444544, -0.021821825416851 ], [ 34.6942405698465, -0.020846246257236 ], [ 34.686691283775758, -0.026473671222902 ], [ 34.692546844261528, -0.014668053987464 ], [ 34.690574646302935, -0.010595218694334 ], [ 34.671955108741315, -0.015837997325661 ], [ 34.662792205995572, -0.014441358281999 ], [ 34.654167175175019, -0.006611534994306 ], [ 34.637535095268504, -0.000657576086212 ], [ 34.613853454673233, -0.000697473609478 ], [ 34.603843689134976, 0.012374884593271 ], [ 34.588897704965177, 0.001210558620414 ], [ 34.592082976847962, -0.007321166638462 ], [ 34.587818146190557, -0.010585977260973 ], [ 34.582504272554161, -0.03120812155754 ], [ 34.575786589579479, -0.035893421244339 ], [ 34.564933777072213, -0.040110193030955 ], [ 34.5612640377052, -0.03526871617828 ], [ 34.56282424903992, -0.015824720634328 ], [ 34.554782867435449, -0.01551236810127 ], [ 34.547595977572371, -0.021915611216457 ], [ 34.54158401509028, -0.016215162199956 ], [ 34.534114837929451, -0.015367294864745 ], [ 34.529132842906449, -0.020848391140305 ], [ 34.485774993721009, -0.029869526557377 ], [ 34.460479735551417, -0.042377937891445 ], [ 34.446281433341539, -0.055810190387945 ], [ 34.411609649265927, -0.078401319365355 ], [ 34.424640655741712, -0.127013043017485 ], [ 34.483417510909476, -0.299272477442855 ], [ 34.532424926369288, -0.271713227283556 ], [ 34.706382751163062, -0.258051634175501 ], [ 34.75463867243684, -0.289455711811627 ], [ 34.760093689272367, -0.313562244302091 ], [ 34.768840789570845, -0.309747546811764 ], [ 34.775459289914352, -0.316825151059845 ], [ 34.779251098759232, -0.316652238410029 ], [ 34.78136825574046, -0.322975099221424 ], [ 34.782558441019262, -0.320321142306852 ], [ 34.785526275717075, -0.321975171816689 ], [ 34.790142059608399, -0.330553501742656 ], [ 34.782772064179483, -0.332374751193754 ], [ 34.785461425604353, -0.341267019157556 ], [ 34.792610168024908, -0.34134221057451 ], [ 34.790195464948795, -0.347755283279639 ], [ 34.798107147227142, -0.354093194245479 ], [ 34.807579040840096, -0.354168385662433 ], [ 34.81054687463859, -0.351191133264138 ], [ 34.81063079757331, -0.355950206137038 ], [ 34.822689055955209, -0.370881468405003 ], [ 34.823787689350411, -0.387669741665206 ], [ 34.833389282289602, -0.387925356869687 ], [ 34.839103698676809, -0.392265140623692 ], [ 34.857666015973905, -0.391932606404623 ], [ 34.862102508324142, -0.397323191312182 ], [ 34.866394042551065, -0.39405554512723 ], [ 34.876251221017071, -0.398278027608853 ], [ 34.885345458725965, -0.396804421886486 ], [ 34.887744903904263, -0.401443213133746 ], [ 34.893962859698263, -0.393759548564276 ], [ 34.897090912215901, -0.394691794790447 ], [ 34.915016174057257, -0.385083466828462 ], [ 34.914081573405952, -0.4031122622211 ], [ 34.92538833580312, -0.401375531955182 ], [ 34.929473876718077, -0.403280198922005 ], [ 34.92970657359956, -0.411855994558437 ], [ 34.935695648335582, -0.410577893355025 ], [ 34.958957671559347, -0.415998547994548 ], [ 34.963306426950112, -0.41161423880601 ], [ 34.967609405949361, -0.413396120434584 ], [ 34.974456787350903, -0.409441947987489 ], [ 34.986865997168081, -0.413090943592124 ], [ 34.989471435658288, -0.407754421429331 ], [ 35.003158570411756, -0.404514849380746 ], [ 35.007427215993289, -0.394384980282553 ], [ 35.012332916131243, -0.391418933436967 ], [ 35.012893676701879, -0.37892129957828 ], [ 35.007377624677702, -0.358249932688182 ], [ 35.008247375216229, -0.338712186418206 ], [ 35.031951903557569, -0.312135308897325 ], [ 35.052478789864324, -0.29441654668625 ], [ 35.057918548802036, -0.234497249448452 ], [ 35.06350707988787, -0.215714603646006 ], [ 35.070877075316844, -0.212617830448494 ], [ 35.072460174397577, -0.208746850686566 ], [ 35.103900909299568, -0.201678111955232 ], [ 35.128337859904377, -0.156101599309295 ], [ 35.132678985446887, -0.155869006749242 ], [ 35.137767792049999, -0.163499921584048 ], [ 35.138916015861469, -0.160956278209596 ], [ 35.154956817603079, -0.166330753561397 ], [ 35.163265228607486, -0.162802473055649 ], [ 35.166381836352741, -0.165551244594212 ], [ 35.172927856735271, -0.162843495630796 ], [ 35.183368682618664, -0.166125625397228 ], [ 35.186302184798024, -0.160053700617766 ], [ 35.203769683624046, -0.165927067680002 ], [ 35.203788757345308, -0.168991804328243 ], [ 35.215145111058064, -0.175073713381096 ], [ 35.218658448428698, -0.194290235306084 ], [ 35.227043151620194, -0.196374639877661 ], [ 35.231838226153286, -0.193938076081281 ], [ 35.236530304030339, -0.20104791203147 ], [ 35.239635467902588, -0.199772522284036 ], [ 35.243278503700026, -0.20421734415504 ], [ 35.244785308795031, -0.201761753402138 ], [ 35.247631073115599, -0.213135570150371 ], [ 35.261165618998177, -0.223852664169044 ], [ 35.259269714126049, -0.22949674727704 ], [ 35.261631011861766, -0.233513281412741 ], [ 35.270435333324031, -0.237824857031455 ], [ 35.284824370948002, -0.235883220734024 ], [ 35.298320770287376, -0.238319785429724 ], [ 35.313713073599502, -0.248837008720955 ], [ 35.339942932420456, -0.240061550999712 ], [ 35.342212677373197, -0.236475616756252 ], [ 35.330432892264241, -0.19218504470399 ], [ 35.330318450835875, -0.176251425962505 ], [ 35.295738220442558, -0.176042690617635 ], [ 35.289402008296122, -0.16513030342071 ], [ 35.280273437169456, -0.165961639418072 ], [ 35.28456115737157, -0.157059177638871 ], [ 35.277366638559556, -0.144801676256293 ], [ 35.270317077870914, -0.152594537407936 ], [ 35.25331497190848, -0.120541751800374 ], [ 35.236476897790681, -0.119590841044442 ], [ 35.226482391049558, -0.106568984271178 ], [ 35.226482391049558, -0.067726478194345 ], [ 35.221012115416841, -0.03757145276029 ], [ 35.216918945552948, -0.037647596559282 ], [ 35.206108093613693, -0.029176714034065 ], [ 35.20278930658128, -0.030533224428723 ], [ 35.193740844364527, -0.026376769272417 ], [ 35.187393188345027, -0.029946269304844 ], [ 35.161457061594149, -0.031243029642042 ], [ 35.15792846722502, -0.037114598060214 ], [ 35.151844024781951, -0.039245664855514 ], [ 35.15243911787104, -0.03657281768136 ], [ 35.100299834969462, -0.003722388277538 ], [ 35.101379394643402, -0.026694694904222 ], [ 35.094898222574955, -0.03176770761354 ], [ 35.091270445574651, -0.045178346703267 ], [ 35.071884155029807, -0.057161312944174 ], [ 35.065612792996035, -0.068770796135311 ], [ 35.049995422650682, -0.035612222126304 ], [ 35.032577514240927, -0.035225156615638 ], [ 35.006839751853136, -0.02961271435521 ], [ 34.989421844342701, -0.020129623283424 ], [ 34.989807129195697, -0.024774402216849 ], [ 34.978775024248023, -0.024580869911176 ], [ 34.964649200200483, -0.032322168433268 ], [ 34.957874297860599, -0.026516195665863 ], [ 34.952842712421273, -0.026903260277209 ], [ 34.955165862714466, -0.030967442293559 ], [ 34.923717498863539, -0.036676648908156 ], [ 34.919845581108746, -0.033386599711775 ], [ 34.92119979823218, -0.026806494124344 ], [ 34.906105041914202, -0.029322415896729 ], [ 34.891590118089539, -0.025645297592348 ], [ 34.826660156341177, -0.028451518722591 ], [ 34.80904769939184, -0.022839078260802 ], [ 34.803421020863482, -0.017748020654608 ], [ 34.803691864288169, -0.012851722928644 ], [ 34.830669403270406, 0.023905311081307 ], [ 34.818691253798363, 0.021942779036067 ], [ 34.809619903835539, 0.010977305758104 ], [ 34.803447724432999, 0.010103083790341 ], [ 34.787269592617633, -0.007096302852062 ], [ 34.780975341938529, -0.021393576352409 ], [ 34.774391174113418, -0.017142130305047 ], [ 34.76325988743389, -0.017469779406724 ], [ 34.754611968867323, -0.033420693010498 ], [ 34.750568390319017, -0.033053088828922 ], [ 34.747074127568965, -0.024731903854217 ] ] ] } },
{ "type": "Feature", "properties": { "shapeName": "Nyeri", "shapeISO": "KE-36", "shapeID": "32016919B26862024603939", "shapeGroup": "KEN", "shapeType": "ADM1" }, "geometry": { "type": "Polygon", "coordinates": [ [ [ 36.657470703010574, -0.153077499427013 ], [ 36.685859680280089, -0.174455180362258 ], [ 36.67865753161982, -0.174405142982891 ], [ 36.682010650271366, -0.185511545421434 ], [ 36.612518310871394, -0.311534226323431 ], [ 36.606315612975209, -0.334759117439262 ], [ 36.613552093254555, -0.356579155103873 ], [ 36.60241317762609, -0.36737430128295 ], [ 36.601150512386312, -0.373001575162505 ], [ 36.603904723923904, -0.3774804165879 ], [ 36.6251525877218, -0.383222520402967 ], [ 36.630435943763871, -0.389538853934937 ], [ 36.622509002688389, -0.403779268698258 ], [ 36.650302886868758, -0.435935079740091 ], [ 36.648578643689518, -0.461430043161897 ], [ 36.662361145250713, -0.465334683648678 ], [ 36.663852692447847, -0.482561022073469 ], [ 36.659030914345294, -0.491633534859716 ], [ 36.654552459628349, -0.516669154258011 ], [ 36.661212921439244, -0.525052607391842 ], [ 36.660408020114062, -0.53446966394381 ], [ 36.665920257214168, -0.545264839800495 ], [ 36.669021606162232, -0.575583159635073 ], [ 36.679012298878547, -0.580865919426572 ], [ 36.679355621364891, -0.595106362968238 ], [ 36.69681167631785, -0.622438788819011 ], [ 36.704105376861719, -0.628667772099959 ], [ 36.706836700653241, -0.624655664427337 ], [ 36.708446502404229, -0.608004570154719 ], [ 36.704666137432355, -0.59020543103577 ], [ 36.721111297748223, -0.571664691172487 ], [ 36.733810424711407, -0.566658258871485 ], [ 36.746448515586565, -0.571607530263236 ], [ 36.755119323697897, -0.567467271897044 ], [ 36.777896881236131, -0.566429853554837 ], [ 36.788707733175386, -0.570941328679339 ], [ 36.804126739157766, -0.570617676164773 ], [ 36.810798644841611, -0.580277562259653 ], [ 36.820442200147454, -0.582457124996267 ], [ 36.837924956871291, -0.595506072047556 ], [ 36.844455719356006, -0.593735754801173 ], [ 36.860076904625487, -0.60812044240447 ], [ 36.866992950164558, -0.605880559440209 ], [ 36.883716582854049, -0.611296176976964 ], [ 36.92127990764169, -0.609327495367552 ], [ 36.921318054184894, -0.604412496239661 ], [ 36.986522674282071, -0.576005458784834 ], [ 36.996276855192775, -0.584276854593099 ], [ 37.015533447310816, -0.584720015316407 ], [ 37.026588440004559, -0.591553807062496 ], [ 37.04842758196736, -0.594843149391806 ], [ 37.058925629014595, -0.610201180440072 ], [ 37.067787170741383, -0.611194014891851 ], [ 37.085548400738162, -0.623318910339378 ], [ 37.098815918120181, -0.627599775908891 ], [ 37.101612091125162, -0.629941582637855 ], [ 37.100555420096612, -0.636828243728417 ], [ 37.109340667837614, -0.641168415989569 ], [ 37.12259674044725, -0.643566906087813 ], [ 37.140300751078826, -0.638061761940719 ], [ 37.151649474943383, -0.641113161643034 ], [ 37.154483795390888, -0.635535776754637 ], [ 37.160369872571607, -0.637165189122129 ], [ 37.169116973769349, -0.635624646859924 ], [ 37.170722960596208, -0.631744444550407 ], [ 37.176548004386973, -0.633213520387585 ], [ 37.172145843655812, -0.626866400364065 ], [ 37.173847198189719, -0.616371989275819 ], [ 37.178180694783293, -0.614926338080011 ], [ 37.177165985222075, -0.600580215204729 ], [ 37.169231415197714, -0.596640586593765 ], [ 37.167884827023215, -0.591498017619358 ], [ 37.159221648760138, -0.591818035074198 ], [ 37.14388275168767, -0.569658816301285 ], [ 37.144161224061293, -0.562827825943373 ], [ 37.148109435801871, -0.563821017425994 ], [ 37.149513244240893, -0.554827093695394 ], [ 37.146419525141027, -0.534254788927342 ], [ 37.167976379806134, -0.507074058021317 ], [ 37.161670685253966, -0.491833776107853 ], [ 37.176788330217335, -0.482933580620227 ], [ 37.174827576131804, -0.442524165058103 ], [ 37.193653107005332, -0.443105846557501 ], [ 37.199672699335679, -0.439039468396686 ], [ 37.199367523392539, -0.430117040768778 ], [ 37.205539703694399, -0.425067008435633 ], [ 37.205322265610107, -0.416359335315008 ], [ 37.307785034551728, -0.15107406711445 ], [ 37.130466461258209, -0.036870822430444 ], [ 37.123703002791387, -0.054468043065697 ], [ 37.112094879375263, -0.038195681185698 ], [ 37.091766357431482, -0.017459983091726 ], [ 37.087474823204559, -0.016505621637066 ], [ 37.076530456115734, -0.002686775774009 ], [ 37.079383850284501, 0.002722116632413 ], [ 37.076862335628334, 0.009813352804031 ], [ 37.071144104317, 0.000900258340323 ], [ 37.063228607114581, 0.001882561730895 ], [ 37.051502227345964, -0.009940355762751 ], [ 37.024356841595022, -0.049103382914723 ], [ 36.996459960758614, -0.064960435175919 ], [ 36.976554870211146, -0.071933522913696 ], [ 36.983600616875037, -0.134985148945418 ], [ 36.993824005573458, -0.145700975819352 ], [ 37.006706238102481, -0.150287344685182 ], [ 37.004428863301428, -0.176792040819976 ], [ 37.01680374060021, -0.180796384645362 ], [ 37.007026671943436, -0.221203893644713 ], [ 37.011604309291499, -0.231802299636399 ], [ 37.001167297432858, -0.248762667163305 ], [ 36.988132476932321, -0.255677253102704 ], [ 36.995800017556803, -0.271312862598506 ], [ 36.985412597913125, -0.296194196105205 ], [ 36.961215973138678, -0.284724891140741 ], [ 36.877780914357743, -0.260292917384163 ], [ 36.8688392637211, -0.24904294267759 ], [ 36.85473632831895, -0.254302322793933 ], [ 36.840999603149214, -0.216028764715645 ], [ 36.841487884658193, -0.207687094983385 ], [ 36.837585449309074, -0.197744861336218 ], [ 36.850105285630491, -0.197630659127583 ], [ 36.855716705361715, -0.190279930774125 ], [ 36.862129210594674, -0.188222258550354 ], [ 36.869117736994042, -0.177764535305016 ], [ 36.862506865599414, -0.159797013421382 ], [ 36.856594085748497, -0.154935986206738 ], [ 36.859565733571799, -0.143487155207993 ], [ 36.829006194880037, -0.135690778606488 ], [ 36.82906341514456, -0.103601172955734 ], [ 36.790672302185044, -0.106751784966832 ], [ 36.764942168746131, -0.114745013271715 ], [ 36.763191222896694, -0.10931895640465 ], [ 36.7521858224178, -0.120835542326347 ], [ 36.715934753286263, -0.129564583338777 ], [ 36.710800171191011, -0.136740982610206 ], [ 36.657470703010574, -0.153077499427013 ] ] ] } },
{ "type": "Feature", "properties": { "shapeName": "Tana River", "shapeISO": "KE-40", "shapeID": "32016919B56782604912852", "shapeGroup": "KEN", "shapeType": "ADM1" }, "geometry": { "type": "Polygon", "coordinates": [ [ [ 38.434150695997857, -0.074822575201608 ], [ 38.829811095805496, -0.760177790572527 ], [ 38.953414916964903, -1.031763791765513 ], [ 38.999698637582128, -1.676915169399479 ], [ 38.983821868584414, -1.694116473396491 ], [ 38.976963043309865, -1.693560957671991 ], [ 38.958457947176555, -1.702792287134287 ], [ 39.015125274312027, -1.914046764346665 ], [ 38.795230865412179, -2.339674473198329 ], [ 38.787746428554897, -2.340874194888158 ], [ 38.787200927680715, -2.347056150820663 ], [ 38.781990051599678, -2.353437900138942 ], [ 38.770378112360049, -2.352174283416389 ], [ 38.757442473591311, -2.357628106851621 ], [ 38.755485534429909, -2.361539840291357 ], [ 38.753387451169999, -2.359512567850686 ], [ 38.737083434952638, -2.365780114960273 ], [ 38.733177184679391, -2.370098829397421 ], [ 38.732299804292609, -2.37768697697237 ], [ 38.716640471580547, -2.388266086210876 ], [ 38.713840484550758, -2.395475864719344 ], [ 38.684780121105746, -2.413200378094928 ], [ 38.646198272732136, -2.417861700057358 ], [ 38.63188552819463, -2.415150165847422 ], [ 38.630855560735597, -2.411586284779162 ], [ 38.626533508015029, -2.410478591613639 ], [ 39.078693389988018, -3.042737245227613 ], [ 39.079174041648741, -3.050369739272014 ], [ 39.086265563804773, -3.051953554213128 ], [ 39.087135315242676, -3.043139219699185 ], [ 39.102313995394638, -3.035963535388817 ], [ 39.110855102381095, -3.024426460212908 ], [ 39.127285003899885, -3.019181728254125 ], [ 39.132694244343952, -3.034373760640506 ], [ 39.132137298697444, -3.041433811021534 ], [ 39.140045166051607, -3.041701793702771 ], [ 39.14239120499019, -3.049066305065878 ], [ 39.150993347165297, -3.044960737148244 ], [ 39.161949158127186, -3.058952570304825 ], [ 39.163101195963463, -3.065659284248511 ], [ 39.168624877835896, -3.065141439325942 ], [ 39.174430847006022, -3.056753635272003 ], [ 39.181861877623589, -3.063198328140288 ], [ 39.195110321284346, -3.060901881416669 ], [ 39.204132079931583, -3.066341638555741 ], [ 39.21610259955537, -3.065580130418653 ], [ 39.217369079719333, -3.072925806380795 ], [ 39.889717101762869, -2.310055970706458 ], [ 40.179042815773357, -2.718407392786901 ], [ 40.183025360032389, -2.709679126990068 ], [ 40.190769196441295, -2.704711199162489 ], [ 40.18357086180589, -2.698761225150349 ], [ 40.179870605743929, -2.703489303788274 ], [ 40.175098418956907, -2.702964067337803 ], [ 40.182086943557636, -2.681185245602535 ], [ 40.201892852373305, -2.679095267932212 ], [ 40.200611114311528, -2.68409728995789 ], [ 40.204723357896683, -2.691566467118719 ], [ 40.199928283363647, -2.69733357388526 ], [ 40.203353881976113, -2.700577020213245 ], [ 40.198371886953055, -2.702039003097468 ], [ 40.200839996268883, -2.703283787117016 ], [ 40.192775726018965, -2.710787057576624 ], [ 40.1986236575558, -2.713048219399752 ], [ 40.194355011074947, -2.716245889336278 ], [ 40.196681976292211, -2.720619916575856 ], [ 40.192207335600131, -2.719043969803295 ], [ 40.18788909870301, -2.723543644023891 ], [ 40.195266723980183, -2.72294974343589 ], [ 40.192687988160174, -2.730704307857479 ], [ 40.196144104366965, -2.732611417382941 ], [ 40.233272552086646, -2.677738666706034 ], [ 40.26188278236458, -2.6492979523386 ], [ 40.259529113577798, -2.64341950410676 ], [ 40.267143249761205, -2.637876749412385 ], [ 40.269550323888382, -2.630374669655225 ], [ 40.28125381501161, -2.623964309305393 ], [ 40.290546417083533, -2.61310315108949 ], [ 40.340373992665661, -2.584270238780448 ], [ 40.340652465938604, -2.587181568174799 ], [ 40.329345704440755, -2.595439433682884 ], [ 40.299560546781834, -2.61399889023653 ], [ 40.2917213435652, -2.615930319228823 ], [ 40.282150268220335, -2.628751039928488 ], [ 40.273357392429773, -2.628779173420071 ], [ 40.266582489190569, -2.64260768879376 ], [ 40.32891845722105, -2.597388267254701 ], [ 40.400287627771831, -2.56051897986697 ], [ 40.461402892929243, -2.536766767672134 ], [ 40.489242554400391, -2.530728816581586 ], [ 40.51275253330283, -2.529463529817974 ], [ 40.516502380680379, -2.527285337648152 ], [ 40.512847900110557, -2.52789378207234 ], [ 40.513362884289734, -2.524978876074215 ], [ 40.506763458566809, -2.522176027401713 ], [ 40.497184753373745, -2.521839618903243 ], [ 40.493534087727994, -2.51825213422859 ], [ 40.484466552689298, -2.525123119236525 ], [ 40.459995269566093, -2.534700870248912 ], [ 40.453651427571401, -2.536126137411259 ], [ 40.453205108429074, -2.531193256163817 ], [ 40.450290679970976, -2.535037040427028 ], [ 40.449134826311251, -2.531289338831868 ], [ 40.44433212282928, -2.53189802157641 ], [ 40.444267272716502, -2.523969888899217 ], [ 40.455287933791169, -2.521631478909569 ], [ 40.457145691220717, -2.511108874974525 ], [ 40.462879181329185, -2.50276446320936 ], [ 40.467170715556108, -2.504686355790625 ], [ 40.469348907725987, -2.510740518959722 ], [ 40.473705292065631, -2.509299039718883 ], [ 40.474025725906586, -2.506095647396137 ], [ 40.464962005791961, -2.500970601711856 ], [ 40.465888976595068, -2.498471975701079 ], [ 40.474792480688507, -2.502492188963288 ], [ 40.478542328066055, -2.49634194402546 ], [ 40.490489959943773, -2.495492934551237 ], [ 40.489723205161852, -2.490944385774753 ], [ 40.493789673254867, -2.493827343357168 ], [ 40.493019104448138, -2.501611232872051 ], [ 40.499778747990888, -2.504734277964531 ], [ 40.49926757783652, -2.494419813123841 ], [ 40.509357452284632, -2.496758222214112 ], [ 40.515666961760928, -2.505246878040964 ], [ 40.508243560991616, -2.516487121183673 ], [ 40.510864257379637, -2.519469023076908 ], [ 40.519046783082615, -2.520075560039004 ], [ 40.532150268620057, -2.532121181147545 ], [ 40.547748565244149, -2.533906460414755 ], [ 40.569725036381385, -2.548049212401168 ], [ 40.606296539353878, -2.557547092824052 ], [ 40.643802642977619, -2.532797098107551 ], [ 40.679748535266754, -2.490975380009729 ], [ 40.730617523080298, -2.456020117034711 ], [ 40.66366327720182, -2.467885091554116 ], [ 40.440673828234651, -2.397521972560924 ], [ 40.249511719090606, -2.398071289258553 ], [ 40.249511719090606, -2.248779297026886 ], [ 40.20455169710317, -2.015267133371481 ], [ 40.196853637985043, -2.00080084758099 ], [ 40.196880340655241, -1.980528235589532 ], [ 40.185985564881946, -1.959789633584649 ], [ 40.18941116259515, -1.936283946247102 ], [ 40.187515258622341, -1.862906812599249 ], [ 40.163021087753066, -1.82337784770948 ], [ 40.157714843964925, -1.763751745646516 ], [ 40.169147491663466, -1.735495567666248 ], [ 40.170753479389589, -1.723865390175547 ], [ 40.158233642168909, -1.697334289945502 ], [ 40.159908294931938, -1.644565820656055 ], [ 40.153995514181702, -1.607811093407179 ], [ 40.143253326379977, -1.58638620256113 ], [ 40.126098632445974, -1.570152998062383 ], [ 40.114887237755852, -1.552901744819621 ], [ 40.105140685794083, -1.50794064994102 ], [ 40.087276459141322, -1.474342346122341 ], [ 40.070903777887111, -1.470875620613356 ], [ 40.038784026961309, -1.490767122404748 ], [ 40.032562256243182, -1.487366319000387 ], [ 40.03144073510191, -1.482296944048699 ], [ 40.038181304923341, -1.480246185812803 ], [ 40.032012940444872, -1.462694525731706 ], [ 40.035282135262378, -1.455591082162641 ], [ 40.029579162748234, -1.45247542859812 ], [ 40.033214568697417, -1.448477506831409 ], [ 40.034286499422478, -1.432644724574345 ], [ 40.030117034673481, -1.427907823587134 ], [ 40.031177520626102, -1.424331068723802 ], [ 40.024509429866328, -1.422088980621936 ], [ 40.021980285361906, -1.400996209407481 ], [ 40.00907516508687, -1.379539251435233 ], [ 40.014766692828687, -1.374538898551293 ], [ 40.009372711181754, -1.360322953441482 ], [ 40.004692078076971, -1.363120198438367 ], [ 40.00226974515266, -1.361358404067062 ], [ 40.004329680970045, -1.354151010560656 ], [ 40.000957488597294, -1.348081826914722 ], [ 40.011753082638677, -1.329346896442075 ], [ 40.004314422172911, -1.324636220585091 ], [ 40.004245758035381, -1.315612197444921 ], [ 39.997234344789206, -1.299963117004211 ], [ 40.004291534426841, -1.293576955611968 ], [ 39.999179840077602, -1.285913943973299 ], [ 40.006340027270483, -1.278602957560395 ], [ 40.004718780747169, -1.2698706394184 ], [ 40.011844635421653, -1.264688014640114 ], [ 40.008689880233817, -1.257181167576789 ], [ 40.001327514653156, -1.254659891240919 ], [ 40.007968902742732, -1.240104675090663 ], [ 39.995346069765333, -1.238423347559376 ], [ 40.000003815124046, -1.233615994582465 ], [ 39.995643615860217, -1.226803183120353 ], [ 40.000423431596118, -1.215198159667295 ], [ 39.991058349563218, -1.212753414738245 ], [ 39.989250183449258, -1.202467560929165 ], [ 39.979846953973777, -1.202375173575376 ], [ 39.981033325227827, -1.193158864589861 ], [ 39.972660065010018, -1.186328769057411 ], [ 39.962871551580918, -1.167603253587231 ], [ 39.962322234883288, -1.15679264086765 ], [ 39.955799103146148, -1.144541978829238 ], [ 39.944911957221109, -1.138767242214385 ], [ 39.943759917586192, -1.131118774411846 ], [ 39.936435699447998, -1.132851719431244 ], [ 39.932388305975564, -1.129089713219628 ], [ 39.932353972557848, -1.110859036215516 ], [ 39.92594146732489, -1.077717303810459 ], [ 39.920845031772842, -1.078680992134025 ], [ 39.918586730693107, -1.076000928799772 ], [ 39.913562775102037, -1.064768194996134 ], [ 39.917179107330014, -1.058347582375006 ], [ 39.908344269172744, -1.051290392737371 ], [ 39.912689208740062, -1.042452335007226 ], [ 39.899044037252565, -1.028126478354238 ], [ 39.896202086956805, -1.014992594832336 ], [ 39.898456573112412, -1.006790876697551 ], [ 39.889476775932508, -1.005734443989354 ], [ 39.885829925210942, -1.000584482587726 ], [ 39.885730742579767, -0.995125651727392 ], [ 39.89163208035626, -0.989606797415718 ], [ 39.884838104295113, -0.977317809868964 ], [ 39.893550872974458, -0.973608791712309 ], [ 39.885688782011755, -0.967955827799187 ], [ 39.880325317059771, -0.969341158767406 ], [ 39.878494262300421, -0.958973705871756 ], [ 39.881797791434963, -0.951019407419665 ], [ 39.869598388954557, -0.958794951225968 ], [ 39.87107467555586, -0.951376855557385 ], [ 39.868751526162043, -0.947042226717315 ], [ 39.871433257738715, -0.943109750414578 ], [ 39.877063751191201, -0.942305385984753 ], [ 39.878456115757217, -0.936685979374374 ], [ 39.872592926322568, -0.927730142831763 ], [ 39.860725401556067, -0.926060796068839 ], [ 39.864513397275516, -0.915931941405915 ], [ 39.86040878263924, -0.914037049170418 ], [ 39.851566314633772, -0.896914959257913 ], [ 39.855895996303218, -0.893034875658941 ], [ 39.850124358752225, -0.886492788911028 ], [ 39.857116699176402, -0.885364889777804 ], [ 39.859596252365179, -0.881326854650581 ], [ 39.856666565109947, -0.874288558869864 ], [ 39.851249694817625, -0.871130347587439 ], [ 39.857250213426653, -0.859467445566111 ], [ 39.858741760623786, -0.848458826413662 ], [ 39.849086761444937, -0.842728912908967 ], [ 39.846378326298748, -0.852474272369705 ], [ 39.841506957779927, -0.852474272369705 ], [ 39.842948913661473, -0.845999895578643 ], [ 39.836814880802137, -0.838194607595028 ], [ 39.839927673623265, -0.835622906272079 ], [ 39.844753265750683, -0.840179741401869 ], [ 39.847370148113896, -0.839006722382294 ], [ 39.843940734577302, -0.827749908331555 ], [ 39.845432281774436, -0.819583654062342 ], [ 39.835819244062918, -0.811011315419819 ], [ 39.842182159778929, -0.804356515740551 ], [ 39.838165283001445, -0.802145720448607 ], [ 39.825397491900787, -0.803769946425859 ], [ 39.825847625967242, -0.799799621255488 ], [ 39.834602356113919, -0.795964658442188 ], [ 39.834152222047464, -0.792941808617513 ], [ 39.825080871185321, -0.79260337394652 ], [ 39.82724761858276, -0.780782640006805 ], [ 39.812358855576804, -0.776722073265034 ], [ 39.808658600414105, -0.771240294404038 ], [ 39.816104888929544, -0.766954123733797 ], [ 39.808750152297762, -0.758923232720974 ], [ 39.817276001386404, -0.755426645223451 ], [ 39.815471649297251, -0.747034787925088 ], [ 39.822601317996487, -0.745636105621713 ], [ 39.823909759627782, -0.741891384379812 ], [ 39.807983398415161, -0.73582309466002 ], [ 39.805320739660488, -0.72700261957516 ], [ 39.811412811052435, -0.728265941320103 ], [ 39.813217163141644, -0.713196695171291 ], [ 39.809516907079626, -0.710737765235649 ], [ 39.812450409259043, -0.705819964719524 ], [ 39.805049896235801, -0.704646944800629 ], [ 39.807712554990474, -0.694675982310685 ], [ 39.802524566655507, -0.698127448123159 ], [ 39.797973632876904, -0.69121879321267 ], [ 39.79555511487672, -0.681233286886652 ], [ 39.79985046402777, -0.671033025153918 ], [ 39.790454864400544, -0.671865105789948 ], [ 39.789005279570063, -0.660430073988664 ], [ 39.779502868362727, -0.66177225098852 ], [ 39.781703949177938, -0.652055144629173 ], [ 39.768550873224285, -0.629292428602639 ], [ 39.774673462210558, -0.621615410023082 ], [ 39.776603698701763, -0.613133072833023 ], [ 39.765117645662883, -0.610824585086505 ], [ 39.755989075435537, -0.601026953431131 ], [ 39.749439239229559, -0.60505336482089 ], [ 39.739776611101775, -0.595953703300722 ], [ 39.73870468127609, -0.587578713686639 ], [ 39.730865478958719, -0.59359151163892 ], [ 39.713901520438867, -0.590880393815098 ], [ 39.704719543072486, -0.594369947714881 ], [ 39.696933746095567, -0.591551482315026 ], [ 39.700157165420876, -0.582102775922351 ], [ 39.693229675109478, -0.585753381313452 ], [ 39.69269561810836, -0.578505874446478 ], [ 39.685607909977136, -0.574425757342794 ], [ 39.686412811302262, -0.551636219036254 ], [ 39.683300017581814, -0.550938308256264 ], [ 39.675945281849351, -0.557326852851929 ], [ 39.672348022443316, -0.547368228161133 ], [ 39.663272857556365, -0.548925102111752 ], [ 39.661396026405555, -0.537812173293105 ], [ 39.667999267951927, -0.536523700208534 ], [ 39.668643950557907, -0.531584620833542 ], [ 39.647491455366435, -0.516525805021843 ], [ 39.640243530314706, -0.507103979365127 ], [ 39.640029907154542, -0.495454221834848 ], [ 39.630634308426636, -0.489897757875156 ], [ 39.628860473931752, -0.470866203112735 ], [ 39.635303497658356, -0.457283735056308 ], [ 39.619468689228654, -0.445875555212638 ], [ 39.619304657384077, -0.438305884209115 ], [ 39.614635467253038, -0.442547052804173 ], [ 39.610931396266949, -0.439809083922057 ], [ 39.61431503341214, -0.410362512020242 ], [ 39.6021804810444, -0.409557252764955 ], [ 39.603897094375441, -0.398041665990036 ], [ 39.59809875505357, -0.394337355784273 ], [ 39.600299834969462, -0.389451980324566 ], [ 39.596702575563484, -0.385801345255857 ], [ 39.597831725653691, -0.379734873965219 ], [ 39.592891692997284, -0.376245320065436 ], [ 39.598152160393965, -0.369158834112852 ], [ 39.594100951997405, -0.363972097634132 ], [ 39.596557617440169, -0.357986569824277 ], [ 39.589653014874784, -0.356884449757501 ], [ 39.591945647573652, -0.352026164575761 ], [ 39.58699798596831, -0.347100377180595 ], [ 39.587074279954095, -0.340954125232656 ], [ 39.580654143973618, -0.344176411412207 ], [ 39.577919006157288, -0.336730926890709 ], [ 39.560958862561506, -0.327833235115634 ], [ 39.558639526293177, -0.319805948585611 ], [ 39.553997039731655, -0.317162424706112 ], [ 39.556060791372488, -0.311230629589829 ], [ 39.551158905259342, -0.307297587613505 ], [ 39.549613952721813, -0.298851191828987 ], [ 39.543487548811356, -0.290727199400692 ], [ 39.535297394159443, -0.294434577193954 ], [ 39.525821685622361, -0.286761939212056 ], [ 39.520664214881663, -0.296239912242129 ], [ 39.513568877801504, -0.298883437920267 ], [ 39.511894225937851, -0.295659631886451 ], [ 39.517375946342895, -0.28202292301944 ], [ 39.515052795150439, -0.277703016980581 ], [ 39.51002502463524, -0.277316182595712 ], [ 39.509315491017162, -0.269869178219949 ], [ 39.498416900319739, -0.249107867434077 ], [ 39.490165709579912, -0.249365762419927 ], [ 39.488426209402121, -0.24414320324621 ], [ 39.475852965941669, -0.240371346760185 ], [ 39.469791412143991, -0.233021065369826 ], [ 39.471210479380147, -0.226702407090386 ], [ 39.465728759874423, -0.219642266777157 ], [ 39.457347869808416, -0.216160549569679 ], [ 39.45322036742607, -0.210680082819522 ], [ 39.444904326573464, -0.209841892189502 ], [ 39.425430298169772, -0.18904833531235 ], [ 39.406475067070744, -0.190466806298048 ], [ 39.400222778758291, -0.195431469586595 ], [ 39.396869659207482, -0.188387646572608 ], [ 39.389949798744283, -0.191691696414637 ], [ 39.384101868106768, -0.190521507561471 ], [ 39.381381988188252, -0.182571172421603 ], [ 39.373832703016888, -0.177998751141388 ], [ 39.361915588733495, -0.162493094580611 ], [ 39.355739594406828, -0.168632253575595 ], [ 39.352630615610451, -0.159747258429206 ], [ 39.337043761960103, -0.166450322024673 ], [ 39.333972930606308, -0.156961039120631 ], [ 39.324687956584, -0.157849401128885 ], [ 39.327835082822844, -0.145493149689059 ], [ 39.31838607785528, -0.140324518361808 ], [ 39.313297272151431, -0.132975385405643 ], [ 39.305000305020087, -0.139658257422582 ], [ 39.295513154408582, -0.136125013558456 ], [ 39.282154083344324, -0.141260176615788 ], [ 39.275257110627194, -0.137175083563193 ], [ 39.270957946552016, -0.141578495251281 ], [ 39.263477326417558, -0.140915334275235 ], [ 39.257324218937583, -0.146538957806627 ], [ 39.254669189131846, -0.138740152136279 ], [ 39.246448516885607, -0.141737654569056 ], [ 39.238010406555077, -0.137864784432224 ], [ 39.227561950823429, -0.138368785191233 ], [ 39.226448060429675, -0.129986390559452 ], [ 39.213924408284868, -0.132214621007904 ], [ 39.202625274836635, -0.142745658785088 ], [ 39.191802978124997, -0.140835746972073 ], [ 39.183422088958309, -0.135291694556031 ], [ 39.170635223237014, -0.136803716618203 ], [ 39.169307708783776, -0.130225137180275 ], [ 39.163368225363342, -0.126564472872076 ], [ 39.134769439857791, -0.13014554987717 ], [ 39.133499145669077, -0.119455352782268 ], [ 39.120552063027333, -0.120622515416699 ], [ 39.120075225391417, -0.110118001344631 ], [ 39.109676360975357, -0.104733117239505 ], [ 39.10702514609369, -0.099162541118346 ], [ 39.101665496965154, -0.098154529707756 ], [ 39.097900390790471, -0.088047914379672 ], [ 39.074077606096694, -0.064837180391521 ], [ 39.065322875950017, -0.04632164582722 ], [ 39.049301147030349, -0.052608438428649 ], [ 39.035934447916475, -0.053642974443676 ], [ 39.025642395080524, -0.044093415378768 ], [ 39.02022933971233, -0.042899720046023 ], [ 39.007442473991034, -0.055367197837882 ], [ 39.001605987226583, -0.055234566721822 ], [ 38.997680664131394, -0.048974301422845 ], [ 38.986911773659472, -0.059425763588081 ], [ 38.971950530692482, -0.059001338440964 ], [ 38.966964721644615, -0.082266956254955 ], [ 38.954757690215274, -0.085955060677463 ], [ 38.939830779766737, -0.098951242705652 ], [ 38.931049346949862, -0.098117022582471 ], [ 38.920070648241847, -0.085823342373317 ], [ 38.89952468911315, -0.095526568596199 ], [ 38.881786346862498, -0.096229068616594 ], [ 38.860446930281682, -0.091706744970281 ], [ 38.834808349625689, -0.093594707929356 ], [ 38.786510467783899, -0.078710563841412 ], [ 38.771846770911793, -0.069402493430289 ], [ 38.752094269235215, -0.071689866893792 ], [ 38.714595794560296, -0.060042407131334 ], [ 38.697975159426107, -0.048751864906592 ], [ 38.690925597838145, -0.039739657059499 ], [ 38.687004089667084, -0.042398702338176 ], [ 38.686214447139093, -0.051577475420117 ], [ 38.683242798416472, -0.05373683578631 ], [ 38.657932281449689, -0.045069650144171 ], [ 38.649490356195031, -0.051904652377743 ], [ 38.639701843665193, -0.052142597702698 ], [ 38.61275863630209, -0.028746547615015 ], [ 38.609207153287571, -0.028038656159026 ], [ 38.602748870763833, -0.033023629736704 ], [ 38.569381714294707, -0.017194264004047 ], [ 38.554874420318299, -0.015475102893618 ], [ 38.549823761157711, -0.017777230634636 ], [ 38.542789459266203, -0.030840472409807 ], [ 38.541339874435721, -0.042166706028638 ], [ 38.530952453892667, -0.04204773561446 ], [ 38.531803130709989, -0.053903397423824 ], [ 38.520740509067309, -0.062386177080384 ], [ 38.511810302303672, -0.058775343307389 ], [ 38.501739501576765, -0.061827003813107 ], [ 38.489986420037326, -0.058769396990044 ], [ 38.482196808136223, -0.07474152739951 ], [ 38.458724975777045, -0.084794752675634 ], [ 38.453353881876183, -0.083801329167954 ], [ 38.43822097811568, -0.070238396185005 ], [ 38.434150695997857, -0.074822575201608 ] ] ] } },
{ "type": "Feature", "properties": { "shapeName": "Kitui", "shapeISO": "KE-18", "shapeID": "32016919B87039477224343", "shapeGroup": "KEN", "shapeType": "ADM1" }, "geometry": { "type": "Polygon", "coordinates": [ [ [ 38.420703887974128, -0.069284766778537 ], [ 38.403469086029531, -0.074937835013031 ], [ 38.392807007137719, -0.072356119739084 ], [ 38.387638091624694, -0.082558057808058 ], [ 38.381488799968224, -0.085508592247663 ], [ 38.346492767127529, -0.061125062271742 ], [ 38.339954376593255, -0.06025061007756 ], [ 38.329555511277874, -0.065461628251512 ], [ 38.319740295178519, -0.055206154440441 ], [ 38.309131623425742, -0.051475637090959 ], [ 38.300857544040468, -0.067197024822804 ], [ 38.29023361169186, -0.075620316124628 ], [ 38.287620544252775, -0.084311298727414 ], [ 38.279865264870125, -0.082431524994831 ], [ 38.27143478258921, -0.09299038329948 ], [ 38.250286102321809, -0.08407334980518 ], [ 38.221240997673931, -0.102543920065784 ], [ 38.213684081755048, -0.113727383611831 ], [ 38.212394714744335, -0.123917430844699 ], [ 38.207405090772397, -0.126731142428241 ], [ 38.206409454033121, -0.143036395213414 ], [ 38.19733428914617, -0.143107786994733 ], [ 38.193870543990442, -0.149698883196834 ], [ 38.185791015842767, -0.152280597571462 ], [ 38.181873321696514, -0.189346656622831 ], [ 38.162746429803917, -0.223307520325761 ], [ 38.162460327582096, -0.234907388864883 ], [ 38.143424987573155, -0.23932129114462 ], [ 38.135425567436016, -0.256209522251595 ], [ 38.113681793180263, -0.27517977382746 ], [ 38.104106902911269, -0.27517977382746 ], [ 38.101314544830416, -0.278481274990781 ], [ 38.087890624552756, -0.273787766292344 ], [ 38.044754028375735, -0.275221407042238 ], [ 38.031497955766099, -0.273048907580971 ], [ 38.02420425432291, -0.267732053591374 ], [ 38.001422881860549, -0.264918536261405 ], [ 37.997272491732133, -0.266810208923971 ], [ 37.993522644354584, -0.274257928260738 ], [ 37.992862701152774, -0.286446721439006 ], [ 37.985458374104724, -0.295958608802721 ], [ 37.979885100916704, -0.310550660284719 ], [ 37.985866546703846, -0.317748515581457 ], [ 37.985969543359772, -0.323060661620218 ], [ 37.979759217414028, -0.32627293474809 ], [ 37.972030639802256, -0.343506187160756 ], [ 37.978134155067266, -0.353940129633202 ], [ 37.967605590425705, -0.363434164555031 ], [ 37.973770141778687, -0.3695375026536 ], [ 37.974472046447829, -0.376592605864005 ], [ 37.969963074136615, -0.381101668107476 ], [ 37.969539642740358, -0.396574110007123 ], [ 37.964965820316422, -0.400756031265757 ], [ 37.964916229000835, -0.411154269753695 ], [ 37.951835632108782, -0.425365596844756 ], [ 37.940097807567838, -0.425002723996442 ], [ 37.934829712121541, -0.42868456284225 ], [ 37.9312133789943, -0.443589478571539 ], [ 37.91398620599864, -0.46475717410425 ], [ 37.882061005411117, -0.534142255860388 ], [ 37.88743209841266, -0.553996503235965 ], [ 37.882606506285299, -0.581284165331908 ], [ 37.90073776233794, -0.595779835570909 ], [ 37.901088714672483, -0.60070055708502 ], [ 37.921924590947185, -0.623191237185779 ], [ 37.906970977828394, -0.637801111432111 ], [ 37.893035888295685, -0.644749105386836 ], [ 37.896339417430227, -0.668819725250046 ], [ 37.894798278917506, -0.680317282416581 ], [ 37.903903961398726, -0.684966325935136 ], [ 37.899322510025854, -0.707678258145052 ], [ 37.907699585167791, -0.710212409175313 ], [ 37.91160583544098, -0.707196414882617 ], [ 37.915485382144709, -0.727992952113027 ], [ 37.903034209960879, -0.757194876941981 ], [ 37.89082336540605, -0.766647280447614 ], [ 37.892768859795069, -0.777634441776001 ], [ 37.883968353256932, -0.78119766723853 ], [ 37.879928588733435, -0.793148517789803 ], [ 37.883262634562982, -0.802487909789136 ], [ 37.87121582005409, -0.809585511362229 ], [ 37.845512390184695, -0.809831918408236 ], [ 37.843765258360065, -0.816264092713652 ], [ 37.847640991038929, -0.819574773257159 ], [ 37.846412658317604, -0.82638531932696 ], [ 37.849250793689237, -0.830783784743801 ], [ 37.841445922990999, -0.834330916838269 ], [ 37.844757080175157, -0.840290129585753 ], [ 37.837615966703538, -0.843553542661823 ], [ 37.838512420811639, -0.848117530099898 ], [ 37.832317351864333, -0.851759254685817 ], [ 37.833786010416077, -0.855353712703618 ], [ 37.82943344100056, -0.859042764112246 ], [ 37.832080840958099, -0.862826407112948 ], [ 37.826877593825941, -0.865309417295748 ], [ 37.827732085567334, -0.870937586000764 ], [ 37.824516296090223, -0.871174037551725 ], [ 37.826076507424943, -0.874437392171842 ], [ 37.820682525778011, -0.88129526416509 ], [ 37.825176239292034, -0.889690161171927 ], [ 37.818840027145598, -0.897588491215856 ], [ 37.829860687320888, -0.900709986776405 ], [ 37.834587096817131, -0.911327838808688 ], [ 37.839271545745305, -0.908679306604654 ], [ 37.838562012127227, -0.918966055239196 ], [ 37.842819213835696, -0.918682276865525 ], [ 37.842723846128649, -0.926486015317323 ], [ 37.848873138684439, -0.928756177555499 ], [ 37.849346159597644, -0.934857308717767 ], [ 37.852561950873394, -0.936796367558259 ], [ 37.84627151511836, -0.940461813561797 ], [ 37.854167938599517, -0.961248099420231 ], [ 37.850952148223087, -0.958221197250396 ], [ 37.845230102887001, -0.963754772564641 ], [ 37.857433319392214, -0.964322328412663 ], [ 37.863342285218323, -0.968011378921972 ], [ 37.862728119307292, -0.972788214304614 ], [ 37.868122100954224, -0.973213851737796 ], [ 37.867080688722865, -0.976690054302537 ], [ 37.862209320204045, -0.97735220174269 ], [ 37.865661620587389, -0.98137229719373 ], [ 37.854217529015784, -0.985297799253999 ], [ 37.846553802416111, -0.993692755616109 ], [ 37.84953308098693, -1.004688979412833 ], [ 37.844852447882204, -1.046923757025695 ], [ 37.829860687320888, -1.068277597832832 ], [ 37.819358825349582, -1.070216655774004 ], [ 37.817371368593854, -1.080290555564659 ], [ 37.806827545155159, -1.092823862830983 ], [ 37.796524048446145, -1.127069116446535 ], [ 37.738151550054056, -1.077547430869174 ], [ 37.593978882019826, -1.085938930237376 ], [ 37.596900940326179, -1.147150874313354 ], [ 37.610206604251459, -1.14212381875916 ], [ 37.617698669158301, -1.142961620882033 ], [ 37.633617401421986, -1.161813020754266 ], [ 37.649486540571445, -1.198135732577953 ], [ 37.654514312885283, -1.200550675773002 ], [ 37.656436920427609, -1.207203984376349 ], [ 37.665653229413067, -1.216789841877642 ], [ 37.664718627862442, -1.219944120424771 ], [ 37.675758361759051, -1.232511639700363 ], [ 37.684234620431425, -1.234507679585704 ], [ 37.688274383156283, -1.240076779919434 ], [ 37.686599731292631, -1.245843053014426 ], [ 37.692268371288378, -1.250623703321196 ], [ 37.69665145829822, -1.268982172189453 ], [ 37.701927185391355, -1.27248132185548 ], [ 37.707939147873446, -1.288326263845931 ], [ 37.71266937229376, -1.290938377104396 ], [ 37.713310241774309, -1.29924285357481 ], [ 37.716663360425798, -1.299587846102156 ], [ 37.731594085798463, -1.340050459261249 ], [ 37.737361908425385, -1.34177541740155 ], [ 37.74514770540236, -1.352248311310461 ], [ 37.744506835921811, -1.356289625365889 ], [ 37.765159606630618, -1.354539990727915 ], [ 37.788024902027644, -1.375756979001324 ], [ 37.796207427730678, -1.387905597665167 ], [ 37.797687530155429, -1.395815849122073 ], [ 37.803550719590078, -1.394534468990514 ], [ 37.81261825642747, -1.438791871347746 ], [ 37.819145202189361, -1.447317957857422 ], [ 37.810104369820863, -1.447268844081862 ], [ 37.798919677800939, -1.454070091161725 ], [ 37.78013992331887, -1.470654369403576 ], [ 37.773242950601741, -1.485957146105363 ], [ 37.75081634539805, -1.48982596389709 ], [ 37.734897613134365, -1.496208310365205 ], [ 37.709712982368274, -1.48866784574443 ], [ 37.701927185391355, -1.490343451788817 ], [ 37.6945762636837, -1.49855732875767 ], [ 37.702007293401948, -1.50874829329905 ], [ 37.713142395005605, -1.509893417147453 ], [ 37.732608795359681, -1.542307734714143 ], [ 37.741897583406796, -1.552995801315149 ], [ 37.749214172596055, -1.554586291024464 ], [ 37.760284424086933, -1.577012300876959 ], [ 37.771797179796067, -1.583565115637555 ], [ 37.783123015914498, -1.610190034042773 ], [ 37.803352356126368, -1.64257240319381 ], [ 37.800491333008665, -1.648743510604504 ], [ 37.805324554084962, -1.649507045813493 ], [ 37.804115295084841, -1.653960347392058 ], [ 37.819957733362742, -1.665380120396208 ], [ 37.820850373446035, -1.681794047257426 ], [ 37.83058166481203, -1.681921243770319 ], [ 37.832107543628297, -1.688983082902894 ], [ 37.836818695226668, -1.690668940319313 ], [ 37.834335327113706, -1.709691286023997 ], [ 37.844387054119295, -1.713381171104118 ], [ 37.844261169717242, -1.723146795887885 ], [ 37.849349975421092, -1.730081439406831 ], [ 37.854949951279252, -1.754352331095163 ], [ 37.851131438864854, -1.767807960568859 ], [ 37.840316772900792, -1.767871498570742 ], [ 37.837707518587138, -1.779195904767164 ], [ 37.84642410308993, -1.797041177308415 ], [ 37.878677368265983, -1.831045984584478 ], [ 37.890575408828113, -1.83801233729946 ], [ 37.891468048012086, -1.841956735015287 ], [ 37.885677337639095, -1.844501495347686 ], [ 37.883514404266407, -1.852390408590452 ], [ 37.886951446751937, -1.859515785724909 ], [ 37.900054931390002, -1.863237501409515 ], [ 37.897766113615319, -1.869345069019687 ], [ 37.905845641762994, -1.892788886597771 ], [ 37.904953002579077, -1.903477072808641 ], [ 37.914878845182614, -1.90188658219995 ], [ 37.917232513070076, -1.904176830796075 ], [ 37.909408570449216, -1.920558929750769 ], [ 37.907688141294727, -1.933219313920176 ], [ 37.913669586182493, -1.941967009569794 ], [ 37.91246032718243, -1.954309225290444 ], [ 37.923912048602233, -1.985578297600284 ], [ 37.928619384377157, -1.99076330558205 ], [ 37.926837920933338, -1.995598435019701 ], [ 37.935050964230641, -2.000537157363851 ], [ 37.933738708574595, -2.005829095636216 ], [ 37.938526153259431, -2.009988308113861 ], [ 37.936557769325645, -2.017973900275251 ], [ 37.941276549872953, -2.021590710043199 ], [ 37.936405182253395, -2.031812667920235 ], [ 37.941776275254938, -2.035791158934785 ], [ 37.948371886953055, -2.034920215895227 ], [ 37.953063964830164, -2.047224759914684 ], [ 37.951919555942823, -2.056483745328535 ], [ 37.958374024441753, -2.070993423407742 ], [ 37.952011108725742, -2.130902766949077 ], [ 37.960823059136942, -2.141446828708126 ], [ 37.962802886943734, -2.165331363551559 ], [ 37.969097137622839, -2.166177988023662 ], [ 37.97515487559707, -2.161152601611207 ], [ 38.019458771105462, -2.146052122007802 ], [ 38.026283263861615, -2.160902976790908 ], [ 38.047573090026162, -2.167597293580172 ], [ 38.046195984257338, -2.178829908673322 ], [ 38.05251693760664, -2.185116291183817 ], [ 38.05758666958917, -2.205010891139693 ], [ 38.068077087687527, -2.212600707856325 ], [ 38.06177520716011, -2.220434427007149 ], [ 38.067131042263838, -2.223912477678653 ], [ 38.069805144891575, -2.247894525112201 ], [ 38.075023650820867, -2.254052877438312 ], [ 38.073722839037828, -2.259425639581536 ], [ 38.081256866311378, -2.259041786449245 ], [ 38.085971831934557, -2.270128250018672 ], [ 38.096546172967578, -2.270408392433296 ], [ 38.099586486727048, -2.278808355321303 ], [ 38.110496521297478, -2.284576892909229 ], [ 38.107589721788258, -2.298568964386163 ], [ 38.114006042844665, -2.301157951578148 ], [ 38.116062164637242, -2.311951875578529 ], [ 38.123260498373327, -2.317715644961027 ], [ 38.145984649671902, -2.320820808833219 ], [ 38.151817322411546, -2.327533006842771 ], [ 38.173171996890176, -2.338162184037515 ], [ 38.184513091805798, -2.337828159641788 ], [ 38.197498321890123, -2.352635859557211 ], [ 38.210807800739474, -2.354160547671086 ], [ 38.222202300995434, -2.398778199554215 ], [ 38.23179626498569, -2.40068554919867 ], [ 38.236072540415478, -2.408727169123495 ], [ 38.244915008420946, -2.408666372255254 ], [ 38.251918792718186, -2.419909000400025 ], [ 38.27346420261091, -2.423170566268595 ], [ 38.287109374997726, -2.482079982405196 ], [ 38.295284270852449, -2.486465216096803 ], [ 38.301391601940907, -2.498703718401828 ], [ 38.311557768576222, -2.502518176672481 ], [ 38.31076812784687, -2.511337280291229 ], [ 38.316471098562374, -2.515777110924887 ], [ 38.316101074305209, -2.523217439633072 ], [ 38.320610046616423, -2.529021263020809 ], [ 38.318244933956578, -2.536314248603617 ], [ 38.32284164412664, -2.540960311768913 ], [ 38.321907042576015, -2.548425913225287 ], [ 38.337432861037769, -2.555623769421402 ], [ 38.330554962041901, -2.563749552399884 ], [ 38.337760925626242, -2.584563970850525 ], [ 38.346599578707639, -2.588323354639044 ], [ 38.361377716108791, -2.62880992933475 ], [ 38.361549377801623, -2.637001275588375 ], [ 38.367027282383219, -2.64137339626518 ], [ 38.366252899551739, -2.648452282047117 ], [ 38.381755827569464, -2.662395953810176 ], [ 38.381000517559869, -2.669552326078929 ], [ 38.385974883634049, -2.677178382776106 ], [ 38.391368866180301, -2.698432922241523 ], [ 38.431243895589375, -2.78672885894963 ], [ 38.430507660200419, -2.791391134193418 ], [ 38.421813965242336, -2.796573877682249 ], [ 38.417835235907489, -2.811676026427449 ], [ 38.42632293665423, -2.81901502582275 ], [ 38.431034088252602, -2.839642048042037 ], [ 38.427227020610587, -2.849531650665085 ], [ 38.432262420973984, -2.855487823704038 ], [ 38.439037323313869, -2.855852127373737 ], [ 38.437778472998161, -2.863697052077271 ], [ 38.445446015421339, -2.869296073754754 ], [ 38.44343948404503, -2.879765748990053 ], [ 38.451030731583046, -2.878479242722847 ], [ 38.454242706136029, -2.881409168298433 ], [ 38.450359345407492, -2.892488479559631 ], [ 38.460659027192378, -2.896213770049428 ], [ 38.460742950127099, -2.902154922611544 ], [ 38.472667694258746, -2.923465967380423 ], [ 38.475688934296954, -2.93644905078304 ], [ 38.487705230312201, -2.93647861509595 ], [ 38.488662719608897, -2.944055795438544 ], [ 38.493251800830024, -2.949655056335757 ], [ 38.49255752600908, -2.955298661903669 ], [ 38.498783111651335, -2.956302642552885 ], [ 38.504711151198705, -2.96493554244131 ], [ 38.510173797882544, -2.965255260421884 ], [ 38.519084930025542, -2.974830627331528 ], [ 38.538970946851748, -2.973739862104878 ], [ 38.544303894209406, -2.979403018934136 ], [ 38.562969208162485, -2.98642253866916 ], [ 38.583683014059886, -2.9870412353647 ], [ 38.594219207650383, -2.998551845291388 ], [ 38.609512329230654, -2.995167017443862 ], [ 38.606952667131907, -3.00380444541878 ], [ 38.609302520994618, -3.006522893616591 ], [ 38.62972640974607, -3.01223969500586 ], [ 38.642852783029582, -3.01215028800533 ], [ 38.654140472604752, -3.025112390224592 ], [ 38.661514282058533, -3.028848171306038 ], [ 38.665416717407652, -3.039531946342208 ], [ 38.681972503328439, -3.035492896779715 ], [ 38.696903228701103, -3.036920547145485 ], [ 38.707431793342664, -3.031995058325208 ], [ 38.735790253017797, -3.043220281890456 ], [ 38.755290984991007, -3.046099425448062 ], [ 38.774520874438849, -3.044023275753545 ], [ 38.780239104850864, -3.048799992425643 ], [ 38.8093376157384, -3.053094864036723 ], [ 38.807804107973254, -3.059269666761679 ], [ 38.801517486243029, -3.057562352420575 ], [ 38.797904968039916, -3.060959100781815 ], [ 38.804626465039405, -3.068394899604868 ], [ 38.819126129167557, -3.066580533564718 ], [ 38.827011108775707, -3.060417652252795 ], [ 38.835544585913965, -3.05973959040972 ], [ 38.841819762871808, -3.053321123570925 ], [ 38.847351074592495, -3.060947179368782 ], [ 38.863460539572316, -3.057532548887991 ], [ 38.893558502123199, -3.038520813384764 ], [ 38.914760590428955, -3.044759512041821 ], [ 38.931491852067381, -3.040416479037219 ], [ 38.93669509919954, -3.034593105287513 ], [ 38.953495025874815, -3.039515018403335 ], [ 38.972938537583502, -3.040562629661565 ], [ 38.980613708056239, -3.039295673756271 ], [ 38.991390228376417, -3.026278256935939 ], [ 39.014934539797252, -3.024590968698192 ], [ 39.024486541420799, -3.020497561413265 ], [ 39.034339904962678, -3.024237633160169 ], [ 39.043270110826995, -3.020984887842246 ], [ 39.04425048786976, -3.030773639591757 ], [ 39.052268981728162, -3.032393931934337 ], [ 39.060249329043359, -3.040556430634695 ], [ 39.075111389379174, -3.041135072425618 ], [ 38.626533508015029, -2.410478591613639 ], [ 38.630855560735597, -2.411586284779162 ], [ 38.63188552819463, -2.415150165847422 ], [ 38.646198272732136, -2.417861700057358 ], [ 38.684780121105746, -2.413200378094928 ], [ 38.713840484550758, -2.395475864719344 ], [ 38.716640471580547, -2.388266086210876 ], [ 38.732299804292609, -2.37768697697237 ], [ 38.733177184679391, -2.370098829397421 ], [ 38.737083434952638, -2.365780114960273 ], [ 38.753387451169999, -2.359512567850686 ], [ 38.755485534429909, -2.361539840291357 ], [ 38.757442473591311, -2.357628106851621 ], [ 38.770378112360049, -2.352174283416389 ], [ 38.781990051599678, -2.353437900138942 ], [ 38.787200927680715, -2.347056150820663 ], [ 38.787746428554897, -2.340874194888158 ], [ 38.795230865412179, -2.339674473198329 ], [ 39.015125274312027, -1.914046764346665 ], [ 38.958457947176555, -1.702792287134287 ], [ 38.976963043309865, -1.693560957671991 ], [ 38.983821868584414, -1.694116473396491 ], [ 38.999698637582128, -1.676915169399479 ], [ 38.953414916964903, -1.031763791765513 ], [ 38.829811095805496, -0.760177790572527 ], [ 38.434150695997857, -0.074822575201608 ], [ 38.420703887974128, -0.069284766778537 ] ] ] } },
{ "type": "Feature", "properties": { "shapeName": "Kirinyaga", "shapeISO": "KE-15", "shapeID": "32016919B58720683486854", "shapeGroup": "KEN", "shapeType": "ADM1" }, "geometry": { "type": "Polygon", "coordinates": [ [ [ 37.169116973769349, -0.635624646859924 ], [ 37.172039032075702, -0.642257391565295 ], [ 37.169464111179821, -0.64930254197867 ], [ 37.176795959166213, -0.65383499828647 ], [ 37.179172515699065, -0.667185843252014 ], [ 37.199432372605941, -0.663500547412298 ], [ 37.212360382425743, -0.688582777772922 ], [ 37.225879670410507, -0.67289274940083 ], [ 37.237087250176501, -0.667491197260915 ], [ 37.236087799412473, -0.676774978782191 ], [ 37.243759154961083, -0.691602944919907 ], [ 37.242172240956222, -0.702716231668717 ], [ 37.244167327560149, -0.707789122969587 ], [ 37.249011993408828, -0.707299173218246 ], [ 37.248985290738631, -0.713314712304054 ], [ 37.254287719602644, -0.720328747973269 ], [ 37.250190734814623, -0.720533370718442 ], [ 37.249431609880958, -0.724192320918803 ], [ 37.256069183046407, -0.727218687092716 ], [ 37.256973267002707, -0.734784662781919 ], [ 37.26494217044484, -0.744167685390323 ], [ 37.261676788752823, -0.746976971410049 ], [ 37.269729614230357, -0.753656983582857 ], [ 37.260311126857061, -0.751059174940906 ], [ 37.255409240743916, -0.754860936582929 ], [ 37.260967254235425, -0.769315600434538 ], [ 37.261547089426699, -0.780393779449298 ], [ 37.267288207584784, -0.785334110680594 ], [ 37.266208648810164, -0.778022587372448 ], [ 37.275249481178662, -0.755579472414695 ], [ 37.296657561897007, -0.754412412302941 ], [ 37.305530548396121, -0.749006270922621 ], [ 37.317245483392412, -0.749428689682247 ], [ 37.322734832746391, -0.761021435590749 ], [ 37.327049255618704, -0.763665258944513 ], [ 37.344264983841981, -0.769301831814062 ], [ 37.358921050865831, -0.768855572027007 ], [ 37.368942261176471, -0.763508081732539 ], [ 37.370063781418423, -0.758461714136729 ], [ 37.37625885036573, -0.760370374093441 ], [ 37.401298523008506, -0.748859107661644 ], [ 37.419181823382473, -0.748194993404184 ], [ 37.43890762328823, -0.733614445150465 ], [ 37.461933135605761, -0.73625278443842 ], [ 37.46292495742091, -0.730435491005039 ], [ 37.473251342775313, -0.726116776567949 ], [ 37.49185943556455, -0.733267069419696 ], [ 37.495887756215041, -0.731811404272833 ], [ 37.487060547006706, -0.71815997440325 ], [ 37.484085083359957, -0.719219266955577 ], [ 37.478454589907471, -0.714628816066977 ], [ 37.479064941793695, -0.693988443411911 ], [ 37.473888397331734, -0.685973465003372 ], [ 37.477466583016451, -0.668684304437079 ], [ 37.472110747912723, -0.650322437030809 ], [ 37.477912903058098, -0.640575230362572 ], [ 37.478939055593003, -0.627530098235411 ], [ 37.485370636345863, -0.625258148144951 ], [ 37.487281799115806, -0.615311086037764 ], [ 37.482036591415635, -0.604018151616344 ], [ 37.475910186605859, -0.600167215044905 ], [ 37.48317718537885, -0.582345068570021 ], [ 37.477088928011653, -0.576841830985643 ], [ 37.472522735435916, -0.559845864694864 ], [ 37.461193084393358, -0.556534587900842 ], [ 37.45951080358077, -0.550844788656036 ], [ 37.449478149397123, -0.54861956823845 ], [ 37.443824768198567, -0.528538584687908 ], [ 37.432209014934131, -0.520578801270631 ], [ 37.426067352226596, -0.510503053373156 ], [ 37.424591064725917, -0.50381201461272 ], [ 37.428073882703586, -0.495245932553701 ], [ 37.422210693268937, -0.482453941596077 ], [ 37.426265716589626, -0.46821525712835 ], [ 37.426055908353533, -0.450150400720361 ], [ 37.420898437612834, -0.443716317154269 ], [ 37.424629211269121, -0.433741628773078 ], [ 37.423419952269057, -0.408446549568566 ], [ 37.414764403854178, -0.394895136001651 ], [ 37.307785034551728, -0.15107406711445 ], [ 37.205322265610107, -0.416359335315008 ], [ 37.205539703694399, -0.425067008435633 ], [ 37.199367523392539, -0.430117040768778 ], [ 37.199672699335679, -0.439039468396686 ], [ 37.193653107005332, -0.443105846557501 ], [ 37.174827576131804, -0.442524165058103 ], [ 37.176788330217335, -0.482933580620227 ], [ 37.161670685253966, -0.491833776107853 ], [ 37.167976379806134, -0.507074058021317 ], [ 37.146419525141027, -0.534254788927342 ], [ 37.149555206607545, -0.554231166934755 ], [ 37.148109435801871, -0.563821017425994 ], [ 37.144161224061293, -0.562827825943373 ], [ 37.144126892442159, -0.570298850311644 ], [ 37.159221648760138, -0.591818035074198 ], [ 37.167884827023215, -0.591498017619358 ], [ 37.168811797826265, -0.596110881412017 ], [ 37.176616669423822, -0.59994018119437 ], [ 37.178611755128429, -0.605049610151354 ], [ 37.178138733315961, -0.615102946943409 ], [ 37.174045562552749, -0.616062998408609 ], [ 37.17521286008548, -0.619991659787217 ], [ 37.172332763246459, -0.623291254387823 ], [ 37.17662048344863, -0.633093536437514 ], [ 37.170722960596208, -0.631744444550407 ], [ 37.169116973769349, -0.635624646859924 ] ] ] } },
{ "type": "Feature", "properties": { "shapeName": "Embu", "shapeISO": "KE-06", "shapeID": "32016919B43560273720920", "shapeGroup": "KEN", "shapeType": "ADM1" }, "geometry": { "type": "Polygon", "coordinates": [ [ [ 37.307785034551728, -0.15107406711445 ], [ 37.414764403854178, -0.394895136001651 ], [ 37.423419952269057, -0.408446549568566 ], [ 37.424629211269121, -0.433741628773078 ], [ 37.420898437612834, -0.443716317154269 ], [ 37.426055908353533, -0.450150400720361 ], [ 37.426265716589626, -0.46821525712835 ], [ 37.422210693268937, -0.482453941596077 ], [ 37.428073882703586, -0.495245932553701 ], [ 37.424591064725917, -0.50381201461272 ], [ 37.426067352226596, -0.510503053373156 ], [ 37.432209014934131, -0.520578801270631 ], [ 37.443824768198567, -0.528538584687908 ], [ 37.449478149397123, -0.54861956823845 ], [ 37.45951080358077, -0.550844788656036 ], [ 37.461193084393358, -0.556534587900842 ], [ 37.472522735435916, -0.559845864694864 ], [ 37.477088928011653, -0.576841830985643 ], [ 37.48317718537885, -0.582345068570021 ], [ 37.475910186605859, -0.600167215044905 ], [ 37.482036591415635, -0.604018151616344 ], [ 37.487281799115806, -0.615311086037764 ], [ 37.485370636345863, -0.625258148144951 ], [ 37.478939055593003, -0.627530098235411 ], [ 37.477912903058098, -0.640575230362572 ], [ 37.472110747912723, -0.650322437030809 ], [ 37.477466583016451, -0.668684304437079 ], [ 37.473888397331734, -0.685973465003372 ], [ 37.479064941793695, -0.693988443411911 ], [ 37.478454589907471, -0.714628816066977 ], [ 37.484085083359957, -0.719219266955577 ], [ 37.487060547006706, -0.71815997440325 ], [ 37.495887756215041, -0.731811404272833 ], [ 37.49185943556455, -0.733267069419696 ], [ 37.473251342775313, -0.726116776567949 ], [ 37.46292495742091, -0.730435491005039 ], [ 37.461933135605761, -0.73625278443842 ], [ 37.43890762328823, -0.733614445150465 ], [ 37.419181823382473, -0.748194993404184 ], [ 37.401298523008506, -0.748859107661644 ], [ 37.37625885036573, -0.760370374093441 ], [ 37.370063781418423, -0.758461714136729 ], [ 37.368942261176471, -0.763508081732539 ], [ 37.358921050865831, -0.768855572027007 ], [ 37.344264983841981, -0.769301831814062 ], [ 37.327049255618704, -0.763665258944513 ], [ 37.322734832746391, -0.761021435590749 ], [ 37.317245483392412, -0.749428689682247 ], [ 37.305530548396121, -0.749006270922621 ], [ 37.296657561897007, -0.754412412302941 ], [ 37.275249481178662, -0.755579472414695 ], [ 37.266208648810164, -0.778022587372448 ], [ 37.267288207584784, -0.785334110680594 ], [ 37.2857208255557, -0.782894312922167 ], [ 37.294033050584858, -0.793311596353021 ], [ 37.304534912556221, -0.800071060930691 ], [ 37.305465698283399, -0.81287014484127 ], [ 37.310581207556709, -0.815185726440063 ], [ 37.320049286245592, -0.835464954743827 ], [ 37.325607299737158, -0.835222840161919 ], [ 37.32291793831223, -0.840071559255023 ], [ 37.328800200568878, -0.844436109438846 ], [ 37.336650848557895, -0.846451520721075 ], [ 37.341911315954519, -0.84218513963242 ], [ 37.346511841048653, -0.844285606995129 ], [ 37.348762512280189, -0.841929912935086 ], [ 37.350990295765598, -0.84537184233659 ], [ 37.361843109172185, -0.844213604574122 ], [ 37.376194000252951, -0.850292563850701 ], [ 37.379650115560423, -0.857424974582841 ], [ 37.384555816597697, -0.851902246891143 ], [ 37.397884369168366, -0.856057405225044 ], [ 37.403945922966045, -0.850861847296358 ], [ 37.412097931074697, -0.850259840219394 ], [ 37.410644531320145, -0.858583212345309 ], [ 37.413166045976311, -0.861102461609278 ], [ 37.426074982074795, -0.866003513151554 ], [ 37.43119812029704, -0.862398029445444 ], [ 37.440517425938481, -0.862398029445444 ], [ 37.446681976392142, -0.870197952073795 ], [ 37.458263397138126, -0.870882988159337 ], [ 37.461994170794412, -0.875513970593204 ], [ 37.465675354034431, -0.872586310409872 ], [ 37.470432281124943, -0.876728355728972 ], [ 37.473670959247443, -0.875858068295145 ], [ 37.471374511624447, -0.886177182630831 ], [ 37.47733688369027, -0.894022881650642 ], [ 37.48302459740728, -0.894958615447706 ], [ 37.484432220770429, -0.899323105376936 ], [ 37.494342803677512, -0.904799998221279 ], [ 37.504291534027118, -0.897261917703304 ], [ 37.516323089738876, -0.900042891266366 ], [ 37.517917632692672, -0.912676334445223 ], [ 37.521572113262494, -0.9146032929076 ], [ 37.534351349135534, -0.910219133006535 ], [ 37.536624908113083, -0.904129863002709 ], [ 37.533672333111724, -0.893848418569632 ], [ 37.54658889725988, -0.880969286003676 ], [ 37.552490234137053, -0.882197857045412 ], [ 37.561130523754741, -0.872968673365563 ], [ 37.566173553067074, -0.878486990781937 ], [ 37.576419830410885, -0.874788939857638 ], [ 37.588413238680062, -0.876180945594115 ], [ 37.592445373355361, -0.868554771085769 ], [ 37.589138031095331, -0.86199337229624 ], [ 37.597667694208781, -0.858793676187133 ], [ 37.602985381869928, -0.860250413325844 ], [ 37.606506347290122, -0.852976620174843 ], [ 37.627079009988392, -0.850232899228843 ], [ 37.630184173860584, -0.836973368725921 ], [ 37.636207580215682, -0.837037145947477 ], [ 37.64098739595164, -0.843588233110438 ], [ 37.646816253767156, -0.840262949375585 ], [ 37.658405304361338, -0.845729768014337 ], [ 37.665500641441497, -0.844122171401068 ], [ 37.671211242904576, -0.83593392331187 ], [ 37.672050475848835, -0.827300846257003 ], [ 37.681674957433415, -0.8209165338709 ], [ 37.68226623559832, -0.794387280848298 ], [ 37.688079833717381, -0.792648672797952 ], [ 37.690444946377227, -0.795193195709373 ], [ 37.692901610920671, -0.7897681002176 ], [ 37.698902130429019, -0.787762105736533 ], [ 37.698947906820479, -0.782886981648858 ], [ 37.707725524713226, -0.779852449630823 ], [ 37.724708556954397, -0.779044687562248 ], [ 37.732910156378694, -0.773390591402631 ], [ 37.741615295209783, -0.776093184552792 ], [ 37.758125304739053, -0.821879982974792 ], [ 37.770778656210041, -0.818715214735334 ], [ 37.78031539903651, -0.823649882935683 ], [ 37.787338257054955, -0.820957005161631 ], [ 37.795730590994026, -0.815879762041334 ], [ 37.805492400853666, -0.799846827569013 ], [ 37.808231353594124, -0.813765108772714 ], [ 37.820072173891788, -0.803426861360492 ], [ 37.829074859717082, -0.804620146602417 ], [ 37.834991455391389, -0.812382757258376 ], [ 37.839023590066688, -0.808637321055471 ], [ 37.87121582005409, -0.809585511362229 ], [ 37.883060455275825, -0.802713931003041 ], [ 37.879928588733435, -0.793148517789803 ], [ 37.883968353256932, -0.78119766723853 ], [ 37.892768859795069, -0.777634441776001 ], [ 37.89082336540605, -0.766647280447614 ], [ 37.903034209960879, -0.757194876941981 ], [ 37.915485382144709, -0.727992952113027 ], [ 37.91160583544098, -0.707196414882617 ], [ 37.907699585167791, -0.710212409175313 ], [ 37.899322510025854, -0.707678258145052 ], [ 37.903903961398726, -0.684966325935136 ], [ 37.894798278917506, -0.680317282416581 ], [ 37.896339417430227, -0.668819725250046 ], [ 37.893035888295685, -0.644749105386836 ], [ 37.906970977828394, -0.637801111432111 ], [ 37.921924590947185, -0.623191237185779 ], [ 37.901088714672483, -0.60070055708502 ], [ 37.90073776233794, -0.595779835570909 ], [ 37.882606506285299, -0.581284165331908 ], [ 37.88743209841266, -0.553996503235965 ], [ 37.882061005411117, -0.534142255860388 ], [ 37.91398620599864, -0.46475717410425 ], [ 37.928958892838693, -0.448034316630356 ], [ 37.936466217442046, -0.427311241420625 ], [ 37.923770905402989, -0.425851821604226 ], [ 37.920234680286342, -0.421317189836373 ], [ 37.92200088493297, -0.415081202635349 ], [ 37.908313751078822, -0.413288265640915 ], [ 37.907619476257878, -0.408858329348391 ], [ 37.900421143421056, -0.404074996363931 ], [ 37.901153564785261, -0.396517246773499 ], [ 37.889598846709475, -0.391158103963278 ], [ 37.890750885445073, -0.382370143866979 ], [ 37.896759033003036, -0.377115726209752 ], [ 37.896602631006658, -0.369309305979641 ], [ 37.889797211072505, -0.365042924891043 ], [ 37.894950866889076, -0.352669119584164 ], [ 37.890663146686904, -0.344942062725977 ], [ 37.886356353662848, -0.342180698880099 ], [ 37.873676300420982, -0.348900884668069 ], [ 37.870651244559326, -0.365187704948596 ], [ 37.865154266256411, -0.369552224555491 ], [ 37.866268158448804, -0.381814777430009 ], [ 37.852134704553009, -0.388960302076214 ], [ 37.845680236953399, -0.403132737086082 ], [ 37.832015990845377, -0.404188692254309 ], [ 37.830772400226124, -0.408317655135647 ], [ 37.826911926344394, -0.408762603711125 ], [ 37.829135894905676, -0.412132531590998 ], [ 37.820564270324894, -0.416706443047872 ], [ 37.815685271957761, -0.426129102376137 ], [ 37.802032470622066, -0.436121046948699 ], [ 37.784721374691742, -0.446368217319332 ], [ 37.759201048589546, -0.44872388260103 ], [ 37.740421295006797, -0.445072591027213 ], [ 37.732410430996651, -0.450163452581251 ], [ 37.720592498445114, -0.449940979192775 ], [ 37.712898254251058, -0.442572950581166 ], [ 37.694000244315873, -0.43757787312029 ], [ 37.682102203753743, -0.425947069701465 ], [ 37.661998748843246, -0.42115959533902 ], [ 37.644412994564107, -0.40697801242527 ], [ 37.637481689328524, -0.393158108060163 ], [ 37.630382538223614, -0.388580024648377 ], [ 37.60177230794568, -0.383097737670425 ], [ 37.584754944085432, -0.368744820417078 ], [ 37.579956054628269, -0.370220095281127 ], [ 37.57005691559425, -0.362520158378572 ], [ 37.563034057575749, -0.365270822990055 ], [ 37.553806304717227, -0.359886407431702 ], [ 37.307785034551728, -0.15107406711445 ] ] ] } },
{ "type": "Feature", "properties": { "shapeName": "Homa Bay", "shapeISO": "KE-08", "shapeID": "32016919B3301153840115", "shapeGroup": "KEN", "shapeType": "ADM1" }, "geometry": { "type": "Polygon", "coordinates": [ [ [ 33.947662353235046, -0.337183326349361 ], [ 33.928096771149114, -0.454822927336181 ], [ 33.919979095558858, -0.561803161786429 ], [ 33.928241730171749, -0.802415072797316 ], [ 34.080978393837881, -0.802415072797316 ], [ 34.096923827872388, -0.782304703898944 ], [ 34.109573364419305, -0.781208932146455 ], [ 34.112785338972287, -0.778003812226132 ], [ 34.122985839924638, -0.782959639675596 ], [ 34.135711669557963, -0.772529602059421 ], [ 34.13900756794493, -0.778371393924658 ], [ 34.155860900859921, -0.76601749690991 ], [ 34.164215088255787, -0.772291362656233 ], [ 34.17197036763838, -0.771469474036962 ], [ 34.176681518337432, -0.768291473172894 ], [ 34.178573608285433, -0.760017633007294 ], [ 34.191230773781228, -0.765143215586875 ], [ 34.202018737974413, -0.750440716565777 ], [ 34.212375640923142, -0.767602562807951 ], [ 34.232143402296231, -0.78169494826318 ], [ 34.235389709367666, -0.790582239378807 ], [ 34.250408172599123, -0.810572207041673 ], [ 34.264076232732009, -0.814094543028716 ], [ 34.277732848991832, -0.825963139787007 ], [ 34.284019469822738, -0.826272011044409 ], [ 34.298236846653197, -0.837183117606742 ], [ 34.320716858096603, -0.865385711281476 ], [ 34.335338592602, -0.861283600357808 ], [ 34.336685180776499, -0.854907512271836 ], [ 34.369094848848249, -0.851091384859501 ], [ 34.371509551924362, -0.845173299008479 ], [ 34.381801605659632, -0.846101284246799 ], [ 34.389568328915288, -0.830539583734776 ], [ 34.392936706363969, -0.830658555048217 ], [ 34.386310577071526, -0.817357361652853 ], [ 34.390834808179932, -0.814653575102341 ], [ 34.432582855614328, -0.837407231358611 ], [ 34.463722228598044, -0.861703455150291 ], [ 34.476329803677572, -0.830594480151092 ], [ 34.496692657240374, -0.810410678010328 ], [ 34.496459961258267, -0.80506289004029 ], [ 34.490367888966944, -0.798614501857742 ], [ 34.480640411625757, -0.794515908182575 ], [ 34.486679076778046, -0.792653977898738 ], [ 34.48530960085742, -0.784492433379057 ], [ 34.492534637263759, -0.78252935364668 ], [ 34.506534576009926, -0.769988655751831 ], [ 34.502265930428393, -0.764925419572421 ], [ 34.506996154848707, -0.762004614021691 ], [ 34.524932860563126, -0.76096594292386 ], [ 34.533596038826204, -0.747704387147678 ], [ 34.539714812888349, -0.725905002413867 ], [ 34.539676666345144, -0.70608413157737 ], [ 34.545719146421504, -0.6896806953078 ], [ 34.548095702954356, -0.690759837696305 ], [ 34.560451507431196, -0.666253804769212 ], [ 34.58512878386631, -0.659757852342977 ], [ 34.58832168559735, -0.662024259911618 ], [ 34.587589264233202, -0.653404712257611 ], [ 34.604568482449565, -0.65173906080895 ], [ 34.62622070302308, -0.65765726537046 ], [ 34.637664794594627, -0.665131509311664 ], [ 34.644504547047234, -0.633547604138585 ], [ 34.662227631400128, -0.604259669947737 ], [ 34.685859679780435, -0.600237250648547 ], [ 34.704338074142868, -0.574468851056565 ], [ 34.751476287400806, -0.557625114807138 ], [ 34.767189024553886, -0.544049560738586 ], [ 34.802131652953449, -0.526828765734876 ], [ 34.849143981809391, -0.51086491358484 ], [ 34.880443572612819, -0.488993197278205 ], [ 34.903194426581592, -0.48383951178397 ], [ 34.93876647968932, -0.465487390330736 ], [ 34.968811035101226, -0.441730171610061 ], [ 35.00086212188944, -0.427777529109619 ], [ 35.019607543853112, -0.41240471590487 ], [ 35.02144241443591, -0.405506372620948 ], [ 35.017616272173257, -0.396269827990125 ], [ 35.010787963593714, -0.391015440010506 ], [ 35.003158570411756, -0.404514849380746 ], [ 34.989471435658288, -0.407754421429331 ], [ 34.98662567133772, -0.413198113102396 ], [ 34.974456787350903, -0.409441947987489 ], [ 34.967609405949361, -0.413396120434584 ], [ 34.963306426950112, -0.41161423880601 ], [ 34.959095001633045, -0.41597601727932 ], [ 34.949577331628632, -0.415757983843832 ], [ 34.935695648335582, -0.410577893355025 ], [ 34.929477691642205, -0.41172817391606 ], [ 34.928855895882919, -0.402616054087559 ], [ 34.913940429307445, -0.402991950917738 ], [ 34.915016174057257, -0.385083466828462 ], [ 34.897090912215901, -0.394691794790447 ], [ 34.893962859698263, -0.393759548564276 ], [ 34.887744903904263, -0.401443213133746 ], [ 34.885345458725965, -0.396804421886486 ], [ 34.876251221017071, -0.398278027608853 ], [ 34.866394042551065, -0.39405554512723 ], [ 34.862102508324142, -0.397323191312182 ], [ 34.857666015973905, -0.391932606404623 ], [ 34.839103698676809, -0.392265140623692 ], [ 34.833389282289602, -0.387925356869687 ], [ 34.823787689350411, -0.387669741665206 ], [ 34.822689055955209, -0.370881468405003 ], [ 34.81063079757331, -0.355950206137038 ], [ 34.81054687463859, -0.351191133264138 ], [ 34.807579040840096, -0.354168385662433 ], [ 34.798107147227142, -0.354093194245479 ], [ 34.790195464948795, -0.347755283279639 ], [ 34.792610168024908, -0.34134221057451 ], [ 34.785461425604353, -0.341267019157556 ], [ 34.782772064179483, -0.332374751193754 ], [ 34.790142059608399, -0.330553501742656 ], [ 34.785526275717075, -0.321975171816689 ], [ 34.782558441019262, -0.320321142306852 ], [ 34.78136825574046, -0.322975099221424 ], [ 34.779251098759232, -0.316652238410029 ], [ 34.775459289914352, -0.316825151059845 ], [ 34.768840789570845, -0.309747546811764 ], [ 34.760093689272367, -0.313562244302091 ], [ 34.75463867243684, -0.289455711811627 ], [ 34.706382751163062, -0.258051634175501 ], [ 34.532424926369288, -0.271713227283556 ], [ 34.422443389850628, -0.333618938962843 ], [ 34.324008941559441, -0.417701273994567 ], [ 34.307556152294637, -0.425351292228299 ], [ 34.293949127350402, -0.423455715608725 ], [ 34.282169342241389, -0.41309773886951 ], [ 34.23979187009877, -0.337477773380499 ], [ 33.947662353235046, -0.337183326349361 ] ] ] } },
{ "type": "Feature", "properties": { "shapeName": "Bomet", "shapeISO": "KE-02", "shapeID": "32016919B53683499362611", "shapeGroup": "KEN", "shapeType": "ADM1" }, "geometry": { "type": "Polygon", "coordinates": [ [ [ 35.451087952447097, -0.365401982815229 ], [ 35.444095611123601, -0.374097972843117 ], [ 35.434528350702863, -0.378133892764879 ], [ 35.409046172942567, -0.40521043541321 ], [ 35.400016784447075, -0.399911314255689 ], [ 35.390579223352518, -0.403839052030605 ], [ 35.380313873186765, -0.400603651936933 ], [ 35.375625610233783, -0.40462461073713 ], [ 35.368263244653065, -0.402933687439656 ], [ 35.347625732741449, -0.407753496926318 ], [ 35.331409454382879, -0.404558033026774 ], [ 35.320529937406718, -0.417166799708014 ], [ 35.301357269122718, -0.425421744218056 ], [ 35.289867401159711, -0.424210130792858 ], [ 35.284473420412098, -0.418658017753273 ], [ 35.275329589588921, -0.417899071784689 ], [ 35.259178161343129, -0.424409836944392 ], [ 35.2495231630636, -0.420748383031423 ], [ 35.244556426837676, -0.423291414866867 ], [ 35.231975555327665, -0.422346085303559 ], [ 35.226757049398373, -0.437517613147293 ], [ 35.217124938864913, -0.451628774648157 ], [ 35.21799469030276, -0.455514461023483 ], [ 35.208580016954272, -0.466072410113611 ], [ 35.22010803235986, -0.470797360010124 ], [ 35.218109130831749, -0.479447007073645 ], [ 35.206409454632649, -0.479418456296685 ], [ 35.184146881273591, -0.485367089419583 ], [ 35.180747986230642, -0.479913383795576 ], [ 35.177417755325223, -0.481379121349335 ], [ 35.172794341585643, -0.469386637583227 ], [ 35.166801452824814, -0.471369207422924 ], [ 35.157714844064856, -0.464056640901219 ], [ 35.149742126597914, -0.466188639394147 ], [ 35.141391754126232, -0.456489950250955 ], [ 35.134891510135162, -0.465636611240541 ], [ 35.13236236563074, -0.46125841114673 ], [ 35.11890411373389, -0.459335803604404 ], [ 35.104301452949755, -0.468396782585387 ], [ 35.099132537436731, -0.466826349556356 ], [ 35.096565246389048, -0.473412692841464 ], [ 35.092834472732761, -0.470405041559388 ], [ 35.087894440076411, -0.475325763073442 ], [ 35.083713530555031, -0.47268933034826 ], [ 35.073150635193713, -0.489916622953729 ], [ 35.058322905577654, -0.491382390185095 ], [ 35.052085876062392, -0.496836095809101 ], [ 35.056022643929907, -0.507474839991801 ], [ 35.047706603976621, -0.522087932012425 ], [ 35.052413940650865, -0.534051954933716 ], [ 35.048686981019387, -0.536502540060155 ], [ 35.05183029143484, -0.542629062681044 ], [ 35.04709243806559, -0.570718288718012 ], [ 35.061573027573218, -0.602582276051123 ], [ 35.056591034348799, -0.618956566192537 ], [ 35.06282424893999, -0.630597531950514 ], [ 35.054782867335518, -0.645182431124226 ], [ 35.054656982034146, -0.656224607579531 ], [ 35.071533202695207, -0.69221180662953 ], [ 35.05647659292049, -0.697499393981786 ], [ 35.04757308972637, -0.706251501705367 ], [ 35.091136932223719, -0.800500869419523 ], [ 35.0443115238578, -0.852584898873943 ], [ 35.031608581970545, -0.844558596202205 ], [ 35.021209716655164, -0.846809268333004 ], [ 35.025543213248739, -0.873418570010926 ], [ 35.02038574340736, -0.869086801914307 ], [ 35.018115997555299, -0.870943248132335 ], [ 35.011837005673328, -0.880540669116556 ], [ 35.0129585268146, -0.889456570364359 ], [ 35.082221985156536, -0.905499756208712 ], [ 35.240150452081764, -1.033191561741148 ], [ 35.24866867042283, -1.033591270820466 ], [ 35.25012207017744, -1.028546691076883 ], [ 35.259552002323119, -1.02717077690977 ], [ 35.262825012064695, -1.01953566044233 ], [ 35.272308349550769, -1.021432041955109 ], [ 35.27193450857078, -1.018035888945064 ], [ 35.30139923059005, -1.001290560111215 ], [ 35.308647155641779, -1.001501321628666 ], [ 35.313816070255484, -0.991126895389868 ], [ 35.32828140276456, -0.983776807353706 ], [ 35.330982208062494, -0.9851154689037 ], [ 35.328159332387315, -0.98102521913853 ], [ 35.33174133299616, -0.976253211316589 ], [ 35.337863921982489, -0.978905678054559 ], [ 35.338047028447647, -0.974604726127154 ], [ 35.34414672878853, -0.971828282449223 ], [ 35.348670959896936, -0.978781759570495 ], [ 35.351966858283959, -0.966337442019267 ], [ 35.357284545945106, -0.972547174412512 ], [ 35.363258361883936, -0.971282958741483 ], [ 35.364448547162795, -0.97626560937033 ], [ 35.368057251341156, -0.969237804181262 ], [ 35.371231079350878, -0.970055877876405 ], [ 35.374813079959722, -0.966225862233728 ], [ 35.37644958528017, -0.960821747925252 ], [ 35.396575927936794, -0.958119690771071 ], [ 35.40172195390511, -0.949307083854762 ], [ 35.419158935136807, -0.947088420394266 ], [ 35.418899535585126, -0.942291617364219 ], [ 35.422096252240294, -0.941200912392162 ], [ 35.420211792140549, -0.936416507415856 ], [ 35.424167632830063, -0.933528542408283 ], [ 35.422023773178637, -0.919460534875725 ], [ 35.426635742145834, -0.917626081578362 ], [ 35.422939300108681, -0.905528842981653 ], [ 35.42911148041054, -0.903942286906954 ], [ 35.429557799552867, -0.895687400852808 ], [ 35.432048798413348, -0.898476183229207 ], [ 35.438621520566755, -0.895774185430241 ], [ 35.437316894758965, -0.888845504416452 ], [ 35.441482543684515, -0.889242112633326 ], [ 35.444904327372853, -0.88363969331715 ], [ 35.448112487901028, -0.882387817243909 ], [ 35.449825287207318, -0.885114669606253 ], [ 35.452106476033066, -0.881768107012476 ], [ 35.454212189141288, -0.885065078290665 ], [ 35.454399108731934, -0.878285169424998 ], [ 35.460273742938909, -0.874070942719811 ], [ 35.459667205976814, -0.864613771008692 ], [ 35.46688079940941, -0.864142775368748 ], [ 35.470039367722677, -0.857833862142968 ], [ 35.474971771430148, -0.855925082576448 ], [ 35.478061675605886, -0.851425767185333 ], [ 35.477401733303395, -0.840629934823596 ], [ 35.48583221468499, -0.834383010967144 ], [ 35.485424042085924, -0.831147968803691 ], [ 35.492153168034349, -0.829821706206701 ], [ 35.497013091780786, -0.824615955361992 ], [ 35.50711441010202, -0.824082970352777 ], [ 35.511413574177141, -0.817104697124023 ], [ 35.5175132754174, -0.815890014312686 ], [ 35.519966125936037, -0.809419989340995 ], [ 35.524875640998061, -0.809643089556914 ], [ 35.529846191248794, -0.80488091672089 ], [ 35.425647735254813, -0.721243023946329 ], [ 35.396083832403008, -0.644880175279809 ], [ 35.586650847558644, -0.588107883771784 ], [ 35.451087952447097, -0.365401982815229 ] ] ] } },
{ "type": "Feature", "properties": { "shapeName": "Nyamira", "shapeISO": "KE-34", "shapeID": "32016919B45734544235065", "shapeGroup": "KEN", "shapeType": "ADM1" }, "geometry": { "type": "Polygon", "coordinates": [ [ [ 35.019607543853112, -0.41240471590487 ], [ 35.00086212188944, -0.427777529109619 ], [ 34.968811035101226, -0.441730171610061 ], [ 34.93876647968932, -0.465487390330736 ], [ 34.903194426581592, -0.48383951178397 ], [ 34.880443572612819, -0.488993197278205 ], [ 34.862064361780938, -0.501332163748316 ], [ 34.882827758993926, -0.523869215591787 ], [ 34.883811950960819, -0.540748418404746 ], [ 34.872337340895626, -0.574430167618118 ], [ 34.881271362583391, -0.585388422038022 ], [ 34.878303527885578, -0.590420901403434 ], [ 34.889926910098893, -0.600720703697448 ], [ 34.886657715281387, -0.615178227393244 ], [ 34.880210876630713, -0.620058775292193 ], [ 34.875423431046556, -0.617158055200036 ], [ 34.874225616818819, -0.61158686843919 ], [ 34.869853973681984, -0.614395498853128 ], [ 34.8705444335788, -0.619966685613974 ], [ 34.862117767121333, -0.612737953893429 ], [ 34.85113525258987, -0.595900773701715 ], [ 34.845893859813827, -0.595445573754205 ], [ 34.834934234827131, -0.603905022298875 ], [ 34.831710816401085, -0.615549742726387 ], [ 34.815895080793382, -0.631679237406843 ], [ 34.80968093902419, -0.651742816377805 ], [ 34.812294005563956, -0.669648230181622 ], [ 34.798812865921093, -0.665460527181551 ], [ 34.786174774146559, -0.67368900734175 ], [ 34.794467926353775, -0.688587724943488 ], [ 34.80761337155991, -0.685683369791661 ], [ 34.820606230593114, -0.691645025997104 ], [ 34.824588775751465, -0.705075502332534 ], [ 34.83628082300163, -0.708366274583852 ], [ 34.853321076406587, -0.725183545584116 ], [ 34.875484466235207, -0.736334860165641 ], [ 34.887355804127083, -0.746922969819138 ], [ 34.895900726037723, -0.745755255000972 ], [ 34.906623840118186, -0.760231375777323 ], [ 34.922531127609489, -0.76089680214568 ], [ 34.943885802987495, -0.773116350339251 ], [ 35.0129585268146, -0.889456570364359 ], [ 35.011837005673328, -0.880540669116556 ], [ 35.018115997555299, -0.870943248132335 ], [ 35.02038574340736, -0.869086801914307 ], [ 35.025543213248739, -0.873418570010926 ], [ 35.021209716655164, -0.846809268333004 ], [ 35.031608581970545, -0.844558596202205 ], [ 35.0443115238578, -0.852584898873943 ], [ 35.091136932223719, -0.800500869419523 ], [ 35.04757308972637, -0.706251501705367 ], [ 35.05647659292049, -0.697499393981786 ], [ 35.071533202695207, -0.69221180662953 ], [ 35.054935455307088, -0.657997072406943 ], [ 35.054782867335518, -0.645182431124226 ], [ 35.062767028675466, -0.632521689024657 ], [ 35.061168670797599, -0.623362840422715 ], [ 35.056591034348799, -0.618956566192537 ], [ 35.061958313325533, -0.604852735964926 ], [ 35.04709243806559, -0.570718288718012 ], [ 35.05183029143484, -0.542629062681044 ], [ 35.048686981019387, -0.536502540060155 ], [ 35.052413940650865, -0.534051954933716 ], [ 35.047706603976621, -0.522087932012425 ], [ 35.056022643929907, -0.507474839991801 ], [ 35.049846649603239, -0.497300267393371 ], [ 35.042449952403445, -0.499632150103594 ], [ 35.032833099767799, -0.497170389102109 ], [ 35.033527374588743, -0.484634846121196 ], [ 35.038753508567595, -0.483923644260699 ], [ 35.040245055764785, -0.479322314273361 ], [ 35.044845580858919, -0.446822732882765 ], [ 35.0321311950986, -0.419476747953524 ], [ 35.019607543853112, -0.41240471590487 ] ] ] } },
{ "type": "Feature", "properties": { "shapeName": "Narok", "shapeISO": "KE-33", "shapeID": "32016919B83281423333591", "shapeGroup": "KEN", "shapeType": "ADM1" }, "geometry": { "type": "Polygon", "coordinates": [ [ [ 35.586650847558644, -0.588107883771784 ], [ 35.396083832403008, -0.644880175279809 ], [ 35.425647735254813, -0.721243023946329 ], [ 35.529846191248794, -0.80488091672089 ], [ 35.524875640998061, -0.809643089556914 ], [ 35.519966125936037, -0.809419989340995 ], [ 35.5175132754174, -0.815890014312686 ], [ 35.511413574177141, -0.817104697124023 ], [ 35.50711441010202, -0.824082970352777 ], [ 35.497013091780786, -0.824615955361992 ], [ 35.492153168034349, -0.829821706206701 ], [ 35.485424042085924, -0.831147968803691 ], [ 35.48583221468499, -0.834383010967144 ], [ 35.477401733303395, -0.840629934823596 ], [ 35.478061675605886, -0.851425767185333 ], [ 35.474971771430148, -0.855925082576448 ], [ 35.470039367722677, -0.857833862142968 ], [ 35.46688079940941, -0.864142775368748 ], [ 35.459667205976814, -0.864613771008692 ], [ 35.460273742938909, -0.874070942719811 ], [ 35.454399108731934, -0.878285169424998 ], [ 35.454212189141288, -0.885065078290665 ], [ 35.452106476033066, -0.881768107012476 ], [ 35.449825287207318, -0.885114669606253 ], [ 35.448112487901028, -0.882387817243909 ], [ 35.444904327372853, -0.88363969331715 ], [ 35.441482543684515, -0.889242112633326 ], [ 35.437316894758965, -0.888845504416452 ], [ 35.438621520566755, -0.895774185430241 ], [ 35.432048798413348, -0.898476183229207 ], [ 35.429557799552867, -0.895687400852808 ], [ 35.42911148041054, -0.903942286906954 ], [ 35.422939300108681, -0.905528842981653 ], [ 35.426635742145834, -0.917626081578362 ], [ 35.422023773178637, -0.919460534875725 ], [ 35.424167632830063, -0.933528542408283 ], [ 35.420211792140549, -0.936416507415856 ], [ 35.422096252240294, -0.941200912392162 ], [ 35.418899535585126, -0.942291617364219 ], [ 35.419158935136807, -0.947088420394266 ], [ 35.40172195390511, -0.949307083854762 ], [ 35.396575927936794, -0.958119690771071 ], [ 35.37644958528017, -0.960821747925252 ], [ 35.374813079959722, -0.966225862233728 ], [ 35.371231079350878, -0.970055877876405 ], [ 35.368057251341156, -0.969237804181262 ], [ 35.364448547162795, -0.97626560937033 ], [ 35.363258361883936, -0.971282958741483 ], [ 35.357284545945106, -0.972547174412512 ], [ 35.353183746232958, -0.966015160071549 ], [ 35.348300933841074, -0.972708344614375 ], [ 35.348670959896936, -0.978781759570495 ], [ 35.34414672878853, -0.971828282449223 ], [ 35.338047028447647, -0.974604726127154 ], [ 35.337863921982489, -0.978905678054559 ], [ 35.33174133299616, -0.976253211316589 ], [ 35.328159332387315, -0.98102521913853 ], [ 35.330982208062494, -0.9851154689037 ], [ 35.32828140276456, -0.983776807353706 ], [ 35.313816070255484, -0.991126895389868 ], [ 35.308921813990594, -1.001327753373062 ], [ 35.30139923059005, -1.001290560111215 ], [ 35.27193450857078, -1.018035888945064 ], [ 35.272308349550769, -1.021432041955109 ], [ 35.262825012064695, -1.01953566044233 ], [ 35.259552002323119, -1.02717077690977 ], [ 35.25012207017744, -1.028546691076883 ], [ 35.24866867042283, -1.033591270820466 ], [ 35.239723205761379, -1.033001303867024 ], [ 35.082221985156536, -0.905499756208712 ], [ 35.0129585268146, -0.889456570364359 ], [ 34.675930023152091, -0.973187685063579 ], [ 34.647396087759319, -0.965897142938729 ], [ 34.59032821697366, -1.017685295440003 ], [ 34.594730376805501, -1.045464873205276 ], [ 34.599128724411173, -1.054641008575629 ], [ 34.616943359748291, -1.072524308949653 ], [ 34.613960266253343, -1.085688710065881 ], [ 34.621089934952579, -1.109609365279937 ], [ 34.628440856660234, -1.119236111357395 ], [ 34.634670257226617, -1.148675322308236 ], [ 34.632186890013031, -1.159348606752758 ], [ 34.639602660934088, -1.161862254139692 ], [ 34.654281616603384, -1.174066305215774 ], [ 34.653190613056381, -1.184247970767217 ], [ 34.671226501401975, -1.196436166795593 ], [ 34.673198700259888, -1.208020448285026 ], [ 34.680450439336369, -1.210581421595293 ], [ 34.686161041698767, -1.208093882426681 ], [ 34.688625336090467, -1.210554957245449 ], [ 34.730567932064446, -1.389030336580731 ], [ 36.000205993411896, -2.10440587962762 ], [ 36.000205993411896, -2.083072900393972 ], [ 36.028171539285154, -2.082952499158466 ], [ 36.028171539285154, -2.039696931668004 ], [ 36.030921935898675, -2.035923480684062 ], [ 36.030345917430225, -2.022087573782471 ], [ 36.037639617974037, -2.006695508790642 ], [ 36.035610198851657, -1.993201613163876 ], [ 36.040142058908941, -1.975495577259039 ], [ 36.037307739360756, -1.972020625651282 ], [ 36.041614532384813, -1.960231304131355 ], [ 36.03789520260159, -1.949284195908888 ], [ 36.043128967328016, -1.938734650983292 ], [ 36.03723907432385, -1.928938985245907 ], [ 36.038181304823411, -1.920620560290558 ], [ 36.033988952328343, -1.916595220892702 ], [ 36.044002532790728, -1.909087777578804 ], [ 36.03425979575303, -1.902436256827741 ], [ 36.026916503893574, -1.890331267873648 ], [ 36.031742096020992, -1.888152718672984 ], [ 36.037448882559943, -1.89048004182041 ], [ 36.037994384333444, -1.877184510556674 ], [ 36.044696807611615, -1.877660394011912 ], [ 36.050247192154245, -1.857444763065303 ], [ 36.049037933154125, -1.842225432657528 ], [ 36.042465210101398, -1.834898591196975 ], [ 36.044418335238049, -1.831191658568116 ], [ 36.040180206351522, -1.828536033411183 ], [ 36.039848327738184, -1.821672439931092 ], [ 36.029357911438524, -1.825291275871621 ], [ 36.029342651742013, -1.809771299405895 ], [ 36.0234870912563, -1.806178569885049 ], [ 36.017589569303254, -1.807801842580943 ], [ 36.016380310303134, -1.804044127034786 ], [ 36.02665710434195, -1.796077967424196 ], [ 36.022991180798385, -1.792166471405494 ], [ 36.031333923421869, -1.78618621811944 ], [ 36.031658172186951, -1.78034520057048 ], [ 36.021598816232427, -1.776072740964196 ], [ 36.031906127865568, -1.767922997348421 ], [ 36.035720825355838, -1.743819593599312 ], [ 36.041683197421662, -1.739950060846581 ], [ 36.041053771814177, -1.7325071097153 ], [ 36.047042847449518, -1.734972238677813 ], [ 36.049732207975069, -1.729604483060371 ], [ 36.04761123696909, -1.719534277684716 ], [ 36.038105010837626, -1.710197210432852 ], [ 36.044872284228575, -1.710911035615766 ], [ 36.047603607120834, -1.705597640418716 ], [ 36.056358337267511, -1.711574673232519 ], [ 36.057624817431417, -1.702900886566624 ], [ 36.064620971880402, -1.698832988551544 ], [ 36.061710357447112, -1.689902663077419 ], [ 36.057785034351923, -1.687582850168326 ], [ 36.055305481163089, -1.680135488761778 ], [ 36.058452607401989, -1.673158049204574 ], [ 36.05175399814857, -1.665649056358802 ], [ 36.04728317238056, -1.649477243180172 ], [ 36.052207947139095, -1.646854639330115 ], [ 36.05270385759701, -1.636318802770461 ], [ 36.057895659956785, -1.623669861574797 ], [ 36.055610657106172, -1.618465662060601 ], [ 36.063343047843432, -1.616860270584993 ], [ 36.062496185050975, -1.610759258133214 ], [ 36.067245483192551, -1.607342362260169 ], [ 36.07255935682889, -1.593503475005321 ], [ 36.078723907282551, -1.59485495099517 ], [ 36.085250854843139, -1.574241638041087 ], [ 36.083637237268761, -1.560647844822142 ], [ 36.060344695551294, -1.510193705275242 ], [ 36.059326171965324, -1.500837683911925 ], [ 36.052032471421455, -1.490886925591099 ], [ 36.346176147711105, -1.175680755562382 ], [ 36.333923339890248, -1.04936659359339 ], [ 36.262523650845878, -0.913189828447798 ], [ 36.203495025974746, -0.933483959417174 ], [ 36.193187713442285, -0.915627480423836 ], [ 36.18460464498844, -0.915494620879997 ], [ 36.188938140682694, -0.908291220363481 ], [ 36.168769836558738, -0.872307658171849 ], [ 36.157062531410759, -0.836989343383436 ], [ 36.187107085923344, -0.804684520074488 ], [ 36.189846038663802, -0.785300374412714 ], [ 36.181785583338069, -0.778905332215288 ], [ 36.191738128611803, -0.766080379306004 ], [ 36.171943664568516, -0.754311978714782 ], [ 36.167098998719894, -0.746473253038175 ], [ 36.160617827550766, -0.744807600690194 ], [ 36.151355743073111, -0.719804107773314 ], [ 36.153003692266623, -0.714521826421105 ], [ 36.14185714678996, -0.712117672392594 ], [ 36.100257873302269, -0.67593753369016 ], [ 36.097484588942677, -0.63959222999739 ], [ 36.062038422035585, -0.656900525438857 ], [ 36.028621673351608, -0.678865850378656 ], [ 36.011096954261063, -0.663475215308893 ], [ 35.945877075366809, -0.714306772439556 ], [ 35.928833007937044, -0.705564082416402 ], [ 35.929405212380686, -0.696556389166005 ], [ 35.891284942845914, -0.649625718751849 ], [ 35.876113891642831, -0.65048503895332 ], [ 35.878929138369074, -0.64346259822031 ], [ 35.875579833742393, -0.637092053555364 ], [ 35.914821624418494, -0.635193824835085 ], [ 35.949321746801218, -0.665666997134167 ], [ 35.981433868778083, -0.630344569746057 ], [ 35.943489074960894, -0.555202424851984 ], [ 35.935123443692021, -0.556397557301409 ], [ 35.931606292296578, -0.551125049781149 ], [ 35.903049469157736, -0.547386526666799 ], [ 35.888145445555892, -0.526905834936258 ], [ 35.830329894609008, -0.494507163774529 ], [ 35.838073730118595, -0.472567498291369 ], [ 35.835151672711561, -0.466582119768987 ], [ 35.83028030419274, -0.466687142597493 ], [ 35.827926635405959, -0.472525507146372 ], [ 35.8137092585755, -0.476578772292441 ], [ 35.814445495763096, -0.466015100816207 ], [ 35.810729980903943, -0.457530557589109 ], [ 35.799236298016808, -0.456003576204012 ], [ 35.795036315673485, -0.460203706935488 ], [ 35.792770385644815, -0.467227876165509 ], [ 35.794616699201356, -0.471510917195019 ], [ 35.774463653874591, -0.521151423899028 ], [ 35.771175384436503, -0.536851584932663 ], [ 35.737495422176039, -0.531027257002279 ], [ 35.716213226759066, -0.553146720344841 ], [ 35.708724975876976, -0.553917706436948 ], [ 35.70941925069792, -0.577759861628238 ], [ 35.702354431212086, -0.590589940673169 ], [ 35.690876007122085, -0.600126803109447 ], [ 35.683109283866429, -0.624264061836925 ], [ 35.684158325046724, -0.64015889191927 ], [ 35.680274963418867, -0.65222752128301 ], [ 35.675601959263076, -0.659318268223444 ], [ 35.671737669557842, -0.659089862906796 ], [ 35.667900085220822, -0.663706004728283 ], [ 35.663215637191968, -0.680786609814163 ], [ 35.652164459422295, -0.686033129625173 ], [ 35.645069122342193, -0.702586412732728 ], [ 35.62672042820526, -0.68418043807668 ], [ 35.610767364322442, -0.673878432443644 ], [ 35.600799560251573, -0.671552121932848 ], [ 35.586650847558644, -0.588107883771784 ] ] ] } },
{ "type": "Feature", "properties": { "shapeName": "Kisii", "shapeISO": "KE-16", "shapeID": "32016919B92888924192138", "shapeGroup": "KEN", "shapeType": "ADM1" }, "geometry": { "type": "Polygon", "coordinates": [ [ [ 34.637664794594627, -0.665131509311664 ], [ 34.644004821665249, -0.705196320853474 ], [ 34.631305694702121, -0.72983342367354 ], [ 34.618484497361692, -0.90078479058559 ], [ 34.632724761938277, -0.965540051831852 ], [ 34.641963958669805, -0.968260049561593 ], [ 34.650539398174715, -0.965268612156706 ], [ 34.661224364812654, -0.970799386082774 ], [ 34.675930023152091, -0.973187685063579 ], [ 35.0129585268146, -0.889456570364359 ], [ 34.943885802987495, -0.773116350339251 ], [ 34.922531127609489, -0.76089680214568 ], [ 34.906623840118186, -0.760231375777323 ], [ 34.895900726037723, -0.745755255000972 ], [ 34.887355804127083, -0.746922969819138 ], [ 34.875484466235207, -0.736334860165641 ], [ 34.853321076406587, -0.725183545584116 ], [ 34.83628082300163, -0.708366274583852 ], [ 34.824588775751465, -0.705075502332534 ], [ 34.820606230593114, -0.691645025997104 ], [ 34.80761337155991, -0.685683369791661 ], [ 34.794467926353775, -0.688587724943488 ], [ 34.786174774146559, -0.67368900734175 ], [ 34.798812865921093, -0.665460527181551 ], [ 34.812294005563956, -0.669648230181622 ], [ 34.80968093902419, -0.651742816377805 ], [ 34.815895080793382, -0.631679237406843 ], [ 34.831710816401085, -0.615549742726387 ], [ 34.834934234827131, -0.603905022298875 ], [ 34.845893859813827, -0.595445573754205 ], [ 34.85113525258987, -0.595900773701715 ], [ 34.862117767121333, -0.612737953893429 ], [ 34.8705444335788, -0.619966685613974 ], [ 34.869853973681984, -0.614395498853128 ], [ 34.874225616818819, -0.61158686843919 ], [ 34.875423431046556, -0.617158055200036 ], [ 34.880210876630713, -0.620058775292193 ], [ 34.886657715281387, -0.615178227393244 ], [ 34.889926910098893, -0.600720703697448 ], [ 34.878303527885578, -0.590420901403434 ], [ 34.881271362583391, -0.585388422038022 ], [ 34.872337340895626, -0.574430167618118 ], [ 34.883811950960819, -0.540748418404746 ], [ 34.882827758993926, -0.523869215591787 ], [ 34.862064361780938, -0.501332163748316 ], [ 34.849143981809391, -0.51086491358484 ], [ 34.802131652953449, -0.526828765734876 ], [ 34.767189024553886, -0.544049560738586 ], [ 34.751476287400806, -0.557625114807138 ], [ 34.704338074142868, -0.574468851056565 ], [ 34.685859679780435, -0.600237250648547 ], [ 34.662227631400128, -0.604259669947737 ], [ 34.644504547047234, -0.633547604138585 ], [ 34.637664794594627, -0.665131509311664 ] ] ] } },
{ "type": "Feature", "properties": { "shapeName": "Murang'a", "shapeISO": "KE-29", "shapeID": "32016919B92229445677015", "shapeGroup": "KEN", "shapeType": "ADM1" }, "geometry": { "type": "Polygon", "coordinates": [ [ [ 36.720039367922539, -0.80637121206172 ], [ 36.738529205258658, -0.818145394394378 ], [ 36.747692108004458, -0.831515312181864 ], [ 36.774059295999734, -0.833991229411652 ], [ 36.805625915303779, -0.856687008898291 ], [ 36.823783874925937, -0.863949716106447 ], [ 36.825763702732729, -0.869066595946606 ], [ 36.83744049028644, -0.87748467927446 ], [ 36.840660095586998, -0.876411795268098 ], [ 36.848915100351633, -0.882353961366164 ], [ 36.856838227402307, -0.882106363617766 ], [ 36.862819671390753, -0.88994675843611 ], [ 36.87569427497084, -0.892505168678554 ], [ 36.879409789829992, -0.898034691647638 ], [ 36.885517120019131, -0.895888925433496 ], [ 36.892242431942748, -0.911487161803052 ], [ 36.906520843062538, -0.913220286686851 ], [ 36.911720276169888, -0.928240776090888 ], [ 36.921829223439943, -0.935420930031853 ], [ 36.926204682400225, -0.935090779915527 ], [ 36.954387664559135, -0.955805897923824 ], [ 36.964622497130563, -0.973467349938176 ], [ 36.979145049904162, -0.976768553425927 ], [ 36.991565703594404, -0.990386068961868 ], [ 37.003120422569509, -0.996575832808389 ], [ 37.015377044415118, -1.009450555098965 ], [ 37.021816253217537, -1.011348723564709 ], [ 37.032253265076179, -1.028102398107137 ], [ 37.038692474777918, -1.03165125869856 ], [ 37.050327300864296, -1.033714414088877 ], [ 37.059532165976748, -1.031733751711215 ], [ 37.066463470312954, -1.025543929408741 ], [ 37.07125091589711, -1.025956630993676 ], [ 37.085899353072762, -1.033714414088877 ], [ 37.106201171446969, -1.035777688189683 ], [ 37.110824585186492, -1.041472315894623 ], [ 37.11532211272538, -1.041224718146168 ], [ 37.122337340895626, -1.053191662065501 ], [ 37.131744384395859, -1.04840481273186 ], [ 37.153656005420373, -1.053934335701001 ], [ 37.155471801382589, -1.050468086832666 ], [ 37.158359527170489, -1.052613854845504 ], [ 37.173835754316656, -1.044443369266048 ], [ 37.176227569646699, -1.034622311170665 ], [ 37.192733764251898, -1.042875289762776 ], [ 37.203960418638474, -1.035612702164428 ], [ 37.213985442973865, -1.034539819057329 ], [ 37.216297149393995, -1.0292578938367 ], [ 37.224632263068543, -1.027112007113374 ], [ 37.231483459394212, -1.018116236175331 ], [ 37.243904113983717, -1.025213837748367 ], [ 37.251907349044984, -1.019106626269718 ], [ 37.264331817659297, -1.017043352168912 ], [ 37.309886932735822, -1.066148877368732 ], [ 37.314590453586618, -1.064085602368607 ], [ 37.324493408444084, -1.077207923306958 ], [ 37.329528808807538, -1.077290415420293 ], [ 37.334026336346369, -1.081912160018135 ], [ 37.3392257685544, -1.079931378030608 ], [ 37.34904861540133, -1.091980814962596 ], [ 37.357879638634472, -1.091238021717288 ], [ 37.362819671290822, -1.094736576032119 ], [ 37.389450072862644, -1.057294964590881 ], [ 37.420040130947314, -1.035059214411149 ], [ 37.405174255687427, -1.013683320428868 ], [ 37.382324219087479, -0.999432742427075 ], [ 37.361198425666885, -0.987510502008035 ], [ 37.338642120237694, -0.984690964616277 ], [ 37.337074279954095, -0.977485477672587 ], [ 37.343967437747096, -0.9762323497431 ], [ 37.366210937384892, -0.962447941619189 ], [ 37.353992462082488, -0.945843994304823 ], [ 37.336647033633767, -0.964892268363428 ], [ 37.334255218303724, -0.958688556931293 ], [ 37.327049255618704, -0.953049481248513 ], [ 37.327461242242578, -0.944239914040736 ], [ 37.319217682250269, -0.947410404666414 ], [ 37.313266754057508, -0.940204918622044 ], [ 37.324230193968333, -0.932372867713639 ], [ 37.318592071566911, -0.925167322314053 ], [ 37.317638397194344, -0.917926966855987 ], [ 37.27723693883371, -0.892272711016744 ], [ 37.251548766862129, -0.860317885861718 ], [ 37.237766266200254, -0.858438193967402 ], [ 37.224922180214492, -0.851545988556495 ], [ 37.234947205449203, -0.835881889437587 ], [ 37.257186889263608, -0.838074862864573 ], [ 37.262516021697081, -0.807686448071081 ], [ 37.261932373380375, -0.792799591627784 ], [ 37.267288207584784, -0.785334110680594 ], [ 37.261390685631682, -0.779988050308248 ], [ 37.255489349653828, -0.754180431281839 ], [ 37.260559081636359, -0.751046121281433 ], [ 37.269794464343079, -0.754167377622309 ], [ 37.261676788752823, -0.746976971410049 ], [ 37.26494217044484, -0.744167685390323 ], [ 37.256973267002707, -0.734784662781919 ], [ 37.256069183046407, -0.727218687092716 ], [ 37.249431609880958, -0.724192320918803 ], [ 37.250190734814623, -0.720533370718442 ], [ 37.254287719602644, -0.720328747973269 ], [ 37.248985290738631, -0.713314712304054 ], [ 37.249011993408828, -0.707299173218246 ], [ 37.244167327560149, -0.707789122969587 ], [ 37.242172240956222, -0.702716231668717 ], [ 37.243759154961083, -0.691602944919907 ], [ 37.236087799412473, -0.676774978782191 ], [ 37.237087250176501, -0.667491197260915 ], [ 37.225879670410507, -0.67289274940083 ], [ 37.212360382425743, -0.688582777772922 ], [ 37.199432372605941, -0.663500547412298 ], [ 37.179172515699065, -0.667185843252014 ], [ 37.176795959166213, -0.65383499828647 ], [ 37.169464111179821, -0.64930254197867 ], [ 37.172039032075702, -0.642257391565295 ], [ 37.169116973769349, -0.635624646859924 ], [ 37.154483795390888, -0.635535776754637 ], [ 37.151649474943383, -0.641113161643034 ], [ 37.140300751078826, -0.638061761940719 ], [ 37.12259674044725, -0.643566906087813 ], [ 37.109340667837614, -0.641168415989569 ], [ 37.100555420096612, -0.636828243728417 ], [ 37.101612091125162, -0.629941582637855 ], [ 37.098815918120181, -0.627599775908891 ], [ 37.085548400738162, -0.623318910339378 ], [ 37.067787170741383, -0.611194014891851 ], [ 37.058925629014595, -0.610201180440072 ], [ 37.048290252792981, -0.594782232913644 ], [ 37.026588440004559, -0.591553807062496 ], [ 37.015533447310816, -0.584720015316407 ], [ 36.996276855192775, -0.584276854593099 ], [ 36.985790252917866, -0.576020658226753 ], [ 36.921318054184894, -0.604412496239661 ], [ 36.92127990764169, -0.609327495367552 ], [ 36.883716582854049, -0.611296176976964 ], [ 36.866992950164558, -0.605880559440209 ], [ 36.860076904625487, -0.60812044240447 ], [ 36.844455719356006, -0.593735754801173 ], [ 36.837924956871291, -0.595506072047556 ], [ 36.820442200147454, -0.582457124996267 ], [ 36.810798644841611, -0.580277562259653 ], [ 36.807960510369298, -0.572987616385319 ], [ 36.803325652756712, -0.570294082106159 ], [ 36.788707733175386, -0.570941328679339 ], [ 36.777324676792432, -0.566429853554837 ], [ 36.755119323697897, -0.567467271897044 ], [ 36.746448515586565, -0.571607530263236 ], [ 36.733810424711407, -0.566658258871485 ], [ 36.721111297748223, -0.571664691172487 ], [ 36.704666137432355, -0.59020543103577 ], [ 36.708446502404229, -0.608004570154719 ], [ 36.701690673785606, -0.649160623563887 ], [ 36.705017089766955, -0.667313993046321 ], [ 36.703590392682543, -0.699268221950831 ], [ 36.714462280709711, -0.735524892959404 ], [ 36.715415954183015, -0.754736959642912 ], [ 36.718105317406526, -0.762522697264615 ], [ 36.732635498229683, -0.779427349992147 ], [ 36.717655182440751, -0.780123233700238 ], [ 36.721832275239365, -0.787704468186632 ], [ 36.720039367922539, -0.80637121206172 ] ] ] } },
{ "type": "Feature", "properties": { "shapeName": "Migori", "shapeISO": "KE-27", "shapeID": "32016919B50702580177250", "shapeGroup": "KEN", "shapeType": "ADM1" }, "geometry": { "type": "Polygon", "coordinates": [ [ [ 33.928241730171749, -0.802415072797316 ], [ 33.935066222927901, -1.001096844343863 ], [ 34.016918182628103, -1.002415060706426 ], [ 34.025783538379642, -1.010683894346187 ], [ 34.030220031629199, -1.038606286251081 ], [ 34.038848877373823, -1.045556902628903 ], [ 34.051429748883834, -1.041841864410458 ], [ 34.073852539163397, -1.023580193171313 ], [ 34.08402633744555, -1.025064587160898 ], [ 34.730567932064446, -1.389030336580731 ], [ 34.688625336090467, -1.210554957245449 ], [ 34.686161041698767, -1.208093882426681 ], [ 34.680450439336369, -1.210581421595293 ], [ 34.673198700259888, -1.208020448285026 ], [ 34.671226501401975, -1.196436166795593 ], [ 34.653190613056381, -1.184247970767217 ], [ 34.654281616603384, -1.174066305215774 ], [ 34.639602660934088, -1.161862254139692 ], [ 34.632186890013031, -1.159348606752758 ], [ 34.634670257226617, -1.148675322308236 ], [ 34.628440856660234, -1.119236111357395 ], [ 34.621089934952579, -1.109609365279937 ], [ 34.613960266253343, -1.085688710065881 ], [ 34.616943359748291, -1.072524308949653 ], [ 34.596740722206619, -1.050618529021847 ], [ 34.59032821697366, -1.017685295440003 ], [ 34.641963958669805, -0.968260049561593 ], [ 34.632724761938277, -0.965540051831852 ], [ 34.618484497361692, -0.90078479058559 ], [ 34.631305694702121, -0.72983342367354 ], [ 34.644004821665249, -0.705196320853474 ], [ 34.637664794594627, -0.665131509311664 ], [ 34.62622070302308, -0.65765726537046 ], [ 34.604568482449565, -0.65173906080895 ], [ 34.587589264233202, -0.653404712257611 ], [ 34.58832168559735, -0.662024259911618 ], [ 34.583938598587508, -0.66000771458431 ], [ 34.560894013448035, -0.665980159956348 ], [ 34.556629180991933, -0.669793248559529 ], [ 34.539676666345144, -0.70608413157737 ], [ 34.539714812888349, -0.725905002413867 ], [ 34.533596038826204, -0.747704387147678 ], [ 34.524932860563126, -0.76096594292386 ], [ 34.506996154848707, -0.762004614021691 ], [ 34.502265930428393, -0.764925419572421 ], [ 34.506534576009926, -0.769988655751831 ], [ 34.492534637263759, -0.78252935364668 ], [ 34.48530960085742, -0.784492433379057 ], [ 34.486679076778046, -0.792653977898738 ], [ 34.480640411625757, -0.794515908182575 ], [ 34.490367888966944, -0.798614501857742 ], [ 34.496459961258267, -0.80506289004029 ], [ 34.496692657240374, -0.810410678010328 ], [ 34.476329803677572, -0.830594480151092 ], [ 34.463722228598044, -0.861703455150291 ], [ 34.432582855614328, -0.837407231358611 ], [ 34.390834808179932, -0.814653575102341 ], [ 34.386310577071526, -0.817357361652853 ], [ 34.392936706363969, -0.830658555048217 ], [ 34.389568328915288, -0.830539583734776 ], [ 34.381801605659632, -0.846101284246799 ], [ 34.371509551924362, -0.845173299008479 ], [ 34.369094848848249, -0.851091384859501 ], [ 34.336685180776499, -0.854907512271836 ], [ 34.335338592602, -0.861283600357808 ], [ 34.319274902215, -0.865088225441184 ], [ 34.298236846653197, -0.837183117606742 ], [ 34.284019469822738, -0.826272011044409 ], [ 34.277732848991832, -0.825963139787007 ], [ 34.264076232732009, -0.814094543028716 ], [ 34.250408172599123, -0.810572207041673 ], [ 34.235389709367666, -0.790582239378807 ], [ 34.232143402296231, -0.78169494826318 ], [ 34.212375640923142, -0.767602562807951 ], [ 34.202018737974413, -0.750440716565777 ], [ 34.191230773781228, -0.765143215586875 ], [ 34.178573608285433, -0.760017633007294 ], [ 34.176681518337432, -0.768291473172894 ], [ 34.17197036763838, -0.771469474036962 ], [ 34.164215088255787, -0.772291362656233 ], [ 34.155860900859921, -0.76601749690991 ], [ 34.13900756794493, -0.778371393924658 ], [ 34.135711669557963, -0.772529602059421 ], [ 34.122985839924638, -0.782959639675596 ], [ 34.112785338972287, -0.778003812226132 ], [ 34.109573364419305, -0.781208932146455 ], [ 34.096923827872388, -0.782304703898944 ], [ 34.080978393837881, -0.802415072797316 ], [ 33.928241730171749, -0.802415072797316 ] ] ] } },
{ "type": "Feature", "properties": { "shapeName": "Kiambu", "shapeISO": "KE-13", "shapeID": "32016919B11020559484650", "shapeGroup": "KEN", "shapeType": "ADM1" }, "geometry": { "type": "Polygon", "coordinates": [ [ [ 36.533729553576109, -1.155906557741389 ], [ 36.510608672652154, -1.240194797951517 ], [ 36.488227843839979, -1.271785139572501 ], [ 36.657638549779278, -1.304788590421083 ], [ 36.66388702406698, -1.315209150082183 ], [ 36.668716430219149, -1.306964159268489 ], [ 36.671897888077126, -1.30805742730837 ], [ 36.684276581199299, -1.285196422576803 ], [ 36.684387206804217, -1.274633169285266 ], [ 36.691471100011313, -1.268257736805083 ], [ 36.688495636364564, -1.264007449084488 ], [ 36.690193175974343, -1.258907079897767 ], [ 36.717536926088314, -1.261457204686224 ], [ 36.725082397234871, -1.243486404773705 ], [ 36.726184844654881, -1.23237955537212 ], [ 36.744541168640069, -1.235500097651311 ], [ 36.753173828409501, -1.220874309901433 ], [ 36.773807525397046, -1.229815602607914 ], [ 36.782001494973088, -1.213429093377897 ], [ 36.787944793317592, -1.20931494233065 ], [ 36.781227112141551, -1.202289461889109 ], [ 36.788047790872895, -1.191094159667671 ], [ 36.830444335837456, -1.214659213951506 ], [ 36.826988221429303, -1.206247449260331 ], [ 36.845485686815039, -1.21148526633192 ], [ 36.847602843796267, -1.202793954577317 ], [ 36.856487274168444, -1.201997877400061 ], [ 36.85920715318764, -1.189288497266261 ], [ 36.872348785268287, -1.195602059087719 ], [ 36.896499633651217, -1.192496657794493 ], [ 36.885044098206606, -1.172102809097339 ], [ 36.895969390674907, -1.160461426053928 ], [ 36.916389465401551, -1.161458252596219 ], [ 36.939228058128435, -1.173962831919084 ], [ 36.909225464183862, -1.206367254245322 ], [ 36.913574218675308, -1.212414383816736 ], [ 36.928825378788247, -1.221643566597265 ], [ 36.936965942124573, -1.221692919592499 ], [ 36.954833984600782, -1.228923201744294 ], [ 36.967346191073887, -1.22879982015553 ], [ 36.975143432823245, -1.224037170678855 ], [ 36.986148834201401, -1.223099470064426 ], [ 37.004631042588585, -1.236745834052954 ], [ 37.011020660075474, -1.234845757225855 ], [ 37.014183044212189, -1.228158235713977 ], [ 37.024497985693529, -1.225517869354121 ], [ 37.042461394977465, -1.209897279435836 ], [ 37.060424804261345, -1.20575344536519 ], [ 37.078754424677015, -1.237681150564583 ], [ 37.087841034336293, -1.232353091022276 ], [ 37.094112396370065, -1.243949532245097 ], [ 37.086589812969521, -1.248023867607344 ], [ 37.102722168393427, -1.261717915449367 ], [ 37.109085083210061, -1.260539412363926 ], [ 37.109600067389238, -1.247394561609667 ], [ 37.118793487729306, -1.246286152583821 ], [ 37.120475769441271, -1.235307693095535 ], [ 37.135875701702332, -1.233137727024427 ], [ 37.141754150833435, -1.225916028002246 ], [ 37.150901794782044, -1.225367664586031 ], [ 37.154750823891447, -1.221750974427891 ], [ 37.156059266422062, -1.212802529413182 ], [ 37.153209686278046, -1.209255814604091 ], [ 37.159675597750663, -1.205907464158088 ], [ 37.15538024859967, -1.195465684094017 ], [ 37.162006377892055, -1.193342328085919 ], [ 37.182052613437406, -1.166777014947229 ], [ 37.179786683408793, -1.157805323356968 ], [ 37.186508178609586, -1.138625144834521 ], [ 37.180953979142885, -1.133456706861466 ], [ 37.17518997233941, -1.116143226828399 ], [ 37.188049316223044, -1.105818152685572 ], [ 37.189750671656213, -1.097336411745971 ], [ 37.210868835228609, -1.080022812103039 ], [ 37.23107528679509, -1.075274467242821 ], [ 37.24493408234207, -1.079859495219466 ], [ 37.267871856800809, -1.067702770066717 ], [ 37.280986786211258, -1.066092729995432 ], [ 37.28807830836729, -1.070847630913363 ], [ 37.297851562099936, -1.071288108959038 ], [ 37.314643859826333, -1.091623663601126 ], [ 37.325149535822447, -1.096466898628421 ], [ 37.342895507921412, -1.117576837900685 ], [ 37.362819671290822, -1.094736576032119 ], [ 37.357879638634472, -1.091238021717288 ], [ 37.34904861540133, -1.091980814962596 ], [ 37.3392257685544, -1.079931378030608 ], [ 37.334026336346369, -1.081912160018135 ], [ 37.329528808807538, -1.077290415420293 ], [ 37.324493408444084, -1.077207923306958 ], [ 37.314590453586618, -1.064085602368607 ], [ 37.309886932735822, -1.066148877368732 ], [ 37.264331817659297, -1.017043352168912 ], [ 37.251907349044984, -1.019106626269718 ], [ 37.243904113983717, -1.025213837748367 ], [ 37.231483459394212, -1.018116236175331 ], [ 37.224632263068543, -1.027112007113374 ], [ 37.216297149393995, -1.0292578938367 ], [ 37.213985442973865, -1.034539819057329 ], [ 37.203960418638474, -1.035612702164428 ], [ 37.192733764251898, -1.042875289762776 ], [ 37.176227569646699, -1.034622311170665 ], [ 37.173835754316656, -1.044443369266048 ], [ 37.158359527170489, -1.052613854845504 ], [ 37.155471801382589, -1.050468086832666 ], [ 37.153656005420373, -1.053934335701001 ], [ 37.131744384395859, -1.04840481273186 ], [ 37.122337340895626, -1.053191662065501 ], [ 37.11532211272538, -1.041224718146168 ], [ 37.110824585186492, -1.041472315894623 ], [ 37.106201171446969, -1.035777688189683 ], [ 37.085899353072762, -1.033714414088877 ], [ 37.07125091589711, -1.025956630993676 ], [ 37.066463470312954, -1.025543929408741 ], [ 37.059532165976748, -1.031733751711215 ], [ 37.050327300864296, -1.033714414088877 ], [ 37.036300659447932, -1.030825853730107 ], [ 37.021816253217537, -1.011348723564709 ], [ 37.015377044415118, -1.009450555098965 ], [ 37.003120422569509, -0.996575832808389 ], [ 36.991565703594404, -0.990386068961868 ], [ 36.979145049904162, -0.976768553425927 ], [ 36.964622497130563, -0.973467349938176 ], [ 36.954387664559135, -0.955805897923824 ], [ 36.926204682400225, -0.935090779915527 ], [ 36.921829223439943, -0.935420930031853 ], [ 36.911720276169888, -0.928240776090888 ], [ 36.906520843062538, -0.913220286686851 ], [ 36.892242431942748, -0.911487161803052 ], [ 36.886425018000239, -0.896549165411614 ], [ 36.879409789829992, -0.898034691647638 ], [ 36.87569427497084, -0.892505168678554 ], [ 36.862819671390753, -0.88994675843611 ], [ 36.856838227402307, -0.882106363617766 ], [ 36.848915100351633, -0.882353961366164 ], [ 36.840660095586998, -0.876411795268098 ], [ 36.83744049028644, -0.87748467927446 ], [ 36.825763702732729, -0.869066595946606 ], [ 36.823783874925937, -0.863949716106447 ], [ 36.805625915303779, -0.856687008898291 ], [ 36.774059295999734, -0.833991229411652 ], [ 36.747692108004458, -0.831515312181864 ], [ 36.738529205258658, -0.818145394394378 ], [ 36.720039367922539, -0.80637121206172 ], [ 36.706161498654296, -0.785537004029493 ], [ 36.68559265177953, -0.764810681367806 ], [ 36.671558381414229, -0.758491694835811 ], [ 36.658458709901595, -0.767784357162327 ], [ 36.650279999122688, -0.764624833769005 ], [ 36.608291625857873, -0.80562072961294 ], [ 36.618564605871939, -0.829798459631149 ], [ 36.585983276107356, -0.826525032604138 ], [ 36.589813232394818, -0.848940133680173 ], [ 36.597965241402846, -0.861845791749829 ], [ 36.587005616416093, -0.886754334245097 ], [ 36.561813354902483, -0.903929173892209 ], [ 36.563247680935774, -0.90850913508848 ], [ 36.570091247413188, -0.908890068122105 ], [ 36.568637847658579, -0.911073923322874 ], [ 36.552848815620393, -0.919995963343013 ], [ 36.561161042448191, -0.924309372679375 ], [ 36.568344115588502, -0.921547412582981 ], [ 36.578010558640415, -0.929280877110727 ], [ 36.572486877667302, -0.942261993695979 ], [ 36.579944610955067, -0.948062062414181 ], [ 36.584915161205799, -0.961871802641554 ], [ 36.584915161205799, -0.979272007896782 ], [ 36.594028472635955, -0.9834149480414 ], [ 36.595409393328907, -0.99170076807593 ], [ 36.584251403979181, -1.044380664935716 ], [ 36.588272094781416, -1.063381552816338 ], [ 36.566951751921863, -1.101497054145682 ], [ 36.56385421789787, -1.100109577395017 ], [ 36.541656493752214, -1.127001524300852 ], [ 36.533729553576109, -1.155906557741389 ] ] ] } },
{ "type": "Feature", "properties": { "shapeName": "Machakos", "shapeISO": "KE-22", "shapeID": "32016919B39119671019936", "shapeGroup": "KEN", "shapeType": "ADM1" }, "geometry": { "type": "Polygon", "coordinates": [ [ [ 37.845512390184695, -0.809831918408236 ], [ 37.839023590066688, -0.808637321055471 ], [ 37.834037781018822, -0.812181890082115 ], [ 37.829074859717082, -0.804620146602417 ], [ 37.820343017316475, -0.803391396595657 ], [ 37.807960510169437, -0.813729703363094 ], [ 37.805492400853666, -0.799846827569013 ], [ 37.795730590994026, -0.815879762041334 ], [ 37.787338257054955, -0.820957005161631 ], [ 37.78031539903651, -0.823649882935683 ], [ 37.770778656210041, -0.818715214735334 ], [ 37.758125304739053, -0.821879982974792 ], [ 37.741615295209783, -0.776093184552792 ], [ 37.732910156378694, -0.773390591402631 ], [ 37.724708556954397, -0.779044687562248 ], [ 37.707725524713226, -0.779852449630823 ], [ 37.698947906820479, -0.782886981648858 ], [ 37.698902130429019, -0.787762105736533 ], [ 37.692901610920671, -0.7897681002176 ], [ 37.690444946377227, -0.795193195709373 ], [ 37.688079833717381, -0.792648672797952 ], [ 37.68226623559832, -0.794387280848298 ], [ 37.681674957433415, -0.8209165338709 ], [ 37.672050475848835, -0.827300846257003 ], [ 37.671211242904576, -0.83593392331187 ], [ 37.665500641441497, -0.844122171401068 ], [ 37.658405304361338, -0.845729768014337 ], [ 37.646816253767156, -0.840262949375585 ], [ 37.64098739595164, -0.843588233110438 ], [ 37.636207580215682, -0.837037145947477 ], [ 37.630184173860584, -0.836973368725921 ], [ 37.627079009988392, -0.850232899228843 ], [ 37.606506347290122, -0.852976620174843 ], [ 37.602985381869928, -0.860250413325844 ], [ 37.597667694208781, -0.858793676187133 ], [ 37.589138031095331, -0.86199337229624 ], [ 37.592445373355361, -0.868554771085769 ], [ 37.588413238680062, -0.876180945594115 ], [ 37.576419830410885, -0.874788939857638 ], [ 37.566173553067074, -0.878486990781937 ], [ 37.561130523754741, -0.872968673365563 ], [ 37.552490234137053, -0.882197857045412 ], [ 37.54658889725988, -0.880969286003676 ], [ 37.533672333111724, -0.893848418569632 ], [ 37.536624908113083, -0.904129863002709 ], [ 37.534351349135534, -0.910219133006535 ], [ 37.521167754688179, -0.914591372393886 ], [ 37.517917632692672, -0.912676334445223 ], [ 37.516323089738876, -0.900042891266366 ], [ 37.504291534027118, -0.897261917703304 ], [ 37.494342803677512, -0.904799998221279 ], [ 37.484432220770429, -0.899323105376936 ], [ 37.48302459740728, -0.894958615447706 ], [ 37.47733688369027, -0.894022881650642 ], [ 37.471374511624447, -0.886177182630831 ], [ 37.473670959247443, -0.875858068295145 ], [ 37.470432281124943, -0.876728355728972 ], [ 37.465675354034431, -0.872586310409872 ], [ 37.461994170794412, -0.875513970593204 ], [ 37.458263397138126, -0.870882988159337 ], [ 37.446681976392142, -0.870197952073795 ], [ 37.440517425938481, -0.862398029445444 ], [ 37.43119812029704, -0.862398029445444 ], [ 37.426074982074795, -0.866003513151554 ], [ 37.413166045976311, -0.861102461609278 ], [ 37.410644531320145, -0.858583212345309 ], [ 37.412097931074697, -0.850259840219394 ], [ 37.403945922966045, -0.850861847296358 ], [ 37.397884369168366, -0.856057405225044 ], [ 37.384555816597697, -0.851902246891143 ], [ 37.379650115560423, -0.857424974582841 ], [ 37.376194000252951, -0.850292563850701 ], [ 37.361843109172185, -0.844213604574122 ], [ 37.350990295765598, -0.84537184233659 ], [ 37.348762512280189, -0.841929912935086 ], [ 37.346511841048653, -0.844285606995129 ], [ 37.341911315954519, -0.84218513963242 ], [ 37.336650848557895, -0.846451520721075 ], [ 37.328800200568878, -0.844436109438846 ], [ 37.32291793831223, -0.840071559255023 ], [ 37.325607299737158, -0.835222840161919 ], [ 37.320049286245592, -0.835464954743827 ], [ 37.310581207556709, -0.815185726440063 ], [ 37.305465698283399, -0.81287014484127 ], [ 37.305309295387701, -0.800882458958256 ], [ 37.294033050584858, -0.793311596353021 ], [ 37.286853790570035, -0.783568322420081 ], [ 37.267288207584784, -0.785334110680594 ], [ 37.262371063573767, -0.791803539401769 ], [ 37.257186889263608, -0.838074862864573 ], [ 37.234947205449203, -0.835881889437587 ], [ 37.224922180214492, -0.851545988556495 ], [ 37.237766266200254, -0.858438193967402 ], [ 37.251548766862129, -0.860317885861718 ], [ 37.27723693883371, -0.892272711016744 ], [ 37.317638397194344, -0.917926966855987 ], [ 37.318592071566911, -0.925167322314053 ], [ 37.324230193968333, -0.932372867713639 ], [ 37.313266754057508, -0.940204918622044 ], [ 37.319217682250269, -0.947410404666414 ], [ 37.327461242242578, -0.944239914040736 ], [ 37.327049255618704, -0.953049481248513 ], [ 37.334255218303724, -0.958688556931293 ], [ 37.336647033633767, -0.964892268363428 ], [ 37.353992462082488, -0.945843994304823 ], [ 37.366210937384892, -0.962447941619189 ], [ 37.343967437747096, -0.9762323497431 ], [ 37.337074279954095, -0.977485477672587 ], [ 37.338642120237694, -0.984690964616277 ], [ 37.361198425666885, -0.987510502008035 ], [ 37.382324219087479, -0.999432742427075 ], [ 37.405174255687427, -1.013683320428868 ], [ 37.420040130947314, -1.035059214411149 ], [ 37.389450072862644, -1.057294964590881 ], [ 37.342895507921412, -1.117576837900685 ], [ 37.325149535822447, -1.096466898628421 ], [ 37.314643859826333, -1.091623663601126 ], [ 37.297851562099936, -1.071288108959038 ], [ 37.28807830836729, -1.070847630913363 ], [ 37.280380249249163, -1.06592941311186 ], [ 37.267871856800809, -1.067702770066717 ], [ 37.24493408234207, -1.079859495219466 ], [ 37.23107528679509, -1.075274467242821 ], [ 37.212245940997434, -1.079404473337718 ], [ 37.19224929766699, -1.095072985429908 ], [ 37.188049316223044, -1.105818152685572 ], [ 37.17518997233941, -1.116143226828399 ], [ 37.180953979142885, -1.133456706861466 ], [ 37.186508178609586, -1.138625144834521 ], [ 37.179786683408793, -1.157805323356968 ], [ 37.18186569204812, -1.167523741827154 ], [ 37.173324585061607, -1.175188779638404 ], [ 37.162006377892055, -1.193342328085919 ], [ 37.15538024859967, -1.195465684094017 ], [ 37.159675597750663, -1.205907464158088 ], [ 37.153209686278046, -1.209255814604091 ], [ 37.156059266422062, -1.212802529413182 ], [ 37.153141022140517, -1.223827600763116 ], [ 37.141754150833435, -1.225916028002246 ], [ 37.135875701702332, -1.233137727024427 ], [ 37.120475769441271, -1.235307693095535 ], [ 37.118793487729306, -1.246286152583821 ], [ 37.109600067389238, -1.247394561609667 ], [ 37.110435485409369, -1.259323477696284 ], [ 37.102897644111067, -1.261040210637191 ], [ 37.102134704253274, -1.274543166034221 ], [ 37.098144531045307, -1.272853851623893 ], [ 37.087432861737227, -1.277658224247602 ], [ 37.082794189200513, -1.285129071449433 ], [ 37.077117920255887, -1.284805059206064 ], [ 37.072711944600599, -1.296056747121156 ], [ 37.076335906676832, -1.30312073203612 ], [ 37.024845123104001, -1.291901945818097 ], [ 37.002593995416589, -1.300677538437583 ], [ 36.995071411116783, -1.281559228775336 ], [ 36.972820281630732, -1.289394617067899 ], [ 36.982849120890251, -1.311960458908004 ], [ 36.979087829639695, -1.316661715265923 ], [ 36.939910889076316, -1.332645892993526 ], [ 36.904682159354195, -1.36561930198917 ], [ 36.914943694595877, -1.376724243029344 ], [ 36.921909332349856, -1.393908500376938 ], [ 36.941547392598125, -1.404982686401809 ], [ 36.946029663138518, -1.423696279559579 ], [ 36.961128235279887, -1.439280509887567 ], [ 36.958946228185937, -1.44406020601366 ], [ 36.954528808657642, -1.437452793411637 ], [ 36.949283600058152, -1.437567948901687 ], [ 36.944839477859659, -1.433396220559075 ], [ 36.931911468939177, -1.434270500982791 ], [ 36.887729644707406, -1.415647626037071 ], [ 36.875980377192718, -1.479379534337966 ], [ 36.882598876636905, -1.48900759342564 ], [ 36.888122559408657, -1.487287521301994 ], [ 36.906604766896521, -1.469470143032652 ], [ 36.919795990292755, -1.463740349137765 ], [ 36.922271728557462, -1.458239078370696 ], [ 36.930286406592415, -1.459171891169774 ], [ 36.940727234274505, -1.454803108776389 ], [ 36.948661804298865, -1.457353949425169 ], [ 36.945301055799121, -1.463621497434133 ], [ 36.97590255775691, -1.478019118187717 ], [ 36.968852997068211, -1.492822050796974 ], [ 36.9727783201634, -1.500675081989414 ], [ 36.961803436379512, -1.514417767865666 ], [ 36.958934784312873, -1.543161749814828 ], [ 36.966083526733428, -1.552776694089118 ], [ 36.979473113593372, -1.557785511392183 ], [ 37.082065581861173, -1.69954216513878 ], [ 37.083728789851818, -1.698233365577323 ], [ 37.110858916805626, -1.733974575766013 ], [ 37.125205993861584, -1.741802335109639 ], [ 37.134166717320227, -1.743060826595809 ], [ 37.141567230343469, -1.736843943692975 ], [ 37.147911071438841, -1.738001703915472 ], [ 37.148113250725999, -1.759370923129552 ], [ 37.157375336102916, -1.764807582104197 ], [ 37.151634216146192, -1.774573564818127 ], [ 37.152690887174742, -1.778676271092991 ], [ 37.197170258400774, -1.776853442432355 ], [ 37.220504760686197, -1.769576430607742 ], [ 37.244361876999051, -1.735654711695531 ], [ 37.263614654192963, -1.758298277443487 ], [ 37.279506683786508, -1.77054595912864 ], [ 37.291187286264289, -1.753456355426408 ], [ 37.301860809029165, -1.753166556091628 ], [ 37.28684616072178, -1.718270183422192 ], [ 37.311603546066863, -1.700238703553282 ], [ 37.319244384920466, -1.708051562029937 ], [ 37.3458328250249, -1.704118370766139 ], [ 37.357566833742453, -1.706668139423073 ], [ 37.36217880270965, -1.702183245560263 ], [ 37.373382567551516, -1.705160737178232 ], [ 37.413284301429428, -1.688698410603138 ], [ 37.408309936254625, -1.683801889845313 ], [ 37.401016235710756, -1.662041544681472 ], [ 37.396209716405338, -1.658658028045522 ], [ 37.385810851989277, -1.631571770021139 ], [ 37.380355835153694, -1.627631306839305 ], [ 37.363491058365696, -1.590073942758181 ], [ 37.33486175526582, -1.561710714877563 ], [ 37.379840850974517, -1.520232438875894 ], [ 37.399692535282327, -1.521267891300113 ], [ 37.419799805116952, -1.530024289689152 ], [ 37.435497284372218, -1.532671451326394 ], [ 37.438667296558549, -1.528989196094471 ], [ 37.442661285589907, -1.531576872074936 ], [ 37.448211670132537, -1.529607891890635 ], [ 37.452445984094936, -1.523992300204441 ], [ 37.464736937559678, -1.518245935401524 ], [ 37.474193573274817, -1.521446347371011 ], [ 37.476711273006913, -1.517621278898844 ], [ 37.487205505130021, -1.516990780400135 ], [ 37.50463867143759, -1.527597188559355 ], [ 37.514266967946241, -1.524831652758508 ], [ 37.520534515055886, -1.537447095107325 ], [ 37.542564392432837, -1.540281772585672 ], [ 37.54573059059436, -1.536202669017939 ], [ 37.552574157971094, -1.539134145024718 ], [ 37.549125671612501, -1.546255350204206 ], [ 37.561401367179428, -1.552007556103774 ], [ 37.554855346796842, -1.556985497882351 ], [ 37.560947418188846, -1.55930852856568 ], [ 37.573322296386948, -1.55737268929812 ], [ 37.57230758682573, -1.564894914768445 ], [ 37.578769684273539, -1.564756631413388 ], [ 37.596893309578604, -1.550970554147682 ], [ 37.598102568578724, -1.560843468051587 ], [ 37.605728150433833, -1.561230658567979 ], [ 37.607608795609508, -1.566015005088389 ], [ 37.616569519068094, -1.565295935059282 ], [ 37.618995666916533, -1.574643373292986 ], [ 37.630672453570924, -1.58864796243347 ], [ 37.640460967899401, -1.586394071629059 ], [ 37.642162323332627, -1.610136151162408 ], [ 37.649002074885914, -1.622304439798029 ], [ 37.649078368871699, -1.628499149915797 ], [ 37.655250549173559, -1.631596565229245 ], [ 37.659370422606969, -1.645161390385795 ], [ 37.667274475037061, -1.641607761588887 ], [ 37.672031403026892, -1.632260321556544 ], [ 37.681205749645699, -1.625318765848306 ], [ 37.684085845585344, -1.612989187401013 ], [ 37.682216644282732, -1.585865854825272 ], [ 37.692657471065502, -1.583136319785297 ], [ 37.696033476563741, -1.587049245726064 ], [ 37.700614928835932, -1.582907319117453 ], [ 37.711277007727801, -1.604723572434864 ], [ 37.717643736569244, -1.608454585310824 ], [ 37.728355407675963, -1.602651954424118 ], [ 37.728855133058005, -1.59731853042581 ], [ 37.733928680863983, -1.595078826426629 ], [ 37.733680725185366, -1.58250331757398 ], [ 37.730522155972778, -1.580582976323228 ], [ 37.743247985606104, -1.568887114148936 ], [ 37.753322601257082, -1.566382050790992 ], [ 37.749786377039698, -1.555349708422284 ], [ 37.741897583406796, -1.552995801315149 ], [ 37.732608795359681, -1.542307734714143 ], [ 37.713142395005605, -1.509893417147453 ], [ 37.702007293401948, -1.50874829329905 ], [ 37.6945762636837, -1.49855732875767 ], [ 37.701927185391355, -1.490343451788817 ], [ 37.709712982368274, -1.48866784574443 ], [ 37.734897613134365, -1.496208310365205 ], [ 37.75081634539805, -1.48982596389709 ], [ 37.773242950601741, -1.485957146105363 ], [ 37.78013992331887, -1.470654369403576 ], [ 37.798919677800939, -1.454070091161725 ], [ 37.810104369820863, -1.447268844081862 ], [ 37.819145202189361, -1.447317957857422 ], [ 37.81261825642747, -1.438791871347746 ], [ 37.803550719590078, -1.394534468990514 ], [ 37.797687530155429, -1.395815849122073 ], [ 37.795864105244334, -1.387264967404292 ], [ 37.788024902027644, -1.375756979001324 ], [ 37.779945373879968, -1.370730042157675 ], [ 37.774375915616076, -1.360577344668684 ], [ 37.764762878803879, -1.354392170961887 ], [ 37.744705200284841, -1.356388210847228 ], [ 37.74514770540236, -1.352248311310461 ], [ 37.737361908425385, -1.34177541740155 ], [ 37.731594085798463, -1.340050459261249 ], [ 37.716663360425798, -1.299587846102156 ], [ 37.713310241774309, -1.29924285357481 ], [ 37.71266937229376, -1.290938377104396 ], [ 37.707939147873446, -1.288326263845931 ], [ 37.701927185391355, -1.27248132185548 ], [ 37.69665145829822, -1.268982172189453 ], [ 37.692268371288378, -1.250623703321196 ], [ 37.686599731292631, -1.245843053014426 ], [ 37.688274383156283, -1.240076779919434 ], [ 37.684234620431425, -1.234507679585704 ], [ 37.675758361759051, -1.232511639700363 ], [ 37.664718627862442, -1.219944120424771 ], [ 37.665653229413067, -1.216789841877642 ], [ 37.656436920427609, -1.207203984376349 ], [ 37.654514312885283, -1.200550675773002 ], [ 37.649486540571445, -1.198135732577953 ], [ 37.638053893772224, -1.169353485374984 ], [ 37.624351501120941, -1.149220824081738 ], [ 37.617698669158301, -1.142961620882033 ], [ 37.611537933628767, -1.142025232378501 ], [ 37.596900940326179, -1.147150874313354 ], [ 37.593978882019826, -1.085938930237376 ], [ 37.738151550054056, -1.077547430869174 ], [ 37.796524048446145, -1.127069116446535 ], [ 37.806827545155159, -1.092823862830983 ], [ 37.817371368593854, -1.080290555564659 ], [ 37.819358825349582, -1.070216655774004 ], [ 37.829860687320888, -1.068277597832832 ], [ 37.844852447882204, -1.046923757025695 ], [ 37.84953308098693, -1.004688979412833 ], [ 37.846553802416111, -0.993692755616109 ], [ 37.854217529015784, -0.985297799253999 ], [ 37.865661620587389, -0.98137229719373 ], [ 37.862209320204045, -0.97735220174269 ], [ 37.8682136537372, -0.974680006576989 ], [ 37.866844176917311, -0.972031474373011 ], [ 37.862728119307292, -0.972788214304614 ], [ 37.863342285218323, -0.968011378921972 ], [ 37.857997893987658, -0.964558779963681 ], [ 37.845230102887001, -0.963754772564641 ], [ 37.850952148223087, -0.958221197250396 ], [ 37.854167938599517, -0.961248099420231 ], [ 37.849582672302517, -0.951718091616613 ], [ 37.851142883637237, -0.948833049405664 ], [ 37.846744536930885, -0.945995330420089 ], [ 37.847263336034189, -0.938711881248253 ], [ 37.852466583166347, -0.937742291573443 ], [ 37.84910964959073, -0.934337020337182 ], [ 37.850669860925393, -0.931073665717065 ], [ 37.842723846128649, -0.926486015317323 ], [ 37.842533111613875, -0.918351172568521 ], [ 37.838562012127227, -0.918966055239196 ], [ 37.839271545745305, -0.908679306604654 ], [ 37.834587096817131, -0.911327838808688 ], [ 37.829860687320888, -0.900709986776405 ], [ 37.818603515339987, -0.896926403130976 ], [ 37.825035095193527, -0.890163123629179 ], [ 37.820682525778011, -0.88129526416509 ], [ 37.826076507424943, -0.874437392171842 ], [ 37.824516296090223, -0.871174037551725 ], [ 37.827732085567334, -0.870937586000764 ], [ 37.826877593825941, -0.865309417295748 ], [ 37.832080840958099, -0.862826407112948 ], [ 37.82943344100056, -0.859042764112246 ], [ 37.833786010416077, -0.855353712703618 ], [ 37.831985473251052, -0.852326811433159 ], [ 37.838512420811639, -0.848117530099898 ], [ 37.837615966703538, -0.843553542661823 ], [ 37.844757080175157, -0.840290129585753 ], [ 37.841445922990999, -0.834330916838269 ], [ 37.849250793689237, -0.830783784743801 ], [ 37.846412658317604, -0.82638531932696 ], [ 37.847640991038929, -0.819574773257159 ], [ 37.843765258360065, -0.816264092713652 ], [ 37.845512390184695, -0.809831918408236 ] ] ] } },
{ "type": "Feature", "properties": { "shapeName": "Kajiado", "shapeISO": "KE-10", "shapeID": "32016919B31527762068828", "shapeGroup": "KEN", "shapeType": "ADM1" }, "geometry": { "type": "Polygon", "coordinates": [ [ [ 36.333923339890248, -1.04936659359339 ], [ 36.346176147711105, -1.175680755562382 ], [ 36.052032471421455, -1.490886925591099 ], [ 36.059326171965324, -1.500837683911925 ], [ 36.060344695551294, -1.510193705275242 ], [ 36.083637237268761, -1.560647844822142 ], [ 36.085250854843139, -1.574241638041087 ], [ 36.078723907282551, -1.59485495099517 ], [ 36.07255935682889, -1.593503475005321 ], [ 36.067245483192551, -1.607342362260169 ], [ 36.062496185050975, -1.610759258133214 ], [ 36.063343047843432, -1.616860270584993 ], [ 36.055610657106172, -1.618465662060601 ], [ 36.057895659956785, -1.623669861574797 ], [ 36.05270385759701, -1.636318802770461 ], [ 36.052207947139095, -1.646854639330115 ], [ 36.04728317238056, -1.649477243180172 ], [ 36.05175399814857, -1.665649056358802 ], [ 36.058452607401989, -1.673158049204574 ], [ 36.055305481163089, -1.680135488761778 ], [ 36.057785034351923, -1.687582850168326 ], [ 36.061710357447112, -1.689902663077419 ], [ 36.064620971880402, -1.698832988551544 ], [ 36.057624817431417, -1.702900886566624 ], [ 36.056358337267511, -1.711574673232519 ], [ 36.047603607120834, -1.705597640418716 ], [ 36.044872284228575, -1.710911035615766 ], [ 36.038105010837626, -1.710197210432852 ], [ 36.04761123696909, -1.719534277684716 ], [ 36.049732207975069, -1.729604483060371 ], [ 36.047042847449518, -1.734972238677813 ], [ 36.041053771814177, -1.7325071097153 ], [ 36.041683197421662, -1.739950060846581 ], [ 36.035720825355838, -1.743819593599312 ], [ 36.031906127865568, -1.767922997348421 ], [ 36.021598816232427, -1.776072740964196 ], [ 36.031658172186951, -1.78034520057048 ], [ 36.031333923421869, -1.78618621811944 ], [ 36.022991180798385, -1.792166471405494 ], [ 36.02665710434195, -1.796077967424196 ], [ 36.016380310303134, -1.804044127034786 ], [ 36.017589569303254, -1.807801842580943 ], [ 36.0234870912563, -1.806178569885049 ], [ 36.029342651742013, -1.809771299405895 ], [ 36.029357911438524, -1.825291275871621 ], [ 36.039848327738184, -1.821672439931092 ], [ 36.040180206351522, -1.828536033411183 ], [ 36.044418335238049, -1.831191658568116 ], [ 36.042465210101398, -1.834898591196975 ], [ 36.049037933154125, -1.842225432657528 ], [ 36.050247192154245, -1.857444763065303 ], [ 36.044696807611615, -1.877660394011912 ], [ 36.037994384333444, -1.877184510556674 ], [ 36.037448882559943, -1.89048004182041 ], [ 36.031742096020992, -1.888152718672984 ], [ 36.026916503893574, -1.890331267873648 ], [ 36.03425979575303, -1.902436256827741 ], [ 36.044002532790728, -1.909087777578804 ], [ 36.033988952328343, -1.916595220892702 ], [ 36.038181304823411, -1.920620560290558 ], [ 36.03723907432385, -1.928938985245907 ], [ 36.043128967328016, -1.938734650983292 ], [ 36.03789520260159, -1.949284195908888 ], [ 36.041614532384813, -1.960231304131355 ], [ 36.037307739360756, -1.972020625651282 ], [ 36.040142058908941, -1.975495577259039 ], [ 36.035610198851657, -1.993201613163876 ], [ 36.037639617974037, -2.006695508790642 ], [ 36.030345917430225, -2.022087573782471 ], [ 36.030921935898675, -2.035923480684062 ], [ 36.028171539285154, -2.039696931668004 ], [ 36.028171539285154, -2.082952499158466 ], [ 36.000205993411896, -2.083072900393972 ], [ 36.000205993411896, -2.10440587962762 ], [ 37.520252227758135, -2.956131696720377 ], [ 37.671394347571152, -3.058684825943942 ], [ 37.690586089576414, -3.17889022870105 ], [ 37.791267395074271, -3.169919729611763 ], [ 37.793533325102942, -3.172295331963937 ], [ 37.804512023810901, -3.165795326293221 ], [ 37.822177886999953, -3.173634290290238 ], [ 37.832748413108845, -3.185421943567803 ], [ 37.847766876340302, -3.182409763299916 ], [ 37.85297012257314, -3.177728176014455 ], [ 37.854148864878255, -3.078538656034084 ], [ 37.870773315835891, -3.077435017012363 ], [ 37.895122527682531, -2.885884523052255 ], [ 37.918308257819888, -2.868475675312141 ], [ 37.939403533646214, -2.776978492963053 ], [ 37.929988861197046, -2.767422676415322 ], [ 37.927875519139945, -2.760469913355792 ], [ 37.924301146580717, -2.740936994646518 ], [ 37.930351257404652, -2.723605155853193 ], [ 37.921546935942388, -2.704347372133498 ], [ 37.900913238954843, -2.702421666426744 ], [ 37.890735626647881, -2.67353487033796 ], [ 37.878082275176894, -2.659229279007945 ], [ 37.849468230874209, -2.603931904433807 ], [ 37.597335815595443, -2.310905219400297 ], [ 37.605834961114624, -2.308011770326914 ], [ 37.605663299421792, -2.304198741978325 ], [ 37.61199188261935, -2.297065496675259 ], [ 37.616859436214042, -2.296218872203156 ], [ 37.622669220308296, -2.304247379113235 ], [ 37.622673034333104, -2.301638841559225 ], [ 37.630905151351726, -2.300277710447915 ], [ 37.630886077630407, -2.294528962441632 ], [ 37.644992827956685, -2.29873585697419 ], [ 37.653785706445262, -2.287200212619666 ], [ 37.663810729881334, -2.289398670112462 ], [ 37.668861389041922, -2.287276268285098 ], [ 37.666866302437938, -2.280156850957837 ], [ 37.67117691038618, -2.279005288862948 ], [ 37.677570342797139, -2.263034343759898 ], [ 37.675258636377009, -2.259312868194286 ], [ 37.67823028599895, -2.242485284668078 ], [ 37.674869536599886, -2.238192796260478 ], [ 37.674232482942784, -2.228189468069445 ], [ 37.68417739836832, -2.223021268416744 ], [ 37.686500549560776, -2.215939999431384 ], [ 37.703460693156501, -2.196104764623158 ], [ 37.713302611926053, -2.190299033773329 ], [ 37.723903655629272, -2.191460132279246 ], [ 37.72318267813813, -2.187215089404788 ], [ 37.706947326957618, -2.180426359089154 ], [ 37.704048156397334, -2.170164107987148 ], [ 37.698360442680325, -2.163583040125161 ], [ 37.691333770637073, -2.164586781554704 ], [ 37.664337157933517, -2.154157400443637 ], [ 37.621280669767145, -2.160348176926789 ], [ 37.593952179349628, -2.152763128415586 ], [ 37.563724516573245, -2.125490188221534 ], [ 37.549224853344356, -2.126215219856476 ], [ 37.541526794226229, -2.121641874073191 ], [ 37.543312072594119, -2.113833665990853 ], [ 37.535167694333666, -2.105690955972818 ], [ 37.451957702585958, -2.073788880552343 ], [ 37.360488892048807, -2.01277375220684 ], [ 37.314086914179825, -2.008144616980417 ], [ 37.309066772613505, -2.003571272096508 ], [ 37.29925155741347, -2.005802154645664 ], [ 37.280368805376099, -1.994837283913455 ], [ 37.275505065806215, -1.976195217435304 ], [ 37.264324187811098, -1.958566308288425 ], [ 37.257213592833068, -1.95760834235108 ], [ 37.246196746682585, -1.94990837577086 ], [ 37.235862732379246, -1.936774134318796 ], [ 37.221366882275845, -1.93332946288433 ], [ 37.186164856123241, -1.934489965139733 ], [ 37.181743621670876, -1.928705811723773 ], [ 37.182258605850052, -1.923584699674109 ], [ 37.170322417845341, -1.917321562839788 ], [ 37.157474517834771, -1.892393708302961 ], [ 37.152088165136774, -1.888064503274165 ], [ 37.15304565443347, -1.884565830248846 ], [ 37.159336090188447, -1.882954954707373 ], [ 37.159336090188447, -1.875857114813925 ], [ 37.162963867188751, -1.871125101642065 ], [ 37.161602020217117, -1.85710549382344 ], [ 37.154201507193875, -1.844545722207272 ], [ 37.141868591362481, -1.839159370408595 ], [ 37.148059845385603, -1.832061528716508 ], [ 37.14282608065912, -1.827958822441644 ], [ 37.145393371706803, -1.818998336404036 ], [ 37.141265869324457, -1.81275618075307 ], [ 37.151687622385907, -1.800548792292886 ], [ 37.150779724404799, -1.793274759922213 ], [ 37.1601448064377, -1.779431342782175 ], [ 37.151332855127237, -1.776360631038244 ], [ 37.157375336102916, -1.764807582104197 ], [ 37.148868560735536, -1.760528802961858 ], [ 37.14614868171634, -1.753607035036566 ], [ 37.148616791032111, -1.738958239930753 ], [ 37.143127441678132, -1.736290216720079 ], [ 37.134166717320227, -1.743060826595809 ], [ 37.125205993861584, -1.741802335109639 ], [ 37.110858916805626, -1.733974575766013 ], [ 37.083728789851818, -1.698233365577323 ], [ 37.082065581861173, -1.69954216513878 ], [ 36.979473113593372, -1.557785511392183 ], [ 36.96271133436062, -1.549252867925475 ], [ 36.958179474303336, -1.541148185740155 ], [ 36.961956024351082, -1.528789758840276 ], [ 36.961803436379512, -1.514417767865666 ], [ 36.9727783201634, -1.500675081989414 ], [ 36.968852997068211, -1.492822050796974 ], [ 36.97590255775691, -1.478019118187717 ], [ 36.945301055799121, -1.463621497434133 ], [ 36.948661804298865, -1.457353949425169 ], [ 36.935329437703444, -1.45540273175061 ], [ 36.930286406592415, -1.459171891169774 ], [ 36.921871184907332, -1.458486557408662 ], [ 36.919795990292755, -1.463740349137765 ], [ 36.906604766896521, -1.469470143032652 ], [ 36.888313293024112, -1.487135291260643 ], [ 36.882598876636905, -1.48900759342564 ], [ 36.875980377192718, -1.479379534337966 ], [ 36.890537261585393, -1.410502910380956 ], [ 36.880027770665151, -1.40654957340405 ], [ 36.869281768838619, -1.40762543686435 ], [ 36.868053436117236, -1.403894066957548 ], [ 36.862663269394432, -1.404620529413876 ], [ 36.84770965537632, -1.397023200660158 ], [ 36.842075347899026, -1.386116742693446 ], [ 36.834014892573293, -1.389191031041207 ], [ 36.820568085448826, -1.385156273942869 ], [ 36.8177413939502, -1.381048202312627 ], [ 36.804992675671485, -1.388882517713967 ], [ 36.803642272572858, -1.386356710593645 ], [ 36.800350189109963, -1.389111995921837 ], [ 36.792564392133045, -1.385165333713132 ], [ 36.772445678425356, -1.388600707056924 ], [ 36.759056091565412, -1.384009241733054 ], [ 36.746963500665061, -1.384546279986807 ], [ 36.731739044121639, -1.378420114396704 ], [ 36.700485229709614, -1.352642059683262 ], [ 36.693126678153703, -1.354617952956119 ], [ 36.683723449577599, -1.344334244929428 ], [ 36.683326720851539, -1.337277650642989 ], [ 36.679252624708909, -1.338172078578509 ], [ 36.676071166850932, -1.329922914910526 ], [ 36.67259216289807, -1.331513047589056 ], [ 36.666233063005507, -1.326344847936355 ], [ 36.669212341576383, -1.324257731009425 ], [ 36.659870147289496, -1.322071194929663 ], [ 36.66388702406698, -1.315209150082183 ], [ 36.657638549779278, -1.304788590421083 ], [ 36.488227843839979, -1.271785139572501 ], [ 36.510608672652154, -1.240194797951517 ], [ 36.533729553576109, -1.155906557741389 ], [ 36.489265442046587, -1.122533320955938 ], [ 36.333923339890248, -1.04936659359339 ] ] ] } },
{ "type": "Feature", "properties": { "shapeName": "Nairobi", "shapeISO": "KE-30", "shapeID": "32016919B57908315498598", "shapeGroup": "KEN", "shapeType": "ADM1" }, "geometry": { "type": "Polygon", "coordinates": [ [ [ 36.66388702406698, -1.315209150082183 ], [ 36.659870147289496, -1.322071194929663 ], [ 36.669212341576383, -1.324257731009425 ], [ 36.666233063005507, -1.326344847936355 ], [ 36.67259216289807, -1.331513047589056 ], [ 36.676071166850932, -1.329922914910526 ], [ 36.679252624708909, -1.338172078578509 ], [ 36.683326720851539, -1.337277650642989 ], [ 36.683723449577599, -1.344334244929428 ], [ 36.693126678153703, -1.354617952956119 ], [ 36.700485229709614, -1.352642059683262 ], [ 36.731739044121639, -1.378420114396704 ], [ 36.746963500665061, -1.384546279986807 ], [ 36.759056091565412, -1.384009241733054 ], [ 36.772445678425356, -1.388600707056924 ], [ 36.792564392133045, -1.385165333713132 ], [ 36.800350189109963, -1.389111995921837 ], [ 36.803642272572858, -1.386356710593645 ], [ 36.804992675671485, -1.388882517713967 ], [ 36.817462921576634, -1.3810123202623 ], [ 36.820568085448826, -1.385156273942869 ], [ 36.834014892573293, -1.389191031041207 ], [ 36.842075347899026, -1.386116742693446 ], [ 36.847518920861546, -1.396856666002293 ], [ 36.862419128639942, -1.404521942133897 ], [ 36.868053436117236, -1.403894066957548 ], [ 36.869430541886061, -1.407665609580192 ], [ 36.884433746320383, -1.407635092885187 ], [ 36.891269683848861, -1.410928368849113 ], [ 36.887729644707406, -1.415647626037071 ], [ 36.931911468939177, -1.434270500982791 ], [ 36.944839477859659, -1.433396220559075 ], [ 36.949283600058152, -1.437567948901687 ], [ 36.954528808657642, -1.437452793411637 ], [ 36.958946228185937, -1.44406020601366 ], [ 36.961128235279887, -1.439280509887567 ], [ 36.946029663138518, -1.423696279559579 ], [ 36.941547392598125, -1.404982686401809 ], [ 36.921909332349856, -1.393908500376938 ], [ 36.914943694595877, -1.376724243029344 ], [ 36.904682159354195, -1.36561930198917 ], [ 36.939910889076316, -1.332645892993526 ], [ 36.979087829639695, -1.316661715265923 ], [ 36.982849120890251, -1.311960458908004 ], [ 36.972820281630732, -1.289394617067899 ], [ 36.995071411116783, -1.281559228775336 ], [ 37.002593995416589, -1.300677538437583 ], [ 37.024845123104001, -1.291901945818097 ], [ 37.076335906676832, -1.30312073203612 ], [ 37.072711944600599, -1.296056747121156 ], [ 37.077117920255887, -1.284805059206064 ], [ 37.082794189200513, -1.285129071449433 ], [ 37.087432861737227, -1.277658224247602 ], [ 37.098144531045307, -1.272853851623893 ], [ 37.101955413611506, -1.274700045570626 ], [ 37.10439682025708, -1.265151381331123 ], [ 37.086589812969521, -1.248023867607344 ], [ 37.094112396370065, -1.243949532245097 ], [ 37.087841034336293, -1.232353091022276 ], [ 37.078754424677015, -1.237681150564583 ], [ 37.060424804261345, -1.20575344536519 ], [ 37.042461394977465, -1.209897279435836 ], [ 37.024497985693529, -1.225517869354121 ], [ 37.014183044212189, -1.228158235713977 ], [ 37.011020660075474, -1.234845757225855 ], [ 37.004631042588585, -1.236745834052954 ], [ 36.986148834201401, -1.223099470064426 ], [ 36.975143432823245, -1.224037170678855 ], [ 36.967346191073887, -1.22879982015553 ], [ 36.954513549860508, -1.228898525246677 ], [ 36.920753478690131, -1.217769264739729 ], [ 36.909225464183862, -1.206367254245322 ], [ 36.939228058128435, -1.173962831919084 ], [ 36.916389465401551, -1.161458252596219 ], [ 36.895969390674907, -1.160461426053928 ], [ 36.885044098206606, -1.172102809097339 ], [ 36.896499633651217, -1.192496657794493 ], [ 36.872348785268287, -1.195602059087719 ], [ 36.85920715318764, -1.189288497266261 ], [ 36.856487274168444, -1.201997877400061 ], [ 36.847602843796267, -1.202793954577317 ], [ 36.845485686815039, -1.21148526633192 ], [ 36.826988221429303, -1.206247449260331 ], [ 36.830444335837456, -1.214659213951506 ], [ 36.788047790872895, -1.191094159667671 ], [ 36.781227112141551, -1.202289461889109 ], [ 36.787944793317592, -1.20931494233065 ], [ 36.782001494973088, -1.213429093377897 ], [ 36.773807525397046, -1.229815602607914 ], [ 36.753173828409501, -1.220874309901433 ], [ 36.744541168640069, -1.235500097651311 ], [ 36.726184844654881, -1.23237955537212 ], [ 36.725082397234871, -1.243486404773705 ], [ 36.717536926088314, -1.261457204686224 ], [ 36.690193175974343, -1.258907079897767 ], [ 36.688495636364564, -1.264007449084488 ], [ 36.691471100011313, -1.268257736805083 ], [ 36.684387206804217, -1.274633169285266 ], [ 36.684276581199299, -1.285196422576803 ], [ 36.671897888077126, -1.30805742730837 ], [ 36.668716430219149, -1.306964159268489 ], [ 36.66388702406698, -1.315209150082183 ] ] ] } },
{ "type": "Feature", "properties": { "shapeName": "Makueni", "shapeISO": "KE-23", "shapeID": "32016919B42227953152284", "shapeGroup": "KEN", "shapeType": "ADM1" }, "geometry": { "type": "Polygon", "coordinates": [ [ [ 37.753322601257082, -1.566382050790992 ], [ 37.733943938761797, -1.575441360630236 ], [ 37.730522155972778, -1.580582976323228 ], [ 37.733680725185366, -1.58250331757398 ], [ 37.733928680863983, -1.595078826426629 ], [ 37.718898772860143, -1.608387947345818 ], [ 37.711277007727801, -1.604723572434864 ], [ 37.700614928835932, -1.582907319117453 ], [ 37.696033476563741, -1.587049245726064 ], [ 37.692657471065502, -1.583136319785297 ], [ 37.682216644282732, -1.585865854825272 ], [ 37.684085845585344, -1.612989187401013 ], [ 37.681205749645699, -1.625318765848306 ], [ 37.672031403026892, -1.632260321556544 ], [ 37.667274475037061, -1.641607761588887 ], [ 37.659370422606969, -1.645161390385795 ], [ 37.655250549173559, -1.631596565229245 ], [ 37.649078368871699, -1.628499149915797 ], [ 37.649002074885914, -1.622304439798029 ], [ 37.642162323332627, -1.610136151162408 ], [ 37.640460967899401, -1.586394071629059 ], [ 37.630672453570924, -1.58864796243347 ], [ 37.618995666916533, -1.574643373292986 ], [ 37.616569519068094, -1.565295935059282 ], [ 37.607608795609508, -1.566015005088389 ], [ 37.605728150433833, -1.561230658567979 ], [ 37.598102568578724, -1.560843468051587 ], [ 37.596893309578604, -1.550970554147682 ], [ 37.578769684273539, -1.564756631413388 ], [ 37.57230758682573, -1.564894914768445 ], [ 37.573322296386948, -1.55737268929812 ], [ 37.560947418188846, -1.55930852856568 ], [ 37.554855346796842, -1.556985497882351 ], [ 37.561401367179428, -1.552007556103774 ], [ 37.549125671612501, -1.546255350204206 ], [ 37.552574157971094, -1.539134145024718 ], [ 37.54573059059436, -1.536202669017939 ], [ 37.542564392432837, -1.540281772585672 ], [ 37.520534515055886, -1.537447095107325 ], [ 37.514266967946241, -1.524831652758508 ], [ 37.50463867143759, -1.527597188559355 ], [ 37.487205505130021, -1.516990780400135 ], [ 37.476711273006913, -1.517621278898844 ], [ 37.474193573274817, -1.521446347371011 ], [ 37.464736937559678, -1.518245935401524 ], [ 37.452445984094936, -1.523992300204441 ], [ 37.448211670132537, -1.529607891890635 ], [ 37.442661285589907, -1.531576872074936 ], [ 37.438667296558549, -1.528989196094471 ], [ 37.435497284372218, -1.532671451326394 ], [ 37.419799805116952, -1.530024289689152 ], [ 37.399692535282327, -1.521267891300113 ], [ 37.379840850974517, -1.520232438875894 ], [ 37.33486175526582, -1.561710714877563 ], [ 37.363491058365696, -1.590073942758181 ], [ 37.380355835153694, -1.627631306839305 ], [ 37.385810851989277, -1.631571770021139 ], [ 37.396209716405338, -1.658658028045522 ], [ 37.401016235710756, -1.662041544681472 ], [ 37.408309936254625, -1.683801889845313 ], [ 37.413581848423632, -1.688313364969758 ], [ 37.373382567551516, -1.705160737178232 ], [ 37.36217880270965, -1.702183245560263 ], [ 37.357566833742453, -1.706668139423073 ], [ 37.3458328250249, -1.704118370766139 ], [ 37.319244384920466, -1.708051562029937 ], [ 37.311603546066863, -1.700238703553282 ], [ 37.28684616072178, -1.718270183422192 ], [ 37.301860809029165, -1.753166556091628 ], [ 37.291187286264289, -1.753456355426408 ], [ 37.279506683786508, -1.77054595912864 ], [ 37.263614654192963, -1.758298277443487 ], [ 37.244361876999051, -1.735654711695531 ], [ 37.220504760686197, -1.769576430607742 ], [ 37.206474304345704, -1.775499344019465 ], [ 37.160091400197985, -1.780179499584165 ], [ 37.150779724404799, -1.793274759922213 ], [ 37.151687622385907, -1.800548792292886 ], [ 37.141265869324457, -1.81275618075307 ], [ 37.145393371706803, -1.818998336404036 ], [ 37.14282608065912, -1.827958822441644 ], [ 37.148059845385603, -1.832061528716508 ], [ 37.143077850362545, -1.834779858203831 ], [ 37.142070770649582, -1.839914559908948 ], [ 37.154201507193875, -1.844545722207272 ], [ 37.162406922441562, -1.861585736392556 ], [ 37.159034729169491, -1.883911490722653 ], [ 37.153697967787025, -1.884112835438941 ], [ 37.152088165136774, -1.888064503274165 ], [ 37.157474517834771, -1.892393708302961 ], [ 37.170322417845341, -1.917321562839788 ], [ 37.182258605850052, -1.923584699674109 ], [ 37.181743621670876, -1.928705811723773 ], [ 37.186164856123241, -1.934489965139733 ], [ 37.221366882275845, -1.93332946288433 ], [ 37.234130859351751, -1.936037301780004 ], [ 37.243396758753477, -1.94338738891679 ], [ 37.246196746682585, -1.94990837577086 ], [ 37.257213592833068, -1.95760834235108 ], [ 37.264324187811098, -1.958566308288425 ], [ 37.275505065806215, -1.976195217435304 ], [ 37.279098511187385, -1.993713498279249 ], [ 37.29925155741347, -2.005802154645664 ], [ 37.309066772613505, -2.003571272096508 ], [ 37.314086914179825, -2.008144616980417 ], [ 37.360488892048807, -2.01277375220684 ], [ 37.451957702585958, -2.073788880552343 ], [ 37.535167694333666, -2.105690955972818 ], [ 37.543312072594119, -2.113833665990853 ], [ 37.541526794226229, -2.121641874073191 ], [ 37.549224853344356, -2.126215219856476 ], [ 37.563724516573245, -2.125490188221534 ], [ 37.593952179349628, -2.152763128415586 ], [ 37.621280669767145, -2.160348176926789 ], [ 37.664337157933517, -2.154157400443637 ], [ 37.691333770637073, -2.164586781554704 ], [ 37.698360442680325, -2.163583040125161 ], [ 37.704048156397334, -2.170164107987148 ], [ 37.706947326957618, -2.180426359089154 ], [ 37.72318267813813, -2.187215089404788 ], [ 37.723903655629272, -2.191460132279246 ], [ 37.713302611926053, -2.190299033773329 ], [ 37.703460693156501, -2.196104764623158 ], [ 37.686500549560776, -2.215939999431384 ], [ 37.68417739836832, -2.223021268416744 ], [ 37.674232482942784, -2.228189468069445 ], [ 37.674869536599886, -2.238192796260478 ], [ 37.67823028599895, -2.242485284668078 ], [ 37.675258636377009, -2.259312868194286 ], [ 37.677570342797139, -2.263034343759898 ], [ 37.67117691038618, -2.279005288862948 ], [ 37.666866302437938, -2.280156850957837 ], [ 37.668861389041922, -2.287276268285098 ], [ 37.663810729881334, -2.289398670112462 ], [ 37.653785706445262, -2.287200212619666 ], [ 37.644992827956685, -2.29873585697419 ], [ 37.630886077630407, -2.294528962441632 ], [ 37.630905151351726, -2.300277710447915 ], [ 37.622673034333104, -2.301638841559225 ], [ 37.622669220308296, -2.304247379113235 ], [ 37.616859436214042, -2.296218872203156 ], [ 37.61199188261935, -2.297065496675259 ], [ 37.605663299421792, -2.304198741978325 ], [ 37.605834961114624, -2.308011770326914 ], [ 37.597335815595443, -2.310905219400297 ], [ 37.849468230874209, -2.603931904433807 ], [ 37.878082275176894, -2.659229279007945 ], [ 37.890735626647881, -2.67353487033796 ], [ 37.900913238954843, -2.702421666426744 ], [ 37.921546935942388, -2.704347372133498 ], [ 37.930351257404652, -2.723605155853193 ], [ 37.924301146580717, -2.740936994646518 ], [ 37.927875519139945, -2.760469913355792 ], [ 37.929988861197046, -2.767422676415322 ], [ 37.944118500168713, -2.780791997952292 ], [ 37.973709106590036, -2.78858566309782 ], [ 38.108856201052902, -2.716505766427929 ], [ 38.115474699597769, -2.712040901366436 ], [ 38.116855621190041, -2.705841303433374 ], [ 38.127651214332104, -2.698961734396505 ], [ 38.151039123756618, -2.69921946480639 ], [ 38.156974792252925, -2.694117069447145 ], [ 38.156345368444079, -2.688557147594224 ], [ 38.161544799752733, -2.679865360098233 ], [ 38.167152404559886, -2.694409847336544 ], [ 38.236530304330131, -2.742172003035478 ], [ 38.270610809341406, -2.770015955172141 ], [ 38.294509888020968, -2.804150819704546 ], [ 38.319904327023153, -2.833145618075775 ], [ 38.351226805572651, -2.886917829694028 ], [ 38.381584167675271, -2.918196916854185 ], [ 38.396255492596936, -2.927510500109463 ], [ 38.408557891733381, -2.928301334239109 ], [ 38.42933654774356, -2.95571446435099 ], [ 38.448711395314717, -2.972144843409751 ], [ 38.457454681588331, -2.990288495717436 ], [ 38.469184875381757, -2.984877823552665 ], [ 38.476696014009917, -2.985179184571678 ], [ 38.488014221179412, -2.977536678374975 ], [ 38.492595672552284, -2.983455419831728 ], [ 38.513401031232661, -2.983105898318513 ], [ 38.519084930025542, -2.974830627331528 ], [ 38.510173797882544, -2.965255260421884 ], [ 38.504711151198705, -2.96493554244131 ], [ 38.498783111651335, -2.956302642552885 ], [ 38.49255752600908, -2.955298661903669 ], [ 38.493251800830024, -2.949655056335757 ], [ 38.488662719608897, -2.944055795438544 ], [ 38.487705230312201, -2.93647861509595 ], [ 38.475688934296954, -2.93644905078304 ], [ 38.472667694258746, -2.923465967380423 ], [ 38.460742950127099, -2.902154922611544 ], [ 38.460659027192378, -2.896213770049428 ], [ 38.450359345407492, -2.892488479559631 ], [ 38.454242706136029, -2.881409168298433 ], [ 38.451030731583046, -2.878479242722847 ], [ 38.44343948404503, -2.879765748990053 ], [ 38.445446015421339, -2.869296073754754 ], [ 38.437778472998161, -2.863697052077271 ], [ 38.439037323313869, -2.855852127373737 ], [ 38.432262420973984, -2.855487823704038 ], [ 38.42737579365803, -2.84993314759663 ], [ 38.431034088252602, -2.839642048042037 ], [ 38.42632293665423, -2.81901502582275 ], [ 38.417835235907489, -2.811676026427449 ], [ 38.422008514681238, -2.796216964641133 ], [ 38.430507660200419, -2.791391134193418 ], [ 38.431438445927597, -2.787234545038189 ], [ 38.391368866180301, -2.698432922241523 ], [ 38.385974883634049, -2.677178382776106 ], [ 38.381000517559869, -2.669552326078929 ], [ 38.381755827569464, -2.662395953810176 ], [ 38.366252899551739, -2.648452282047117 ], [ 38.367027282383219, -2.64137339626518 ], [ 38.361549377801623, -2.637001275588375 ], [ 38.361377716108791, -2.62880992933475 ], [ 38.346599578707639, -2.588323354639044 ], [ 38.337760925626242, -2.584563970850525 ], [ 38.330554962041901, -2.563749552399884 ], [ 38.337432861037769, -2.555623769421402 ], [ 38.321907042576015, -2.548425913225287 ], [ 38.32284164412664, -2.540960311768913 ], [ 38.318244933956578, -2.536314248603617 ], [ 38.320610046616423, -2.529021263020809 ], [ 38.316101074305209, -2.523217439633072 ], [ 38.316471098562374, -2.515777110924887 ], [ 38.31076812784687, -2.511337280291229 ], [ 38.311557768576222, -2.502518176672481 ], [ 38.301391601940907, -2.498703718401828 ], [ 38.295284270852449, -2.486465216096803 ], [ 38.287109374997726, -2.482079982405196 ], [ 38.27346420261091, -2.423170566268595 ], [ 38.251918792718186, -2.419909000400025 ], [ 38.244915008420946, -2.408666372255254 ], [ 38.236072540415478, -2.408727169123495 ], [ 38.23179626498569, -2.40068554919867 ], [ 38.222202300995434, -2.398778199554215 ], [ 38.210807800739474, -2.354160547671086 ], [ 38.197498321890123, -2.352635859557211 ], [ 38.184513091805798, -2.337828159641788 ], [ 38.173171996890176, -2.338162184037515 ], [ 38.151817322411546, -2.327533006842771 ], [ 38.145984649671902, -2.320820808833219 ], [ 38.123260498373327, -2.317715644961027 ], [ 38.116062164637242, -2.311951875578529 ], [ 38.114006042844665, -2.301157951578148 ], [ 38.107589721788258, -2.298568964386163 ], [ 38.110496521297478, -2.284576892909229 ], [ 38.099586486727048, -2.278808355321303 ], [ 38.096546172967578, -2.270408392433296 ], [ 38.085971831934557, -2.270128250018672 ], [ 38.081256866311378, -2.259041786449245 ], [ 38.073722839037828, -2.259425639581536 ], [ 38.075023650820867, -2.254052877438312 ], [ 38.069805144891575, -2.247894525112201 ], [ 38.067131042263838, -2.223912477678653 ], [ 38.06177520716011, -2.220434427007149 ], [ 38.068077087687527, -2.212600707856325 ], [ 38.05758666958917, -2.205010891139693 ], [ 38.05251693760664, -2.185116291183817 ], [ 38.046195984257338, -2.178829908673322 ], [ 38.047573090026162, -2.167597293580172 ], [ 38.026283263861615, -2.160902976790908 ], [ 38.019458771105462, -2.146052122007802 ], [ 37.97515487559707, -2.161152601611207 ], [ 37.969097137622839, -2.166177988023662 ], [ 37.962802886943734, -2.165331363551559 ], [ 37.960823059136942, -2.141446828708126 ], [ 37.952011108725742, -2.130902766949077 ], [ 37.958374024441753, -2.070993423407742 ], [ 37.951919555942823, -2.056483745328535 ], [ 37.953063964830164, -2.047224759914684 ], [ 37.948371886953055, -2.034920215895227 ], [ 37.941776275254938, -2.035791158934785 ], [ 37.936405182253395, -2.031812667920235 ], [ 37.941276549872953, -2.021590710043199 ], [ 37.936557769325645, -2.017973900275251 ], [ 37.938526153259431, -2.009988308113861 ], [ 37.933738708574595, -2.005829095636216 ], [ 37.935050964230641, -2.000537157363851 ], [ 37.926837920933338, -1.995598435019701 ], [ 37.928619384377157, -1.99076330558205 ], [ 37.923912048602233, -1.985578297600284 ], [ 37.91246032718243, -1.954309225290444 ], [ 37.913669586182493, -1.941967009569794 ], [ 37.907688141294727, -1.933219313920176 ], [ 37.909408570449216, -1.920558929750769 ], [ 37.916660308626376, -1.909139156746619 ], [ 37.916976928442523, -1.903413415196894 ], [ 37.904953002579077, -1.903477072808641 ], [ 37.905845641762994, -1.892788886597771 ], [ 37.897766113615319, -1.869345069019687 ], [ 37.900054931390002, -1.863237501409515 ], [ 37.886951446751937, -1.859515785724909 ], [ 37.883514404266407, -1.852390408590452 ], [ 37.885677337639095, -1.844501495347686 ], [ 37.891468048012086, -1.841956735015287 ], [ 37.890575408828113, -1.83801233729946 ], [ 37.878677368265983, -1.831045984584478 ], [ 37.84642410308993, -1.797041177308415 ], [ 37.837707518587138, -1.779195904767164 ], [ 37.840316772900792, -1.767871498570742 ], [ 37.851131438864854, -1.767807960568859 ], [ 37.854949951279252, -1.754352331095163 ], [ 37.849349975421092, -1.730081439406831 ], [ 37.844261169717242, -1.723146795887885 ], [ 37.844387054119295, -1.713381171104118 ], [ 37.834335327113706, -1.709691286023997 ], [ 37.836818695226668, -1.690668940319313 ], [ 37.832107543628297, -1.688983082902894 ], [ 37.83058166481203, -1.681921243770319 ], [ 37.823776244877877, -1.683320880254371 ], [ 37.81989288325002, -1.680648803799215 ], [ 37.819957733362742, -1.665380120396208 ], [ 37.804115295084841, -1.653960347392058 ], [ 37.805324554084962, -1.649507045813493 ], [ 37.800491333008665, -1.648743510604504 ], [ 37.803352356126368, -1.64257240319381 ], [ 37.783123015914498, -1.610190034042773 ], [ 37.771797179796067, -1.583565115637555 ], [ 37.760284424086933, -1.577012300876959 ], [ 37.753322601257082, -1.566382050790992 ] ] ] } },
{ "type": "Feature", "properties": { "shapeName": "Lamu", "shapeISO": "KE-21", "shapeID": "32016919B38538724963648", "shapeGroup": "KEN", "shapeType": "ADM1" }, "geometry": { "type": "MultiPolygon", "coordinates": [ [ [ [ 40.207935333348985, -2.032892942555179 ], [ 40.249511719090606, -2.248779297026886 ], [ 40.249511719090606, -2.398071289258553 ], [ 40.440673828234651, -2.397521972560924 ], [ 40.66366327720182, -2.467885091554116 ], [ 40.730712890787345, -2.455993652684867 ], [ 40.744689941787442, -2.449279786432953 ], [ 40.767272948987454, -2.450073242086432 ], [ 40.770080566764818, -2.435729980853864 ], [ 40.776123046841178, -2.425720214416287 ], [ 40.82232666034713, -2.389221191404829 ], [ 40.823120116899929, -2.3696289066487 ], [ 40.815673828384547, -2.355407714894056 ], [ 40.801513671818554, -2.351196288677727 ], [ 40.794677734290076, -2.339904785077749 ], [ 40.796081542729041, -2.350891113633963 ], [ 40.786926269831554, -2.34600830034276 ], [ 40.79052734416166, -2.359985351342857 ], [ 40.785278320638042, -2.36242675798843 ], [ 40.786315917945331, -2.37091064471042 ], [ 40.777282715425031, -2.382385253876294 ], [ 40.774902343968051, -2.380187987985209 ], [ 40.77087402331756, -2.381896972367315 ], [ 40.772277831756583, -2.394470214928447 ], [ 40.767700195307839, -2.389709472913808 ], [ 40.759094238208604, -2.395202636292595 ], [ 40.768310547194062, -2.386718749570605 ], [ 40.768493652759901, -2.380310058362454 ], [ 40.777709960846096, -2.374511719040527 ], [ 40.769104003746804, -2.37567138672506 ], [ 40.766296386868817, -2.370178222446953 ], [ 40.775878906086689, -2.369689941837294 ], [ 40.781127929610307, -2.36059570322908 ], [ 40.778930663719223, -2.359069824412813 ], [ 40.778503418298158, -2.362792969120164 ], [ 40.775329590288436, -2.358581542903835 ], [ 40.772705078076967, -2.360717773606325 ], [ 40.771484375203784, -2.351501464620867 ], [ 40.768920898180966, -2.349121094063207 ], [ 40.766479492434655, -2.352478027638824 ], [ 40.763671874657348, -2.350402832124928 ], [ 40.765686034982593, -2.342590331578492 ], [ 40.759094238208604, -2.328369140723225 ], [ 40.758728027076813, -2.317321776978361 ], [ 40.729492187914218, -2.306884766019095 ], [ 40.726928710891343, -2.303588867632072 ], [ 40.723693847692971, -2.307006834597701 ], [ 40.727478027588973, -2.309387206954 ], [ 40.72607421914995, -2.31121826171335 ], [ 40.710510254144992, -2.305908203001138 ], [ 40.704101562936842, -2.308898925445021 ], [ 40.701293945159478, -2.305114746448339 ], [ 40.703674316616457, -2.303527832443478 ], [ 40.703491211050618, -2.293884277137636 ], [ 40.690917967590167, -2.288879394368507 ], [ 40.704284667603361, -2.278686523264412 ], [ 40.706115722362767, -2.2833862300904 ], [ 40.71569824158064, -2.285583495981484 ], [ 40.707702636367628, -2.278015137088858 ], [ 40.705688476941702, -2.269897460599282 ], [ 40.712890624702595, -2.270324706919666 ], [ 40.714477538707513, -2.276306152706752 ], [ 40.720520019683192, -2.278015137088858 ], [ 40.725097656131993, -2.271484374604142 ], [ 40.729919433335226, -2.275817871197773 ], [ 40.725708008018216, -2.27917480477339 ], [ 40.725708008018216, -2.28552246079289 ], [ 40.729125976782427, -2.284118652353868 ], [ 40.744323730655708, -2.295410155953903 ], [ 40.748291015218228, -2.2940063484142 ], [ 40.754089355439476, -2.305908203001138 ], [ 40.755676269444336, -2.303771972298648 ], [ 40.75811767608991, -2.307189941062859 ], [ 40.755493163878441, -2.295715331896986 ], [ 40.75390624987358, -2.298706054340869 ], [ 40.748718262437933, -2.28759765630673 ], [ 40.740722656325602, -2.286376953433603 ], [ 40.737670898693068, -2.282104492028623 ], [ 40.739501952553098, -2.27252197281075 ], [ 40.7432861324491, -2.276611327750516 ], [ 40.741271973023174, -2.27252197281075 ], [ 40.7432861324491, -2.27038574210826 ], [ 40.756103515764721, -2.275390624877389 ], [ 40.742309570330463, -2.26641845664642 ], [ 40.738708496000356, -2.267211914098482 ], [ 40.734313965117451, -2.256225586441587 ], [ 40.72448730424577, -2.266723632589503 ], [ 40.719482420577322, -2.261169434022122 ], [ 40.704711913923745, -2.261169434022122 ], [ 40.699523925588721, -2.252990722343895 ], [ 40.705871581608278, -2.258422851433409 ], [ 40.71569824158064, -2.257324218937526 ], [ 40.72210693368811, -2.246093749626823 ], [ 40.725097656131993, -2.250183104566588 ], [ 40.725891113584055, -2.239929199173162 ], [ 40.713500976588875, -2.218383789280381 ], [ 40.701293945159478, -2.205627441153467 ], [ 40.695495605837607, -2.204711914223424 ], [ 40.705688476941702, -2.202697753898178 ], [ 40.70452880835785, -2.207275390346922 ], [ 40.719482420577322, -2.216918945652765 ], [ 40.724304199579194, -2.226928711191022 ], [ 40.727294922023077, -2.226196288927554 ], [ 40.72631835900512, -2.219421386587669 ], [ 40.730712890787345, -2.237182616584448 ], [ 40.737915039447557, -2.236816406352034 ], [ 40.737121581995439, -2.24041748068214 ], [ 40.743896484335323, -2.244873046753639 ], [ 40.74572753909473, -2.227111816756917 ], [ 40.748291015218228, -2.229675292880415 ], [ 40.748718262437933, -2.245971679249578 ], [ 40.75787353533542, -2.252624512111481 ], [ 40.762878418104549, -2.252380371356992 ], [ 40.762878418104549, -2.246398925569906 ], [ 40.767089843421616, -2.245910644960247 ], [ 40.768676757426476, -2.238525390734139 ], [ 40.774719238402156, -2.237487793426851 ], [ 40.770690917751722, -2.240478515870791 ], [ 40.77111816407205, -2.250183104566588 ], [ 40.774108887415252, -2.25097656291797 ], [ 40.777709960846096, -2.244689941187801 ], [ 40.780883788855817, -2.260375976570003 ], [ 40.799499510593989, -2.245178222696779 ], [ 40.795104980610404, -2.238891601865873 ], [ 40.789672852420267, -2.239196776909694 ], [ 40.795288086176299, -2.232299805091884 ], [ 40.800109863379532, -2.232421874569809 ], [ 40.801330566252659, -2.237487793426851 ], [ 40.819702148135661, -2.228027343686904 ], [ 40.828918457121176, -2.226684570436532 ], [ 40.841308594116356, -2.231079101319438 ], [ 40.827880859813888, -2.243286132748779 ], [ 40.849670409561782, -2.233276367210522 ], [ 40.855285644217133, -2.23406982466264 ], [ 40.84832763631141, -2.237487793426851 ], [ 40.849487304895263, -2.239685058418672 ], [ 40.876525879066094, -2.232604980135704 ], [ 40.86108398443838, -2.231994629148744 ], [ 40.867492675646531, -2.223388672049509 ], [ 40.876525879066094, -2.226196288927554 ], [ 40.87408447242052, -2.222412109031552 ], [ 40.878479004202745, -2.22131347743499 ], [ 40.859680175999358, -2.211669922129147 ], [ 40.882324218388021, -2.21282958981368 ], [ 40.879272460755487, -2.211303710997413 ], [ 40.87829589863685, -2.203125000218563 ], [ 40.868896484085496, -2.200988770415393 ], [ 40.88067626919451, -2.195800781181049 ], [ 40.882324218388021, -2.186401368428335 ], [ 40.886718750170246, -2.185974121208687 ], [ 40.88891601606133, -2.1895141603502 ], [ 40.889099120727906, -2.197082519242826 ], [ 40.885070800976735, -2.198913574002177 ], [ 40.886718750170246, -2.202880858564697 ], [ 40.891479492184885, -2.198913574002177 ], [ 40.896728515708503, -2.202392577955038 ], [ 40.899291991832001, -2.198181152638028 ], [ 40.902709960596269, -2.202697753898178 ], [ 40.900512695604448, -2.209106445106329 ], [ 40.903076171728003, -2.212097168449532 ], [ 40.925903320581824, -2.22100830059253 ], [ 40.919311523807835, -2.210083008124286 ], [ 40.915283203157344, -2.182983398764804 ], [ 40.918273925601227, -2.158325195151576 ], [ 40.910522461142705, -2.127502441084744 ], [ 40.912292480713461, -2.089416504068367 ], [ 40.904113769934611, -2.07727050782762 ], [ 40.895690918401215, -2.083374023092631 ], [ 40.899475097397897, -2.075927734577249 ], [ 40.897888183392979, -2.070190430443972 ], [ 40.894897460949096, -2.073181151988535 ], [ 40.889282226293744, -2.070373535110491 ], [ 40.88311767584014, -2.076416015186908 ], [ 40.876098632745766, -2.074096679817899 ], [ 40.884887695410839, -2.067626953421097 ], [ 40.884277344423936, -2.061889648388501 ], [ 40.868530273853082, -2.076599120752746 ], [ 40.868530273853082, -2.070983886996714 ], [ 40.855285644217133, -2.072204589869898 ], [ 40.850524902202551, -2.069824218412919 ], [ 40.873291015867721, -2.064208984656887 ], [ 40.880493163628671, -2.05419921911863 ], [ 40.885070800976735, -2.054077148741385 ], [ 40.894104002597714, -2.061218261313684 ], [ 40.890319825399672, -2.050170897568819 ], [ 40.881530761835222, -2.04541015555418 ], [ 40.875305176192967, -2.046691895414597 ], [ 40.874877929872639, -2.044189452681053 ], [ 40.883911132392882, -2.037719726284308 ], [ 40.877319335618893, -2.032592773137935 ], [ 40.884887695410839, -2.03430175841936 ], [ 40.887512206722988, -2.032104493427596 ], [ 40.887512206722988, -2.036804199354265 ], [ 40.90008544928412, -2.046203613006298 ], [ 40.903076171728003, -2.010620116924827 ], [ 40.892517088592797, -2.008605956599581 ], [ 40.889526367048234, -2.014099120877688 ], [ 40.886718750170246, -2.012573242061421 ], [ 40.879272460755487, -2.016906738654995 ], [ 40.872680663981498, -2.011474609565539 ], [ 40.866699219093732, -2.011291503999644 ], [ 40.859130859301786, -2.020507812085839 ], [ 40.848083495556921, -2.01519775427289 ], [ 40.839904784778071, -2.018798827703677 ], [ 40.828674316366687, -2.01757812483055 ], [ 40.832885742583017, -2.010498047446902 ], [ 40.858520507415562, -2.009277343674398 ], [ 40.86291503919773, -2.003112793220794 ], [ 40.871276856441796, -2.004516601659816 ], [ 40.872070312095275, -2.000488281009325 ], [ 40.863525390184634, -1.992187499853173 ], [ 40.853271484791264, -1.991394043300431 ], [ 40.855529784971679, -1.987426757838534 ], [ 40.843322754441601, -1.9788208007393 ], [ 40.839111328225272, -1.977416992300334 ], [ 40.834472656587877, -1.981079101819034 ], [ 40.822692870579544, -1.97430419857983 ], [ 40.813720703247895, -1.974670409711564 ], [ 40.818725586017024, -1.968627929635204 ], [ 40.80108642459885, -1.963012694979852 ], [ 40.794494628724181, -1.955322265709924 ], [ 40.789672852420267, -1.956481933394457 ], [ 40.792114258166521, -1.952514648831936 ], [ 40.785278320638042, -1.947998046672467 ], [ 40.768920898180966, -1.94250488239436 ], [ 40.773681640195605, -1.9337768558172 ], [ 40.774719238402156, -1.940002440560136 ], [ 40.777893066411934, -1.938171386700105 ], [ 40.78228759729484, -1.942626952771604 ], [ 40.786315917945331, -1.937377929247987 ], [ 40.787292480063968, -1.943298339846478 ], [ 40.8035278321438, -1.943969726921296 ], [ 40.804870605394171, -1.949707031054572 ], [ 40.8098754881633, -1.952209472888796 ], [ 40.815917969139036, -1.945678711303458 ], [ 40.816711425691778, -1.949890136620468 ], [ 40.812683105041344, -1.953002929441595 ], [ 40.818481445262535, -1.952697752599136 ], [ 40.814086914379629, -1.955078124955435 ], [ 40.825073242036524, -1.956604003771702 ], [ 40.832275390696793, -1.954284668402693 ], [ 40.834472656587877, -1.956970214903436 ], [ 40.831726073999164, -1.958374023342458 ], [ 40.84228515623505, -1.959594726215585 ], [ 40.845520019433422, -1.958923340040087 ], [ 40.844726562880624, -1.955200195332679 ], [ 40.836120605781389, -1.9401245118367 ], [ 40.840881347796028, -1.930480957430177 ], [ 40.840270995909805, -1.940185547025351 ], [ 40.851074218900123, -1.945800781680703 ], [ 40.850524902202551, -1.951721191379818 ], [ 40.855712891436838, -1.957824706644828 ], [ 40.85229492177325, -1.967407226762077 ], [ 40.864074706882263, -1.971191406658022 ], [ 40.873474121433617, -1.950317382940796 ], [ 40.871704101862861, -1.959411620649746 ], [ 40.876281738311604, -1.96557617200267 ], [ 40.87408447242052, -1.971008301092184 ], [ 40.880126953396257, -1.969909667696982 ], [ 40.874877929872639, -1.97430419857983 ], [ 40.873901366854625, -1.982421875069406 ], [ 40.878723144957235, -1.988525390334473 ], [ 40.884277344423936, -1.991210937734536 ], [ 40.894470214628768, -1.988403319957229 ], [ 40.886474609415757, -1.991699218344195 ], [ 40.892272949636947, -1.992492675796314 ], [ 40.896301269388118, -1.989379882975186 ], [ 40.895080567414311, -1.984191894640162 ], [ 40.902709960596269, -1.982788086201197 ], [ 40.89770507782714, -1.990478514571748 ], [ 40.915527343911833, -1.99157714886627 ], [ 40.920715332246857, -1.998596191061324 ], [ 40.921081543378591, -2.007507324103699 ], [ 40.925292968695601, -2.010192872403081 ], [ 40.93670654267288, -2.008605956599581 ], [ 40.934082031360731, -2.019287109212655 ], [ 40.926513671568728, -2.018798827703677 ], [ 40.931274413583367, -2.024780272591443 ], [ 40.926513671568728, -2.021911621424124 ], [ 40.919494627575034, -2.030212402580275 ], [ 40.925292968695601, -2.030883788755773 ], [ 40.922912597238621, -2.033203125024158 ], [ 40.943298339446869, -2.051696777284405 ], [ 40.942687987560646, -2.057983398115312 ], [ 40.938476562243579, -2.05761718788284 ], [ 40.936889648238719, -2.061706542822662 ], [ 40.945678710903849, -2.076293945708983 ], [ 40.953491210550965, -2.074523926138227 ], [ 40.94909667966806, -2.070007323978757 ], [ 40.952087402111943, -2.063903808713746 ], [ 40.952880859564061, -2.067810058986993 ], [ 40.958496093320093, -2.070495604588416 ], [ 40.962280273216095, -2.064208984656887 ], [ 40.95788574233319, -2.054504394162393 ], [ 40.957519531201456, -2.046325683383543 ], [ 40.960693359211234, -2.041809082123393 ], [ 40.957092284881071, -2.041625976557498 ], [ 40.956298828328329, -2.030273437768869 ], [ 40.949523925988444, -2.026672363438763 ], [ 40.952880859564061, -2.025390625376986 ], [ 40.952514648432327, -2.016296386768772 ], [ 40.955871582007944, -2.00909423810856 ], [ 40.961486816663296, -2.00402832015078 ], [ 40.959289550772212, -1.994079589801174 ], [ 40.962890625102318, -2.00030517544343 ], [ 40.962524413970584, -1.99188232391009 ], [ 40.969726562630797, -1.983520507565345 ], [ 40.965515136414467, -1.974182129101905 ], [ 40.971923829421257, -1.960388183667703 ], [ 40.964721679861668, -1.958496093719702 ], [ 40.964477539107179, -1.945678711303458 ], [ 40.960876464777073, -1.945312500171724 ], [ 40.961486816663296, -1.9428100583375 ], [ 40.973693848092694, -1.928527832293582 ], [ 40.97967529298046, -1.92767333965287 ], [ 40.974914550965821, -1.919982910382942 ], [ 40.983703613630894, -1.926818847911477 ], [ 40.991882324409801, -1.918823241799146 ], [ 40.984680175749588, -1.915405273034878 ], [ 40.980285644866683, -1.904174804623494 ], [ 40.986083984188554, -1.911193847717868 ], [ 40.993530273603312, -1.911499023660951 ], [ 40.990112304839045, -1.908691405883644 ], [ 40.99450683572195, -1.908996581826727 ], [ 41.001281738061834, -1.903320312882101 ], [ 40.996520996047195, -1.901123046990961 ], [ 41.000122070377301, -1.900817871047877 ], [ 40.999328612925183, -1.896484375353566 ], [ 41.00329589838708, -1.894470215028377 ], [ 41.003112792821184, -1.885986328306331 ], [ 41.007690429269928, -1.895690917901504 ], [ 41.011108398034196, -1.890380859189236 ], [ 41.012084961052153, -1.893310546444525 ], [ 41.019470215278261, -1.892089843571398 ], [ 41.037292479564314, -1.875793457202235 ], [ 41.0369262693319, -1.869812011415149 ], [ 41.040527343662006, -1.86560058609814 ], [ 41.045288085676646, -1.865783691663978 ], [ 41.046874999681563, -1.873413085745256 ], [ 41.051086425897893, -1.875488281259152 ], [ 41.050476074011669, -1.883483885572787 ], [ 41.046325683883254, -1.883911132792491 ], [ 41.04809570255469, -1.889587402636494 ], [ 41.044128417992169, -1.888183594197471 ], [ 41.027526855679923, -1.900817871047877 ], [ 41.024902342569135, -1.908508301217068 ], [ 41.021118163572453, -1.904602050943822 ], [ 41.012512207372538, -1.907592773387762 ], [ 41.010498047047292, -1.912780761722729 ], [ 41.013488768591856, -1.91918945293088 ], [ 41.008483886722047, -1.917175292605634 ], [ 41.007080078283025, -1.923400879147209 ], [ 41.003906250273303, -1.919128417742229 ], [ 40.987304687061737, -1.942321777727784 ], [ 40.988281250079694, -1.945312500171724 ], [ 40.983093261744671, -1.946411132667606 ], [ 40.989074706632437, -1.956604003771702 ], [ 40.991516113278067, -1.955322265709924 ], [ 40.993896484735046, -1.958801269662843 ], [ 40.989929199273206, -1.960083007724563 ], [ 40.989074706632437, -1.973571777215682 ], [ 40.992919921717089, -1.978088377576512 ], [ 40.992309570730185, -1.983825684407748 ], [ 40.987670898193471, -1.982788086201197 ], [ 40.983520508065055, -1.993591308292196 ], [ 40.989685059418036, -2.002929687654898 ], [ 40.99029541040494, -2.010009765937923 ], [ 40.988708496400022, -2.012878418004561 ], [ 40.986083984188554, -2.010192872403081 ], [ 40.982727050612937, -2.016174316391528 ], [ 40.989318847386926, -2.021789551046879 ], [ 40.992309570730185, -2.035705565959063 ], [ 40.994079589401565, -2.032226562905521 ], [ 41.005676269844002, -2.028076171877785 ], [ 41.009277344174166, -2.030212402580275 ], [ 41.01092529336762, -2.033569336155892 ], [ 41.006896972717186, -2.040283203307126 ], [ 41.012878417604952, -2.044372558246891 ], [ 41.01147460916593, -2.0473022464015 ], [ 41.020507812585549, -2.041320800614415 ], [ 41.021301269138291, -2.035278321437318 ], [ 41.028686523364399, -2.041625976557498 ], [ 41.03112793001003, -2.040588379250266 ], [ 41.0369262693319, -2.025878905986701 ], [ 41.042724609553147, -2.02130127043722 ], [ 41.041687011346539, -2.015869140448444 ], [ 41.044677734689742, -2.011901855885867 ], [ 41.049682616559551, -2.011901855885867 ], [ 41.052917480657243, -2.004211425716676 ], [ 41.057678222671882, -2.004394531282571 ], [ 41.059875488563023, -2.013488769890785 ], [ 41.059509277431289, -2.00219726539143 ], [ 41.063903808314137, -2.001525879215933 ], [ 41.059692382997127, -1.99822998082891 ], [ 41.063476562893129, -1.994384765744314 ], [ 41.060913085870254, -1.986877441140962 ], [ 41.06689453165734, -1.987182617084045 ], [ 41.066101074205278, -1.9788208007393 ], [ 41.070312500421608, -1.981384277762174 ], [ 41.077270507428011, -1.974792480088865 ], [ 41.089294433291514, -1.970886230714939 ], [ 41.092529295590566, -1.966186522989574 ], [ 41.096130370819992, -1.968811035201043 ], [ 41.096313476385887, -1.966369628555469 ], [ 41.103881836177834, -1.966003418323055 ], [ 41.104125976932323, -1.961486816163585 ], [ 41.109130859701452, -1.963500975589511 ], [ 41.113098144263972, -1.960083007724563 ], [ 41.1188964835859, -1.971984863210821 ], [ 41.1188964835859, -1.96398925799781 ], [ 41.122497558815326, -1.959411620649746 ], [ 41.126281738711327, -1.96557617200267 ], [ 41.128295898137253, -1.95947265583834 ], [ 41.134521484678828, -1.961120605031851 ], [ 41.149108886665829, -1.947875976295222 ], [ 41.147888183792702, -1.953308105384735 ], [ 41.164306641438429, -1.938171386700105 ], [ 41.164672851670844, -1.934814453124488 ], [ 41.160278319888619, -1.93402099567237 ], [ 41.162475585779703, -1.930786131574678 ], [ 41.172302245752064, -1.928222656350442 ], [ 41.172119140186226, -1.922180175374763 ], [ 41.177490234087088, -1.925476074661049 ], [ 41.179077148091949, -1.917480469448037 ], [ 41.183288574308335, -1.91918945293088 ], [ 41.196716308610803, -1.908386230839824 ], [ 41.201721191379931, -1.897888183792588 ], [ 41.209289551171878, -1.898010254169833 ], [ 41.22552490235239, -1.886901855236374 ], [ 41.2197265621312, -1.894592285405622 ], [ 41.224487305045159, -1.896301269787728 ], [ 41.218078612937688, -1.904724121321067 ], [ 41.218505859258073, -1.909790039278846 ], [ 41.226928710791412, -1.90167236368859 ], [ 41.235900879022381, -1.899902344117834 ], [ 41.235290527136158, -1.910888671774728 ], [ 41.240478514571862, -1.906921386312888 ], [ 41.238098144913522, -1.918395996378081 ], [ 41.244506836121616, -1.916320800864241 ], [ 41.243530273103659, -1.911193847717868 ], [ 41.25152587921599, -1.907897949330845 ], [ 41.248107909552459, -1.912780761722729 ], [ 41.251281737562181, -1.913818359030017 ], [ 41.251892089448404, -1.92712402385456 ], [ 41.242675781362266, -1.932922363176488 ], [ 41.243286133248489, -1.938171386700105 ], [ 41.239929198773552, -1.935791015243126 ], [ 41.236328125342766, -1.937805175568371 ], [ 41.236328125342766, -1.943725586166806 ], [ 41.241516113677733, -1.943786621355457 ], [ 41.236083984588277, -1.949401855111489 ], [ 41.248474120684193, -1.951721191379818 ], [ 41.246520996446861, -1.946105956724466 ], [ 41.252685546900523, -1.943603515789562 ], [ 41.24969482355732, -1.937072754204223 ], [ 41.255676269344406, -1.939086913630092 ], [ 41.256713867551014, -1.934326171615453 ], [ 41.262329101307046, -1.932006836246444 ], [ 41.260925292868023, -1.935180664256222 ], [ 41.264709472764025, -1.938476562643189 ], [ 41.267700195207908, -1.934204101238208 ], [ 41.268920898081035, -1.937499999625231 ], [ 41.280090332203144, -1.938415526555275 ], [ 41.282470702760804, -1.953796386893714 ], [ 41.274902343868121, -1.962707519936032 ], [ 41.27728271442578, -1.981689452805938 ], [ 41.294677734190145, -1.968078612937575 ], [ 41.297302246401614, -1.959106445605926 ], [ 41.30328369128938, -1.954101562836797 ], [ 41.310913086269977, -1.954101562836797 ], [ 41.311523437256881, -1.960815429988031 ], [ 41.314880370832498, -1.956726074148946 ], [ 41.313476562393475, -1.949890136620468 ], [ 41.323303222365894, -1.943176268569914 ], [ 41.321289062939968, -1.940673829433649 ], [ 41.323486327931732, -1.934326171615453 ], [ 41.339294433691236, -1.913391113608952 ], [ 41.351074218800193, -1.91040039026575 ], [ 41.36108398433845, -1.890869140698214 ], [ 41.386718750070315, -1.870788574433107 ], [ 41.389892578080094, -1.864990234211916 ], [ 41.385070800876804, -1.868591309441342 ], [ 41.377075195663792, -1.864807128646021 ], [ 41.377075195663792, -1.860290527385871 ], [ 41.365905762441059, -1.863769531338733 ], [ 41.366271972673474, -1.859802245876892 ], [ 41.377685546650696, -1.854797363107764 ], [ 41.38049316442806, -1.855285644616743 ], [ 41.383911133192271, -1.863525390584243 ], [ 41.387512206623114, -1.861999511768033 ], [ 41.395690918301284, -1.853027344436327 ], [ 41.392272950436393, -1.851013183211762 ], [ 41.395080566415061, -1.845092774411967 ], [ 41.417907715268882, -1.827270507427954 ], [ 41.418273926400616, -1.82208251909293 ], [ 41.424499512042871, -1.816528321424869 ], [ 41.420898437712765, -1.815917968639269 ], [ 41.423889160156648, -1.807373046728685 ], [ 41.437683105590907, -1.796997070058694 ], [ 41.479675292880529, -1.749877929622699 ], [ 41.492675780862669, -1.743103027282814 ], [ 41.501281737961904, -1.724426268557409 ], [ 41.5197143550335, -1.700012206597989 ], [ 41.554077148241845, -1.669982909983275 ], [ 41.562072754354176, -1.658569336005996 ], [ 40.902904510934491, -1.714484095164835 ], [ 40.207935333348985, -2.032892942555179 ] ] ], [ [ [ 41.085510254294832, -2.052429200447193 ], [ 41.083923340289971, -2.048828125217767 ], [ 41.080871581758117, -2.059204101887758 ], [ 41.076721191629758, -2.061218261313684 ], [ 41.08209228642994, -2.065185546775524 ], [ 41.076110839743535, -2.076599120752746 ], [ 41.059326171865393, -2.082824707294378 ], [ 41.063720702748299, -2.094116210894356 ], [ 41.068115235429843, -2.097290038904134 ], [ 41.057495117106043, -2.098022461167602 ], [ 41.052673339902753, -2.118713379318933 ], [ 41.058105468992267, -2.116699218993688 ], [ 41.058105468992267, -2.119018554362754 ], [ 41.053283691788977, -2.129882813441043 ], [ 41.048706054440913, -2.12902831990101 ], [ 41.045471191242541, -2.133422851683235 ], [ 41.051086425897893, -2.131469727445904 ], [ 41.056884765219763, -2.134582519367711 ], [ 41.077087402761492, -2.127319336418168 ], [ 41.067871093776034, -2.125000000149839 ], [ 41.071289063439565, -2.12048339799037 ], [ 41.07989501963948, -2.119323730305837 ], [ 41.075073242436247, -2.11230468721152 ], [ 41.080078125205375, -2.110595702829357 ], [ 41.081481933644397, -2.115905762440946 ], [ 41.087097168299749, -2.116394043050605 ], [ 41.089721679611898, -2.110717773206602 ], [ 41.091918946402302, -2.115417480032647 ], [ 41.083496093969586, -2.118896483985509 ], [ 41.08447265608828, -2.1292724606555 ], [ 41.090087890743632, -2.130676269094522 ], [ 41.085083007974504, -2.134887695310852 ], [ 41.104309081598899, -2.137695312188839 ], [ 41.114074707281986, -2.1292724606555 ], [ 41.104675292730633, -2.123107910201838 ], [ 41.108886718946962, -2.11389160121638 ], [ 41.104492187164738, -2.108520508214838 ], [ 41.106079101169655, -2.104919433884731 ], [ 41.094482421626537, -2.097595214847217 ], [ 41.099670409961504, -2.097412109281379 ], [ 41.098510742276972, -2.094970704434388 ], [ 41.10772705036311, -2.087585449309017 ], [ 41.109497069933866, -2.080200195082909 ], [ 41.112670898842964, -2.078002930091088 ], [ 41.134887694911242, -2.081420898855356 ], [ 41.139892577680371, -2.088623046616249 ], [ 41.138916015561733, -2.094970704434388 ], [ 41.144897461348819, -2.094299315560932 ], [ 41.14892578109999, -2.0886840818049 ], [ 41.150878906236585, -2.09478759796923 ], [ 41.160888671774842, -2.080688476591888 ], [ 41.163696288652829, -2.080810546969133 ], [ 41.161499023661065, -2.071777344448833 ], [ 41.14648437535368, -2.06848144516249 ], [ 41.137329101556816, -2.060974120559194 ], [ 41.134277343924339, -2.062316894708886 ], [ 41.141906738005616, -2.070129394356002 ], [ 41.127319336018616, -2.072326660247143 ], [ 41.132324218787744, -2.067687988609748 ], [ 41.120117187358346, -2.056884765619373 ], [ 41.11468505826889, -2.058715820378779 ], [ 41.117309569581039, -2.066894531157629 ], [ 41.106689453055878, -2.052978515346183 ], [ 41.100280761847728, -2.049804687336405 ], [ 41.095275879078599, -2.050903320731607 ], [ 41.097290039403845, -2.056396484110394 ], [ 41.085510254294832, -2.052429200447193 ] ] ], [ [ [ 40.891906739404533, -2.247924804386173 ], [ 40.888671875306841, -2.244689941187801 ], [ 40.885070800976735, -2.24859619056167 ], [ 40.880310058962095, -2.247497558965108 ], [ 40.877929688404436, -2.254211426116399 ], [ 40.87408447242052, -2.252380371356992 ], [ 40.871276856441796, -2.257080078183037 ], [ 40.869079589651392, -2.252319336168398 ], [ 40.865478515321286, -2.25738525412612 ], [ 40.842712402555378, -2.257873534735779 ], [ 40.834289551022039, -2.267028809431963 ], [ 40.841918945103259, -2.273315429363549 ], [ 40.840515136664294, -2.276123047140857 ], [ 40.845275878678933, -2.277709961145717 ], [ 40.823486328031663, -2.275085448934249 ], [ 40.824523925338951, -2.277770996334368 ], [ 40.817871093376311, -2.282592774436921 ], [ 40.816894531257674, -2.297973632976721 ], [ 40.813476561594086, -2.297607421844987 ], [ 40.815917969139036, -2.314880371232107 ], [ 40.814270019945525, -2.331481934443673 ], [ 40.822692870579544, -2.328918457420798 ], [ 40.848510741877305, -2.307189941062859 ], [ 40.868713379418978, -2.296997069958763 ], [ 40.891113281053151, -2.293090820584837 ], [ 40.913330078020749, -2.294799804966999 ], [ 40.915283203157344, -2.289428711066137 ], [ 40.891906739404533, -2.247924804386173 ] ] ], [ [ [ 40.972900390640575, -2.222229002566394 ], [ 40.968872069990084, -2.220092773662543 ], [ 40.965087890993402, -2.224670410111287 ], [ 40.972900390640575, -2.232910156078788 ], [ 40.968688964424246, -2.237487793426851 ], [ 40.968872069990084, -2.243408203126023 ], [ 40.971923829421257, -2.243591308691919 ], [ 40.973510743426118, -2.248291016417227 ], [ 40.967529296739713, -2.248779297026886 ], [ 40.964477539107179, -2.255615234555364 ], [ 40.9603271480795, -2.256225586441587 ], [ 40.954895019889307, -2.249328613724515 ], [ 40.963684081655117, -2.24041748068214 ], [ 40.956481933894167, -2.235778808145426 ], [ 40.955688476442106, -2.230285644766639 ], [ 40.946472168355911, -2.229675292880415 ], [ 40.94909667966806, -2.236511230408894 ], [ 40.944274901565507, -2.238403320356895 ], [ 40.936279297251815, -2.252380371356992 ], [ 40.942077636573742, -2.256591796674002 ], [ 40.939086914129859, -2.259826659872431 ], [ 40.931518554337856, -2.255004882669141 ], [ 40.933471678575131, -2.242370605818735 ], [ 40.937927246445327, -2.237182616584448 ], [ 40.928100585573645, -2.237121582295117 ], [ 40.925292968695601, -2.229370116937275 ], [ 40.924072265822474, -2.232299805091884 ], [ 40.916076659710143, -2.224609374922693 ], [ 40.904724120921514, -2.220886230215285 ], [ 40.90191650404347, -2.222595214597447 ], [ 40.909484862936154, -2.252685547300132 ], [ 40.92791748090707, -2.278381347321272 ], [ 40.93432617211522, -2.281799316085539 ], [ 40.944702148785211, -2.27911376958474 ], [ 40.954711914323468, -2.285400390415646 ], [ 40.96429443444066, -2.278015137088858 ], [ 40.95550537087621, -2.294799804966999 ], [ 40.950500488107082, -2.291992187189635 ], [ 40.946899413776976, -2.294494629023859 ], [ 40.937316894559103, -2.289184570311647 ], [ 40.925720215015986, -2.294677734589754 ], [ 40.924316406576963, -2.297790527410882 ], [ 40.926513671568728, -2.298400879297105 ], [ 40.922912597238621, -2.300781249854765 ], [ 40.921508788799599, -2.29608154302872 ], [ 40.912902831700364, -2.307678222571894 ], [ 40.918701171921612, -2.315429687929679 ], [ 40.923889160256579, -2.317687988110094 ], [ 40.938476562243579, -2.316284179671129 ], [ 40.955078124555882, -2.307189941062859 ], [ 40.973327636960903, -2.273498534929388 ], [ 40.988098145413119, -2.258483886622003 ], [ 40.972900390640575, -2.222229002566394 ] ] ], [ [ [ 41.053527831644146, -2.085876464926855 ], [ 41.0432739253514, -2.084228515733344 ], [ 41.04388427723768, -2.087829590063507 ], [ 41.030090331803422, -2.091796874626027 ], [ 41.019897460699326, -2.101318359554625 ], [ 41.006530761585452, -2.0969238277724 ], [ 41.003479003952918, -2.105895996003369 ], [ 41.005493164278164, -2.11627197267336 ], [ 41.001098631596619, -2.110107422219698 ], [ 40.999694824056917, -2.113098144663581 ], [ 40.99450683572195, -2.108215332271698 ], [ 40.996093749726811, -2.09930419922938 ], [ 40.990478515970779, -2.098876952908995 ], [ 40.973876952759213, -2.104492187564347 ], [ 40.970275879328426, -2.114318848436085 ], [ 40.983276367310566, -2.117797850590307 ], [ 40.984680175749588, -2.132019043244213 ], [ 40.996276855292706, -2.138916015961343 ], [ 41.012878417604952, -2.138183593697818 ], [ 41.016723632689548, -2.133728027626319 ], [ 41.008483886722047, -2.125915527079883 ], [ 41.019287109712423, -2.125488281658818 ], [ 41.035278320138389, -2.109191894390392 ], [ 41.051696777784116, -2.107727050762719 ], [ 41.060729980304416, -2.091491699582207 ], [ 41.053527831644146, -2.085876464926855 ] ] ], [ [ [ 41.278930663619292, -2.001403808838631 ], [ 41.289672851421017, -1.983215331622205 ], [ 41.30328369128938, -1.970886230714939 ], [ 41.304504394162507, -1.964477540406108 ], [ 41.273681640994994, -1.994873047253293 ], [ 41.272521972411141, -2.001098632895548 ], [ 41.267517089642013, -2.002990722843549 ], [ 41.24969482355732, -2.029907226637135 ], [ 41.25610351566479, -2.028808594141253 ], [ 41.265686034882663, -2.013610840268029 ], [ 41.278930663619292, -2.001403808838631 ] ] ], [ [ [ 41.438110351911291, -1.836425781224762 ], [ 41.433288573808682, -1.835021972785796 ], [ 41.434875488712862, -1.836486816413412 ], [ 41.429321289246161, -1.841674804748379 ], [ 41.410888672174508, -1.851623535098042 ], [ 41.384521484179231, -1.885498046797352 ], [ 41.438110351911291, -1.836425781224762 ] ] ], [ [ [ 41.140075683246209, -2.104187011621264 ], [ 41.134521484678828, -2.100402831725262 ], [ 41.133728027226709, -2.092590332078089 ], [ 41.136718749670592, -2.090209960621166 ], [ 41.131286620581136, -2.086608886291003 ], [ 41.130310057563179, -2.097412109281379 ], [ 41.12530517569337, -2.101379394743219 ], [ 41.127319336018616, -2.106628418266837 ], [ 41.14251708989184, -2.11358642617256 ], [ 41.15130615255697, -2.11230468721152 ], [ 41.154113769434957, -2.108520508214838 ], [ 41.149719238552052, -2.106628418266837 ], [ 41.15069580067069, -2.103210450401889 ], [ 41.147705078226807, -2.100769042856996 ], [ 41.140075683246209, -2.104187011621264 ] ] ], [ [ [ 41.164672851670844, -1.958312988153807 ], [ 41.165527343412236, -1.954406737880618 ], [ 41.16192626908213, -1.958312988153807 ], [ 41.16131591809517, -1.955322265709924 ], [ 41.158081054896797, -1.958618164096947 ], [ 41.155517577873979, -1.955993652784798 ], [ 41.152526855430096, -1.960815429988031 ], [ 41.149475097797563, -1.958312988153807 ], [ 41.143920898330862, -1.968872070389693 ], [ 41.165710448978075, -1.967895507371736 ], [ 41.171875000331056, -1.962890624602608 ], [ 41.176513671968451, -1.965026855305098 ], [ 41.17407226532282, -1.958801269662843 ], [ 41.16827392600095, -1.958679199285598 ], [ 41.164916992425333, -1.962524414370193 ], [ 41.164672851670844, -1.958312988153807 ] ] ], [ [ [ 41.058471680124001, -2.159484862836109 ], [ 41.06109619143615, -2.154296875400405 ], [ 41.055114745649064, -2.148925780600223 ], [ 41.049072265572647, -2.147521973060577 ], [ 41.043090820684881, -2.151123045592044 ], [ 41.041870116912435, -2.154907226387365 ], [ 41.04571533199703, -2.158813476660555 ], [ 41.052673339902753, -2.16137695278411 ], [ 41.058471680124001, -2.159484862836109 ] ] ], [ [ [ 41.157287597444736, -1.975708007918172 ], [ 41.152282714675607, -1.974670409711564 ], [ 41.150085448784466, -1.980773925875951 ], [ 41.146911620774745, -1.982299804692161 ], [ 41.145080566015338, -1.979980468423832 ], [ 41.14227294913735, -1.983581542753939 ], [ 41.152526855430096, -1.985290527136044 ], [ 41.154479980566691, -1.980529785121462 ], [ 41.156677245558512, -1.985595703079184 ], [ 41.162109374647969, -1.984313965017407 ], [ 41.162902832100087, -1.977416992300334 ], [ 41.157287597444736, -1.975708007918172 ] ] ], [ [ [ 40.986083984188554, -2.141113280953107 ], [ 40.978881836427661, -2.142089843971064 ], [ 40.975708008417882, -2.151794433566181 ], [ 40.989501952952821, -2.145812988678415 ], [ 40.986083984188554, -2.141113280953107 ] ] ], [ [ [ 41.504516601160276, -1.755126953146316 ], [ 41.512695312838446, -1.747924803586784 ], [ 41.499511718391147, -1.754516601260093 ], [ 41.494689941187914, -1.765808105759447 ], [ 41.49188232430987, -1.765808105759447 ], [ 41.49371337906922, -1.76879882820333 ], [ 41.50488281229201, -1.757995605212955 ], [ 41.504516601160276, -1.755126953146316 ] ] ], [ [ [ 41.343505859008246, -1.925415038573135 ], [ 41.340881347696097, -1.921386718821964 ], [ 41.340698242130202, -1.925415038573135 ], [ 41.338073730818053, -1.922607421695091 ], [ 41.337890625252214, -1.927307129420456 ], [ 41.324707030804859, -1.943725586166806 ], [ 41.343505859008246, -1.925415038573135 ] ] ], [ [ [ 41.202270508077561, -2.002685546900409 ], [ 41.203918457271016, -2.005615234155698 ], [ 41.20007324218642, -2.006103515664677 ], [ 41.201110838594388, -2.008178711178516 ], [ 41.213684082054783, -2.014892578329807 ], [ 41.208496093719816, -2.004394531282571 ], [ 41.202270508077561, -2.002685546900409 ] ] ], [ [ [ 40.713073730268491, -2.295104980910082 ], [ 40.710083007824608, -2.293212890962081 ], [ 40.710510254144992, -2.299926758113372 ], [ 40.718688964923842, -2.304077148241731 ], [ 40.719299316810066, -2.297485350568422 ], [ 40.713073730268491, -2.295104980910082 ] ] ], [ [ [ 41.349304199229437, -1.920410155804007 ], [ 41.361511230658834, -1.908813476260889 ], [ 41.361511230658834, -1.905822753817006 ], [ 41.357482910008343, -1.905578613062517 ], [ 41.349304199229437, -1.920410155804007 ] ] ], [ [ [ 40.971679687767448, -2.047790527011159 ], [ 40.971130371069819, -2.041625976557498 ], [ 40.969116210744573, -2.040710449627511 ], [ 40.966918945752809, -2.050903320731607 ], [ 40.973510743426118, -2.050476074411279 ], [ 40.971679687767448, -2.047790527011159 ] ] ], [ [ [ 41.27728271442578, -1.946411132667606 ], [ 41.274108886416002, -1.949218750444913 ], [ 41.275329590188505, -1.957580566789659 ], [ 41.280273437768983, -1.949890136620468 ], [ 41.27728271442578, -1.946411132667606 ] ] ], [ [ [ 40.758728027076813, -2.263488769391131 ], [ 40.754089355439476, -2.261108398833471 ], [ 40.755676269444336, -2.267578125230273 ], [ 40.768127441628167, -2.262695312838389 ], [ 40.758728027076813, -2.263488769391131 ] ] ], [ [ [ 41.186706543072546, -1.981872558371833 ], [ 41.188110352410888, -1.978210448853076 ], [ 41.187499999625345, -1.969177246332777 ], [ 41.185913085620484, -1.973510742027088 ], [ 41.181518554737579, -1.97460937542229 ], [ 41.186706543072546, -1.981872558371833 ] ] ], [ [ [ 41.225891112584804, -1.911499023660951 ], [ 41.231689452806052, -1.909729004090195 ], [ 41.234680176149254, -1.905517577873866 ], [ 41.228271484041784, -1.905517577873866 ], [ 41.225891112584804, -1.911499023660951 ] ] ], [ [ [ 40.985900878622715, -2.224182128602308 ], [ 40.982482909858447, -2.223510742426754 ], [ 40.99212646516429, -2.228515625195882 ], [ 40.990722655825948, -2.223693847992649 ], [ 40.985900878622715, -2.224182128602308 ] ] ], [ [ [ 41.026916503793643, -2.139709473413404 ], [ 41.022277832156306, -2.13592529261814 ], [ 41.019714355133431, -2.140625000343448 ], [ 41.024291991582174, -2.142700194957968 ], [ 41.026916503793643, -2.139709473413404 ] ] ], [ [ [ 40.74511718720845, -2.255187988235036 ], [ 40.74090576189144, -2.257995605113024 ], [ 40.747680664231325, -2.261108398833471 ], [ 40.749328613424836, -2.257080078183037 ], [ 40.74511718720845, -2.255187988235036 ] ] ], [ [ [ 40.782897949181063, -2.286071776591143 ], [ 40.785095215072147, -2.279785156659614 ], [ 40.78411865205419, -2.278503417698516 ], [ 40.777282715425031, -2.286499023810848 ], [ 40.782897949181063, -2.286071776591143 ] ] ], [ [ [ 41.210083007724677, -1.913818359030017 ], [ 41.205871582407667, -1.914611815582759 ], [ 41.206115722262837, -1.920227051137431 ], [ 41.211486816163699, -1.918518066755325 ], [ 41.210083007724677, -1.913818359030017 ] ] ], [ [ [ 41.398681640745167, -1.854980468673659 ], [ 41.392883301423296, -1.859985351442788 ], [ 41.392883301423296, -1.861022949649339 ], [ 41.402099610408754, -1.857116699376149 ], [ 41.398681640745167, -1.854980468673659 ] ] ], [ [ [ 40.81652832012594, -2.251098632395895 ], [ 40.821716307561587, -2.24859619056167 ], [ 40.824279784584462, -2.2427978512398 ], [ 40.817077636823512, -2.248291016417227 ], [ 40.81652832012594, -2.251098632395895 ] ] ], [ [ [ 41.178710937859535, -1.985900879022324 ], [ 41.175292969095324, -1.985412598412665 ], [ 41.17492675796359, -1.990112304339334 ], [ 41.180480957430291, -1.987182617084045 ], [ 41.178710937859535, -1.985900879022324 ] ] ], [ [ [ 40.788085938415406, -2.277770996334368 ], [ 40.790893554394074, -2.273803710872528 ], [ 40.787902831950191, -2.272094725591046 ], [ 40.786315917945331, -2.276916503693656 ], [ 40.788085938415406, -2.277770996334368 ] ] ], [ [ [ 41.347290038904248, -1.914306641438316 ], [ 41.341674804248896, -1.912902832099974 ], [ 41.337280273365991, -1.918701172321221 ], [ 41.342529296889609, -1.914978027613813 ], [ 41.347290038904248, -1.914306641438316 ] ] ], [ [ [ 41.079711914073641, -2.130615234805191 ], [ 41.080078125205375, -2.127990722593722 ], [ 41.078674316766353, -2.133789062814969 ], [ 41.082885742083363, -2.134582519367711 ], [ 41.082519530951629, -2.130676269094522 ], [ 41.079711914073641, -2.130615234805191 ] ] ], [ [ [ 41.110717773706369, -2.053588867232406 ], [ 41.11230468771123, -2.050720215165768 ], [ 41.11047363295188, -2.048278809419458 ], [ 41.107910155929005, -2.050720215165768 ], [ 41.110717773706369, -2.053588867232406 ] ] ], [ [ [ 40.816101073805555, -2.233703614430226 ], [ 40.811889647589226, -2.233825683908151 ], [ 40.809326170566351, -2.236877442439948 ], [ 40.816284179371451, -2.236083984088566 ], [ 40.816101073805555, -2.233703614430226 ] ] ], [ [ [ 41.252319335768789, -1.959899902158725 ], [ 41.249877930022478, -1.95709228528068 ], [ 41.247070312245171, -1.958923340040087 ], [ 41.254089355339545, -1.96160888744015 ], [ 41.252319335768789, -1.959899902158725 ] ] ], [ [ [ 41.373474121333686, -1.893371581633119 ], [ 41.377685546650696, -1.888305663675396 ], [ 41.380310058862165, -1.886291504249471 ], [ 41.376892090097954, -1.885681152363247 ], [ 41.373474121333686, -1.893371581633119 ] ] ], [ [ [ 41.186279296752218, -1.948120117049712 ], [ 41.186523438406027, -1.945373535360318 ], [ 41.185302734633524, -1.943603515789562 ], [ 41.184875488313196, -1.947998046672467 ], [ 41.181701660303418, -1.947814941106571 ], [ 41.185119629067685, -1.952026367322958 ], [ 41.186279296752218, -1.948120117049712 ] ] ], [ [ [ 41.209289551171878, -1.90802001970809 ], [ 41.206909179714899, -1.906494140891823 ], [ 41.208679199285655, -1.911926269082016 ], [ 41.212707519936146, -1.908996581826727 ], [ 41.209289551171878, -1.90802001970809 ] ] ], [ [ [ 41.264709472764025, -1.947998046672467 ], [ 41.267272948887523, -1.947082519742423 ], [ 41.267272948887523, -1.945678711303458 ], [ 41.262329101307046, -1.945983886347221 ], [ 41.264709472764025, -1.947998046672467 ] ] ], [ [ [ 41.509704588595923, -1.747375488687794 ], [ 41.510925293267746, -1.745422363551199 ], [ 41.507873534735893, -1.741394042900708 ], [ 41.506896972617255, -1.742675780962486 ], [ 41.509704588595923, -1.747375488687794 ] ] ], [ [ [ 41.223510742027202, -1.917907714869102 ], [ 41.224914549566847, -1.915405273034878 ], [ 41.224670409711678, -1.913574219174848 ], [ 41.221496581701956, -1.915527343412123 ], [ 41.223510742027202, -1.917907714869102 ] ] ], [ [ [ 40.996276855292706, -2.096984862960994 ], [ 40.996520996047195, -2.095703124899273 ], [ 40.995300293174068, -2.09210205056911 ], [ 40.992492675396704, -2.094726562780579 ], [ 40.996276855292706, -2.096984862960994 ] ] ], [ [ [ 41.208496093719816, -1.930786131574678 ], [ 41.209716796592943, -1.927612303564899 ], [ 41.209472655838454, -1.926086425647952 ], [ 41.205871582407667, -1.929077148091835 ], [ 41.208496093719816, -1.930786131574678 ] ] ], [ [ [ 41.239685058918383, -1.923400879147209 ], [ 41.243286133248489, -1.920410155804007 ], [ 41.243286133248489, -1.919372557597399 ], [ 41.239929198773552, -1.919982910382942 ], [ 41.239685058918383, -1.923400879147209 ] ] ], [ [ [ 41.239318847786649, -1.956787109337597 ], [ 41.237487793027299, -1.958007812210724 ], [ 41.244323730555777, -1.95922851598317 ], [ 41.243896484235393, -1.958312988153807 ], [ 41.239318847786649, -1.956787109337597 ] ] ], [ [ [ 41.105529785371345, -2.051208495775427 ], [ 41.105712890937241, -2.048706054840522 ], [ 41.103088378725772, -2.047607421445321 ], [ 41.103271484291611, -2.050476074411279 ], [ 41.105529785371345, -2.051208495775427 ] ] ], [ [ [ 41.452270507577907, -1.818908691083152 ], [ 41.455322265210441, -1.814086913879919 ], [ 41.455322265210441, -1.810607909927057 ], [ 41.451477051025165, -1.818176269719004 ], [ 41.452270507577907, -1.818908691083152 ] ] ], [ [ [ 41.213684082054783, -1.922302245752007 ], [ 41.211303710597804, -1.92077636693574 ], [ 41.209289551171878, -1.923583984713105 ], [ 41.211730956918188, -1.924926757963476 ], [ 41.213684082054783, -1.922302245752007 ] ] ], [ [ [ 41.233276366810912, -1.928527832293582 ], [ 41.233703613131297, -1.926696778433552 ], [ 41.231079101819148, -1.923522950423774 ], [ 41.231872558371947, -1.928100585973198 ], [ 41.233276366810912, -1.928527832293582 ] ] ], [ [ [ 40.812683105041344, -2.243408203126023 ], [ 40.814086914379629, -2.242980956805638 ], [ 40.81652832012594, -2.240783691813874 ], [ 40.813476561594086, -2.241088866857694 ], [ 40.812683105041344, -2.243408203126023 ] ] ], [ [ [ 41.437072753704683, -1.823608398808517 ], [ 41.439086914029929, -1.819091796649047 ], [ 41.438720702898195, -1.818481445662144 ], [ 41.436279297151884, -1.821777344049167 ], [ 41.437072753704683, -1.823608398808517 ] ] ], [ [ [ 40.932495117355813, -2.2301025392008 ], [ 40.932678222921709, -2.228576660384533 ], [ 40.93029785056541, -2.227478026989331 ], [ 40.92950439491193, -2.228881836327616 ], [ 40.932495117355813, -2.2301025392008 ] ] ], [ [ [ 40.759521485428252, -2.276611327750516 ], [ 40.760314941081731, -2.275390624877389 ], [ 40.75787353533542, -2.273803710872528 ], [ 40.757507324203686, -2.275390624877389 ], [ 40.759521485428252, -2.276611327750516 ] ] ], [ [ [ 41.243530273103659, -1.955078124955435 ], [ 41.239929198773552, -1.955078124955435 ], [ 41.239685058918383, -1.955627441653064 ], [ 41.243896484235393, -1.95709228528068 ], [ 41.243530273103659, -1.955078124955435 ] ] ], [ [ [ 41.475097656431728, -1.80328369178892 ], [ 41.476318359304912, -1.802124023205067 ], [ 41.476318359304912, -1.799621582270163 ], [ 41.473510742426868, -1.80297851584578 ], [ 41.475097656431728, -1.80328369178892 ] ] ], [ [ [ 41.236877441141075, -1.956176756552054 ], [ 41.237487793027299, -1.953796386893714 ], [ 41.234924316004424, -1.953979491560233 ], [ 41.234924316004424, -1.955871582407553 ], [ 41.236877441141075, -1.956176756552054 ] ] ], [ [ [ 40.942077636573742, -2.228576660384533 ], [ 40.941101073555728, -2.224975586054427 ], [ 40.940124511437091, -2.224609374922693 ], [ 40.940307617002986, -2.226684570436532 ], [ 40.942077636573742, -2.228576660384533 ] ] ], [ [ [ 40.997070312744768, -2.090087890243865 ], [ 40.996887207178929, -2.091491699582207 ], [ 40.999511717591758, -2.091613769959451 ], [ 40.999084473070013, -2.090087890243865 ], [ 40.997070312744768, -2.090087890243865 ] ] ], [ [ [ 41.439880370582671, -1.835021972785796 ], [ 41.441101074355174, -1.832580566140166 ], [ 41.440673828034789, -1.831909179964612 ], [ 41.439086914029929, -1.833618164346774 ], [ 41.439880370582671, -1.835021972785796 ] ] ], [ [ [ 40.725097656131993, -2.256103516064343 ], [ 40.724304199579194, -2.253784179796014 ], [ 40.723083495806748, -2.254028320550503 ], [ 40.724304199579194, -2.256103516064343 ], [ 40.725097656131993, -2.256103516064343 ] ] ], [ [ [ 41.365112304988941, -1.906127929760089 ], [ 41.366516113427963, -1.904907226886962 ], [ 41.367126464414866, -1.904174804623494 ], [ 41.364318848436142, -1.905395506597301 ], [ 41.365112304988941, -1.906127929760089 ] ] ], [ [ [ 41.484313965417243, -1.785400391414896 ], [ 41.484680175649657, -1.783081054247191 ], [ 41.484130858952028, -1.782775879203427 ], [ 41.483276367210635, -1.785095214572436 ], [ 41.484313965417243, -1.785400391414896 ] ] ], [ [ [ 40.977478027089319, -2.161193847218215 ], [ 40.978088378975542, -2.160095214722332 ], [ 40.976928711291066, -2.159484862836109 ], [ 40.976318359404843, -2.160705566608556 ], [ 40.977478027089319, -2.161193847218215 ] ] ], [ [ [ 41.485717773856209, -1.78179931618547 ], [ 41.4852905284352, -1.780212402180553 ], [ 41.484313965417243, -1.780273437369203 ], [ 41.484497070083762, -1.781616210619575 ], [ 41.485717773856209, -1.78179931618547 ] ] ], [ [ [ 41.450073242586143, -1.823425293242622 ], [ 41.450683593573046, -1.821716308860516 ], [ 41.450317382441312, -1.820983886597048 ], [ 41.449279785134024, -1.822814941356398 ], [ 41.450073242586143, -1.823425293242622 ] ] ], [ [ [ 41.368713379319047, -1.907104491878727 ], [ 41.369689941437684, -1.906005859382844 ], [ 41.36932373030595, -1.905578613062517 ], [ 41.368103027432824, -1.906311035325984 ], [ 41.368713379319047, -1.907104491878727 ] ] ] ] } },
{ "type": "Feature", "properties": { "shapeName": "Kilifi", "shapeISO": "KE-14", "shapeID": "32016919B27781338411646", "shapeGroup": "KEN", "shapeType": "ADM1" }, "geometry": { "type": "MultiPolygon", "coordinates": [ [ [ [ 39.217369079719333, -3.072925806380795 ], [ 39.092285156135119, -3.567077636423733 ], [ 39.299926758113429, -3.568298340196179 ], [ 39.318908690983335, -3.56378173803671 ], [ 39.318481445562327, -3.570800781131084 ], [ 39.326721192429147, -3.587280273066085 ], [ 39.338684082204679, -3.590698241830353 ], [ 39.347106933738075, -3.600219726758951 ], [ 39.342529297289275, -3.635681151563858 ], [ 39.348327636611202, -3.637023925713549 ], [ 39.354492187064807, -3.652709961095809 ], [ 39.352111817406524, -3.671691894865035 ], [ 39.353698731411384, -3.692382812117046 ], [ 39.349914550616063, -3.692016601884632 ], [ 39.346679687417691, -3.701110839593525 ], [ 39.35327148419168, -3.706481932595068 ], [ 39.352111817406524, -3.712707519136643 ], [ 39.35571289083731, -3.715087890593622 ], [ 39.356506347390052, -3.72668457013674 ], [ 39.37268066428129, -3.739501952553042 ], [ 39.390930175787048, -3.73541259761322 ], [ 39.39172363323911, -3.765197752574181 ], [ 39.383911132692674, -3.766479492434598 ], [ 39.380493163928406, -3.770507812185713 ], [ 39.387878418154514, -3.774719238402099 ], [ 39.388488769141418, -3.781311035176088 ], [ 39.375488281159278, -3.789611816332183 ], [ 39.378906249923546, -3.794616699101311 ], [ 39.377319335918685, -3.80657958977622 ], [ 39.396728516008238, -3.823486328031549 ], [ 39.401672363588773, -3.819396973091784 ], [ 39.407470702910643, -3.822326660347073 ], [ 39.420288086226265, -3.819396973091784 ], [ 39.445129395405331, -3.847473144569904 ], [ 39.453674316416596, -3.854125977431863 ], [ 39.466125488600483, -3.857788086051301 ], [ 39.483520506566151, -3.880187988584737 ], [ 39.494323729556527, -3.884277344423879 ], [ 39.500122070677094, -3.901306152157133 ], [ 39.515686034782732, -3.910400390765346 ], [ 39.520324707319446, -3.916198730087274 ], [ 39.517517090441402, -3.920715332246743 ], [ 39.52069091755186, -3.927795411429031 ], [ 39.527893066212073, -3.929809569955637 ], [ 39.525329590088575, -3.945983886846875 ], [ 39.5443115238578, -3.96911621074446 ], [ 39.545471192441653, -3.977416991900611 ], [ 39.540710450427014, -3.986083984188497 ], [ 39.54272460895362, -3.991394042900708 ], [ 39.553894043075672, -3.983215332121858 ], [ 39.563720703048034, -3.986877441640559 ], [ 39.567321777378197, -3.992919921716975 ], [ 39.569519043269281, -3.987182617583699 ], [ 39.573913574152186, -3.985412598012942 ], [ 39.56789232332919, -3.974927820080002 ], [ 39.58331298870354, -3.967224120796516 ], [ 39.598083496256379, -3.947326660097247 ], [ 39.607727050662902, -3.954528808757459 ], [ 39.608520508115021, -3.958312988653461 ], [ 39.619506835771915, -3.95458984394611 ], [ 39.619873046903649, -3.957885742333076 ], [ 39.627685546550765, -3.961914062084247 ], [ 39.640686035432225, -3.955688476441992 ], [ 39.649475098097355, -3.958007812710321 ], [ 39.646301269188257, -3.948669433347618 ], [ 39.652709961295727, -3.942810058837097 ], [ 39.649475098097355, -3.941711425441895 ], [ 39.649291993430779, -3.933288573908499 ], [ 39.642883300424046, -3.931701659903638 ], [ 39.641906738305408, -3.923095702804403 ], [ 39.670471191292506, -3.918701171921498 ], [ 39.688903808364103, -3.921874999931276 ], [ 39.690917968689348, -3.906616210869402 ], [ 39.695312499572253, -3.91162109363853 ], [ 39.7011108397935, -3.905700683939358 ], [ 39.708679199585447, -3.905212402430379 ], [ 39.708679199585447, -3.897705077827027 ], [ 39.712280273016233, -3.893310546944122 ], [ 39.717712402105747, -3.892578124680654 ], [ 39.717895507671585, -3.896423339765249 ], [ 39.703308105684584, -3.9224853518175 ], [ 39.704528808557711, -3.927795411429031 ], [ 39.708129882887818, -3.926269530814125 ], [ 39.711303710897596, -3.930908203350839 ], [ 39.709472656138246, -3.939575195638724 ], [ 39.71350097678868, -3.946411133167203 ], [ 39.725524902652182, -3.949523925988331 ], [ 39.735717773756278, -3.945312499772001 ], [ 39.750671386875069, -3.953796385594671 ], [ 39.764282226743433, -3.949523925988331 ], [ 39.775512695154816, -3.936279297251701 ], [ 39.785888671824807, -3.905517578373519 ], [ 39.829284667553395, -3.818603515639666 ], [ 39.829895019439675, -3.805969237889997 ], [ 39.842285156434855, -3.772827147554779 ], [ 39.843688964873877, -3.761413573577499 ], [ 39.869689941737477, -3.692993164003269 ], [ 39.865112304389413, -3.676086425747883 ], [ 39.854492187864253, -3.679199218569011 ], [ 39.838684082104749, -3.674011230234044 ], [ 39.854492187864253, -3.67761230456415 ], [ 39.865112304389413, -3.674499511743022 ], [ 39.868103027732616, -3.664184570261682 ], [ 39.867126464714602, -3.652099609209529 ], [ 39.86151123005925, -3.639587402736424 ], [ 39.849487305095124, -3.634094237558941 ], [ 39.843688964873877, -3.635681151563858 ], [ 39.836486816213664, -3.628906250123293 ], [ 39.828674316566492, -3.6370849609022 ], [ 39.828308105434758, -3.633300781006199 ], [ 39.825683594122609, -3.633300781006199 ], [ 39.818298339896501, -3.645385742058295 ], [ 39.807678221572701, -3.644104003996517 ], [ 39.805297851914361, -3.647216796817645 ], [ 39.800903320132193, -3.639526368447093 ], [ 39.795288086376161, -3.643798828053434 ], [ 39.792724609353286, -3.631408691058198 ], [ 39.782897949380924, -3.622070312594815 ], [ 39.779113768585603, -3.623291014568622 ], [ 39.779479980616657, -3.620910644910282 ], [ 39.784118652254051, -3.616699218693952 ], [ 39.789672851720809, -3.618103027132975 ], [ 39.796081542928903, -3.625305175793187 ], [ 39.809082030911043, -3.620483398589954 ], [ 39.803894042576076, -3.61798095675573 ], [ 39.802917479558062, -3.610595703428942 ], [ 39.792297363032958, -3.612182617433803 ], [ 39.779724121371146, -3.609680175599578 ], [ 39.771118164271911, -3.596618652428845 ], [ 39.771301269837807, -3.588378905561967 ], [ 39.777526854580742, -3.580383300349013 ], [ 39.785705566258912, -3.577697753848213 ], [ 39.786926269132096, -3.582397460674201 ], [ 39.78009033160356, -3.584411620999447 ], [ 39.781127929810168, -3.59411621059462 ], [ 39.777099609159677, -3.592895507721437 ], [ 39.781494140941902, -3.607910156028822 ], [ 39.787719726584157, -3.606872558721534 ], [ 39.789672851720809, -3.600769042557204 ], [ 39.791503905580839, -3.604309081698716 ], [ 39.813110351561534, -3.601623535197916 ], [ 39.822692870779406, -3.608398438437121 ], [ 39.830078125005514, -3.619873046703674 ], [ 39.840515136864155, -3.624389648863144 ], [ 39.843872070439772, -3.630798340071294 ], [ 39.863525390384495, -3.633178710628954 ], [ 39.869689941737477, -3.62799072229393 ], [ 39.889099120927767, -3.590576170553788 ], [ 39.893676757376511, -3.574829101781575 ], [ 39.903320312682354, -3.559997559040085 ], [ 39.926330566202694, -3.490417480882002 ], [ 39.935913086319943, -3.474792480688393 ], [ 39.968322752592996, -3.400817870748085 ], [ 39.965087890293944, -3.398315429813181 ], [ 39.965515136614329, -3.387878417954596 ], [ 39.95172119118007, -3.383483887071691 ], [ 39.947326660297165, -3.376708984731806 ], [ 39.935119628867824, -3.386718750270063 ], [ 39.943481445212569, -3.373901366954499 ], [ 39.934082031560536, -3.369506836071594 ], [ 39.939514159750729, -3.364013671793487 ], [ 39.937500000324803, -3.347290039103996 ], [ 39.945495606437134, -3.344909667647016 ], [ 39.94750976586306, -3.347717285424324 ], [ 39.954101562637049, -3.343383788830749 ], [ 39.955078124755687, -3.339172364413059 ], [ 39.948913574302082, -3.334899902108759 ], [ 39.954284668202945, -3.326110839443629 ], [ 39.975524902152586, -3.317810058287535 ], [ 39.989929198573691, -3.316772460980246 ], [ 39.989318847586787, -3.312499999575266 ], [ 39.995910644360777, -3.312011718965607 ], [ 39.983276368409747, -3.331481933344492 ], [ 39.992675781162404, -3.349914550416145 ], [ 39.99047851527132, -3.36218261703408 ], [ 39.995483398040449, -3.361206054915442 ], [ 39.996520996247057, -3.363708495850346 ], [ 39.992126463565512, -3.367309570180453 ], [ 39.982482910058309, -3.364990234811444 ], [ 39.971313476835519, -3.373291015967538 ], [ 39.969116210944435, -3.384582519567573 ], [ 39.974304199279402, -3.38610839838384 ], [ 40.006286621030767, -3.35827636676089 ], [ 40.010681151913673, -3.356872558321868 ], [ 40.013488769691037, -3.359375000156092 ], [ 40.013916016011365, -3.353881835877985 ], [ 40.018920898780493, -3.352905273759347 ], [ 40.018676758026004, -3.355407714694252 ], [ 40.024475097347931, -3.352111816307229 ], [ 40.02227783235611, -3.3497924800389 ], [ 40.024719238102421, -3.34710693443742 ], [ 40.053100586423, -3.333007812160758 ], [ 40.074096679618094, -3.316101073905372 ], [ 40.099914550915855, -3.302917480357394 ], [ 40.119506835671984, -3.286682129176882 ], [ 40.124694824006951, -3.275817870997912 ], [ 40.122924804436252, -3.269592285355657 ], [ 40.131286620780998, -3.254211425916537 ], [ 40.12548828055975, -3.245117187308324 ], [ 40.127685545551515, -3.220214843839926 ], [ 40.117492675346739, -3.207275391046437 ], [ 40.11669921879394, -3.20178222676833 ], [ 40.120300293124103, -3.184020995872231 ], [ 40.133483886672082, -3.161621093338738 ], [ 40.132324218987549, -3.159301757969729 ], [ 40.129882812341975, -3.162902832299835 ], [ 40.131286620780998, -3.156127929959951 ], [ 40.124694824006951, -3.146972656163086 ], [ 40.136901855436349, -3.15667724575826 ], [ 40.159912108956689, -3.128784179845979 ], [ 40.158691406083562, -3.095581054322167 ], [ 40.153076171428211, -3.082885742283111 ], [ 40.157714843964925, -3.074401855561121 ], [ 40.172119140386087, -3.063110351961143 ], [ 40.168518066055981, -3.053283691089405 ], [ 40.172119140386087, -3.038879394668299 ], [ 40.180725096586002, -3.029907226437331 ], [ 40.194519042919524, -3.025085449234041 ], [ 40.195312500371642, -3.013977051199902 ], [ 40.204711914023676, -3.002380370757464 ], [ 40.221496581901761, -2.998107910251804 ], [ 40.232116699326241, -2.989501953152569 ], [ 40.237487793227103, -2.992919921916837 ], [ 40.241088867557266, -2.984008788874462 ], [ 40.240112305438572, -2.976806640214249 ], [ 40.236694335775042, -2.975097655832087 ], [ 40.230895995553794, -2.976989745780088 ], [ 40.225097656231924, -2.987976074336302 ], [ 40.218322753892039, -2.991271972723325 ], [ 40.210083007924538, -2.992187499653312 ], [ 40.200317383140771, -2.98870849570045 ], [ 40.192871093726069, -2.993103026583356 ], [ 40.184509277381323, -2.992492675596452 ], [ 40.177917480607277, -3.010009765738062 ], [ 40.166870116862469, -3.017395019964169 ], [ 40.164123535173076, -3.031311034876296 ], [ 40.158691406083562, -3.033386230390192 ], [ 40.154479980766553, -3.027526855879671 ], [ 40.146911620974606, -3.036376952834075 ], [ 40.15148925742335, -3.039611816032448 ], [ 40.144714355083465, -3.044311523757756 ], [ 40.141479491885093, -3.03381347671052 ], [ 40.145874023667318, -3.027587891068265 ], [ 40.142089843771316, -3.02349853522918 ], [ 40.142883301223435, -3.015991210625828 ], [ 40.15148925742335, -3.007507323903837 ], [ 40.149475097997424, -3.005676269144431 ], [ 40.14727783210634, -3.009521484229083 ], [ 40.147888183992563, -2.979797363557452 ], [ 40.152099609309573, -2.963989257797948 ], [ 40.149475097997424, -2.940307617202734 ], [ 40.152099609309573, -2.936706542872628 ], [ 40.15728759764454, -2.93750000032469 ], [ 40.159484864435001, -2.91448974590503 ], [ 40.152099609309573, -2.919616699051346 ], [ 40.147705078426668, -2.918029785046485 ], [ 40.150329589738817, -2.91418456996189 ], [ 40.147888183992563, -2.909179687192761 ], [ 40.155517578073841, -2.903381347870834 ], [ 40.156311036425222, -2.908203125074124 ], [ 40.161926269281935, -2.912292480913209 ], [ 40.169494629073938, -2.888671874607269 ], [ 40.166870116862469, -2.887390137444868 ], [ 40.148071288659082, -2.900512694904876 ], [ 40.144287109662457, -2.891784668327716 ], [ 40.147705078426668, -2.886779785558588 ], [ 40.152526855629958, -2.889770508002471 ], [ 40.154724122420362, -2.883483886272302 ], [ 40.152099609309573, -2.872314453049512 ], [ 40.155517578073841, -2.87121582055363 ], [ 40.154907226187618, -2.867126464714545 ], [ 40.157104492078702, -2.880371092551854 ], [ 40.162292480413669, -2.880371092551854 ], [ 40.168273926200811, -2.855590820360021 ], [ 40.17089843841228, -2.852600097916138 ], [ 40.169921875394266, -2.858886718747044 ], [ 40.175903320282032, -2.844726562181052 ], [ 40.174316406277171, -2.83880615158256 ], [ 40.178283691739011, -2.831970214953401 ], [ 40.183715819929205, -2.8300781250054 ], [ 40.181701661402599, -2.826293945109455 ], [ 40.178527831594181, -2.828674316566435 ], [ 40.177673339852788, -2.819213866826431 ], [ 40.18090820305116, -2.816772461080177 ], [ 40.16790771506902, -2.792480468598683 ], [ 40.163330077720957, -2.799987793202035 ], [ 40.160705566408808, -2.791870117611779 ], [ 40.155273437319352, -2.789672851720695 ], [ 40.160095215421904, -2.785400390315715 ], [ 40.158081055096659, -2.777404785102703 ], [ 40.166687011296574, -2.778076172177578 ], [ 40.165893554743832, -2.77038574200833 ], [ 40.159484864435001, -2.768493652060329 ], [ 40.163513183286852, -2.767089843621363 ], [ 40.162292480413669, -2.756896973416531 ], [ 40.165893554743832, -2.759216308785597 ], [ 40.167114257616959, -2.766601562112328 ], [ 40.172302245951926, -2.761108398733541 ], [ 40.17089843841228, -2.757019042894456 ], [ 40.173889159956843, -2.757019042894456 ], [ 40.170715331947065, -2.751403808239104 ], [ 40.172119140386087, -2.741577148266742 ], [ 40.169677734639777, -2.741577148266742 ], [ 40.169921875394266, -2.746215819904137 ], [ 40.167480468748693, -2.742370605718804 ], [ 40.164672851870648, -2.743469238214743 ], [ 40.163513183286852, -2.736022948799985 ], [ 40.156677245758317, -2.729125976982232 ], [ 40.165283202857552, -2.729675292780485 ], [ 40.162475585979564, -2.715698241780387 ], [ 40.167297363182797, -2.713989257398282 ], [ 40.173278808969883, -2.717224120596654 ], [ 40.175682405677406, -2.713666257416322 ], [ 39.889717101762869, -2.310055970706458 ], [ 39.217369079719333, -3.072925806380795 ] ] ], [ [ [ 40.164123535173076, -2.938171387399564 ], [ 40.161682129426765, -2.927001953277454 ], [ 40.169494629073938, -2.897277831706504 ], [ 40.15972900429017, -2.928100585773393 ], [ 40.163330077720957, -2.947021484353968 ], [ 40.164123535173076, -2.938171387399564 ] ] ], [ [ [ 39.964111328175306, -3.356872558321868 ], [ 39.96447753930704, -3.350708007868207 ], [ 39.962280273415956, -3.357116699076357 ], [ 39.948120116849964, -3.360595703029219 ], [ 39.954711913623953, -3.365783691364243 ], [ 39.959289550972073, -3.365417480232452 ], [ 39.964111328175306, -3.356872558321868 ] ] ], [ [ [ 40.178561713807063, -2.717729583794292 ], [ 40.174682617408905, -2.723693847892719 ], [ 40.174682617408905, -2.737609863704222 ], [ 40.18090820305116, -2.730590820609848 ], [ 40.180725096586002, -2.723510742326823 ], [ 40.177307128721054, -2.722595213598197 ], [ 40.178561713807063, -2.717729583794292 ] ] ], [ [ [ 39.974121093713563, -3.351013183811347 ], [ 39.976684570736381, -3.34948730499508 ], [ 39.97351074182734, -3.340270996009622 ], [ 39.969726562830658, -3.338012694929887 ], [ 39.967712403404732, -3.347595215047079 ], [ 39.974121093713563, -3.351013183811347 ] ] ], [ [ [ 40.161315918295031, -2.969421386887461 ], [ 40.161682129426765, -2.959472657437118 ], [ 40.160095215421904, -2.95477294881249 ], [ 40.157714843964925, -2.962829590113472 ], [ 40.161315918295031, -2.969421386887461 ] ] ], [ [ [ 40.182495117056078, -2.745117187408198 ], [ 40.180480956730833, -2.739685058318742 ], [ 40.174072266422002, -2.745727539294478 ], [ 40.175292968395809, -2.747192382922094 ], [ 40.182495117056078, -2.745117187408198 ] ] ], [ [ [ 40.17028808562668, -2.881225586091887 ], [ 40.171325683833288, -2.867492675846279 ], [ 40.170715331947065, -2.86669921839416 ], [ 40.167114257616959, -2.871826172439853 ], [ 40.17028808562668, -2.881225586091887 ] ] ], [ [ [ 39.979492187614426, -3.36462402367971 ], [ 39.984497070383554, -3.359191894590197 ], [ 39.985473633401512, -3.357116699076357 ], [ 39.978271484741299, -3.359680176099175 ], [ 39.979492187614426, -3.36462402367971 ] ] ], [ [ [ 40.165710449177936, -2.787475585829554 ], [ 40.165100097291713, -2.780578613112482 ], [ 40.160888671974703, -2.780700682590407 ], [ 40.162475585979564, -2.78552246069296 ], [ 40.165710449177936, -2.787475585829554 ] ] ], [ [ [ 40.18572998025445, -2.753723145406809 ], [ 40.187316894259311, -2.748779296926955 ], [ 40.191711426041536, -2.742675781661944 ], [ 40.189270019395906, -2.742919922416434 ], [ 40.184082031060939, -2.753784179696083 ], [ 40.18572998025445, -2.753723145406809 ] ] ], [ [ [ 40.174072266422002, -2.788208008093079 ], [ 40.170471191192576, -2.78527831993847 ], [ 40.168273926200811, -2.786315918145078 ], [ 40.173706054390948, -2.792907714919068 ], [ 40.174072266422002, -2.788208008093079 ] ] ], [ [ [ 40.182678222621917, -2.781616211319033 ], [ 40.185913085820289, -2.773010254219798 ], [ 40.184082031060939, -2.770996093894553 ], [ 40.18090820305116, -2.779785156559683 ], [ 40.182678222621917, -2.781616211319033 ] ] ], [ [ [ 40.177124023155216, -2.974792480788324 ], [ 40.176330566602417, -2.967712403404619 ], [ 40.17028808562668, -2.95928955097196 ], [ 40.176330566602417, -2.970397949006099 ], [ 40.177124023155216, -2.974792480788324 ] ] ], [ [ [ 40.173889159956843, -2.77648925817266 ], [ 40.177124023155216, -2.772399902333575 ], [ 40.176330566602417, -2.769470215078343 ], [ 40.173889159956843, -2.771118164271797 ], [ 40.173889159956843, -2.77648925817266 ] ] ], [ [ [ 40.16790771506902, -2.98022460897846 ], [ 40.172119140386087, -2.974487304845184 ], [ 40.173095703404044, -2.971313476835462 ], [ 40.166687011296574, -2.978515624596355 ], [ 40.16790771506902, -2.98022460897846 ] ] ], [ [ [ 40.184875489412377, -2.814208984057302 ], [ 40.185302733934066, -2.810119629117537 ], [ 40.184326171815428, -2.809204101288174 ], [ 40.182128905924344, -2.811828612600323 ], [ 40.184875489412377, -2.814208984057302 ] ] ], [ [ [ 40.175903320282032, -2.76586914074818 ], [ 40.179870605743929, -2.761718749720501 ], [ 40.181091308617056, -2.758728027276618 ], [ 40.175720214716193, -2.763610839668445 ], [ 40.175903320282032, -2.76586914074818 ] ] ], [ [ [ 40.168884277187715, -2.739074707331838 ], [ 40.17028808562668, -2.737915038747985 ], [ 40.169311524407362, -2.735229492247242 ], [ 40.166687011296574, -2.737976073936636 ], [ 40.168884277187715, -2.739074707331838 ] ] ], [ [ [ 40.172302245951926, -2.733581543053731 ], [ 40.171691894965022, -2.730529785421197 ], [ 40.170471191192576, -2.730224608578794 ], [ 40.169677734639777, -2.732421875369198 ], [ 40.172302245951926, -2.733581543053731 ] ] ], [ [ [ 40.186279296952023, -2.746398924570656 ], [ 40.187683105391045, -2.741821289021232 ], [ 40.187072754404142, -2.740783691713943 ], [ 40.185485840399281, -2.744812010565795 ], [ 40.186279296952023, -2.746398924570656 ] ] ], [ [ [ 39.987121581695703, -3.349609375372324 ], [ 39.987915039147765, -3.348510741977123 ], [ 39.987304687261542, -3.346801757595017 ], [ 39.986083984388415, -3.348083495656738 ], [ 39.987121581695703, -3.349609375372324 ] ] ], [ [ [ 40.180480956730833, -2.808471679924025 ], [ 40.180480956730833, -2.807006836296409 ], [ 40.17907714829181, -2.807373047428143 ], [ 40.179870605743929, -2.808776855867166 ], [ 40.180480956730833, -2.808471679924025 ] ] ], [ [ [ 39.968505859058212, -3.393005371100969 ], [ 39.967529296939574, -3.391784668227785 ], [ 39.966491699632286, -3.392028808982275 ], [ 39.968078613637147, -3.393310547044052 ], [ 39.968505859058212, -3.393005371100969 ] ] ] ] } },
{ "type": "Feature", "properties": { "shapeName": "Taita Taveta", "shapeISO": "KE-39", "shapeID": "32016919B21030921481039", "shapeGroup": "KEN", "shapeType": "ADM1" }, "geometry": { "type": "Polygon", "coordinates": [ [ [ 39.075111389379174, -3.041135072425618 ], [ 39.060249329043359, -3.040556430634695 ], [ 39.052268981728162, -3.032393931934337 ], [ 39.04425048786976, -3.030773639591757 ], [ 39.043270110826995, -3.020984887842246 ], [ 39.034339904962678, -3.024237633160169 ], [ 39.024486541420799, -3.020497561413265 ], [ 39.014934539797252, -3.024590968698192 ], [ 38.991390228376417, -3.026278256935939 ], [ 38.980613708056239, -3.039295673756271 ], [ 38.972938537583502, -3.040562629661565 ], [ 38.953495025874815, -3.039515018403335 ], [ 38.93669509919954, -3.034593105287513 ], [ 38.931491852067381, -3.040416479037219 ], [ 38.914760590428955, -3.044759512041821 ], [ 38.893558502123199, -3.038520813384764 ], [ 38.863460539572316, -3.057532548887991 ], [ 38.847351074592495, -3.060947179368782 ], [ 38.841819762871808, -3.053321123570925 ], [ 38.834911346281672, -3.060060739211679 ], [ 38.806716919350379, -3.068650722552775 ], [ 38.800659179577508, -3.066771030658515 ], [ 38.797821045105195, -3.06143498423711 ], [ 38.801517486243029, -3.057562352420575 ], [ 38.807804107973254, -3.059269666761679 ], [ 38.8093376157384, -3.053094864036723 ], [ 38.780239104850864, -3.048799992425643 ], [ 38.774520874438849, -3.044023275753545 ], [ 38.755290984991007, -3.046099425448062 ], [ 38.735790253017797, -3.043220281890456 ], [ 38.707431793342664, -3.031995058325208 ], [ 38.696903228701103, -3.036920547145485 ], [ 38.681972503328439, -3.035492896779715 ], [ 38.665416717407652, -3.039531946342208 ], [ 38.661514282058533, -3.028848171306038 ], [ 38.654140472604752, -3.025112390224592 ], [ 38.642852783029582, -3.01215028800533 ], [ 38.62972640974607, -3.01223969500586 ], [ 38.609588623216439, -3.006641864930089 ], [ 38.606979369802104, -3.004220725406128 ], [ 38.608619690046737, -2.994619608208325 ], [ 38.594219207650383, -2.998551845291388 ], [ 38.584053039216428, -2.987171887972181 ], [ 38.562969208162485, -2.98642253866916 ], [ 38.544303894209406, -2.979403018934136 ], [ 38.538970946851748, -2.973739862104878 ], [ 38.519084930025542, -2.974830627331528 ], [ 38.513183594047689, -2.983165979326429 ], [ 38.492595672552284, -2.983455419831728 ], [ 38.487834931436964, -2.977560758622076 ], [ 38.476696014009917, -2.985179184571678 ], [ 38.469184875381757, -2.984877823552665 ], [ 38.458831787357155, -2.991049289792841 ], [ 38.448711395314717, -2.972144843409751 ], [ 38.42933654774356, -2.95571446435099 ], [ 38.408557891733381, -2.928301334239109 ], [ 38.396255492596936, -2.927510500109463 ], [ 38.381584167675271, -2.918196916854185 ], [ 38.351226805572651, -2.886917829694028 ], [ 38.319904327023153, -2.833145618075775 ], [ 38.294509888020968, -2.804150819704546 ], [ 38.270610809341406, -2.770015955172141 ], [ 38.236530304330131, -2.742172003035478 ], [ 38.167152404559886, -2.694409847336544 ], [ 38.161544799752733, -2.679865360098233 ], [ 38.156345368444079, -2.688557147594224 ], [ 38.156974792252925, -2.694117069447145 ], [ 38.151039123756618, -2.69921946480639 ], [ 38.127651214332104, -2.698961734396505 ], [ 38.116855621190041, -2.705841303433374 ], [ 38.115474699597769, -2.712040901366436 ], [ 38.108856201052902, -2.716505766427929 ], [ 37.973709106590036, -2.78858566309782 ], [ 37.944118500168713, -2.780791997952292 ], [ 37.939403533646214, -2.776978492963053 ], [ 37.918308257819888, -2.868475675312141 ], [ 37.895122527682531, -2.885884523052255 ], [ 37.870773315835891, -3.077435017012363 ], [ 37.854148864878255, -3.078538656034084 ], [ 37.852863311892406, -3.178156613936551 ], [ 37.847766876340302, -3.182409763299916 ], [ 37.833049774127801, -3.185519218736886 ], [ 37.822177886999953, -3.173634290290238 ], [ 37.804279327828795, -3.165795326293221 ], [ 37.793533325102942, -3.172295331963937 ], [ 37.791267395074271, -3.169919729611763 ], [ 37.690586089576414, -3.17889022870105 ], [ 37.711196899717208, -3.307967662877275 ], [ 37.684452056717078, -3.319980622407741 ], [ 37.684452056717078, -3.346273183760388 ], [ 37.679538726730925, -3.352660894684504 ], [ 37.661350250413761, -3.355000018735836 ], [ 37.584762573034368, -3.438400506678022 ], [ 37.58475875811024, -3.459759711941103 ], [ 37.597434997327298, -3.455825329075651 ], [ 37.609107970856201, -3.460103035326767 ], [ 37.618694304998257, -3.457411288899834 ], [ 37.622470855945323, -3.462735414807526 ], [ 37.622924804935849, -3.471951722893664 ], [ 37.612712860110435, -3.497688293679744 ], [ 37.606174468676841, -3.501773357054731 ], [ 37.601818084337197, -3.509535073784605 ], [ 37.60454177828052, -3.518249988246339 ], [ 37.619792938393459, -3.518386125819006 ], [ 37.669361114423964, -3.506130695575109 ], [ 37.684322357390954, -3.510612249355802 ], [ 37.696472167656452, -3.525886536434484 ], [ 37.720390320057277, -3.528786182736098 ], [ 37.727626800336623, -3.537188291406494 ], [ 37.744060516779484, -3.542577982387911 ], [ 37.76075363187465, -3.617186069381546 ], [ 37.783763885395047, -3.673391341936849 ], [ 38.446514129423576, -4.137211799385 ], [ 38.945270538704449, -3.958907365882169 ], [ 39.036830902024576, -3.759742736637918 ], [ 38.92750930780835, -3.695456981754262 ], [ 38.965076224208623, -3.631794634872115 ], [ 39.061267852629328, -3.689269542655211 ], [ 39.217369079719333, -3.072925806380795 ], [ 39.21610259955537, -3.065580130418653 ], [ 39.204132079931583, -3.066341638555741 ], [ 39.195110321284346, -3.060901881416669 ], [ 39.181861877623589, -3.063198328140288 ], [ 39.174430847006022, -3.056753635272003 ], [ 39.168624877835896, -3.065141439325942 ], [ 39.163101195963463, -3.065659284248511 ], [ 39.161949158127186, -3.058952570304825 ], [ 39.150993347165297, -3.044960737148244 ], [ 39.14239120499019, -3.049066305065878 ], [ 39.140045166051607, -3.041701793702771 ], [ 39.132137298697444, -3.041433811021534 ], [ 39.132694244343952, -3.034373760640506 ], [ 39.127285003899885, -3.019181728254125 ], [ 39.110855102381095, -3.024426460212908 ], [ 39.102313995394638, -3.035963535388817 ], [ 39.087135315242676, -3.043139219699185 ], [ 39.085826873611381, -3.05219721832691 ], [ 39.079174041648741, -3.050369739272014 ], [ 39.078838348111333, -3.043054104263433 ], [ 39.075111389379174, -3.041135072425618 ] ] ] } },
{ "type": "Feature", "properties": { "shapeName": "Kwale", "shapeISO": "KE-19", "shapeID": "32016919B50438423394723", "shapeGroup": "KEN", "shapeType": "ADM1" }, "geometry": { "type": "MultiPolygon", "coordinates": [ [ [ [ 39.092285156135119, -3.567077636423733 ], [ 39.061267852629328, -3.689269542655211 ], [ 38.965076224208623, -3.631794634872115 ], [ 38.92750930780835, -3.695456981754262 ], [ 39.036830902024576, -3.759742736637918 ], [ 38.945270538704449, -3.958907365882169 ], [ 38.446472167956244, -4.137207031179514 ], [ 39.191284179921013, -4.65808105479681 ], [ 39.193908691233162, -4.667175293405023 ], [ 39.202270507577907, -4.665771484066681 ], [ 39.206481933794237, -4.674987793052139 ], [ 39.218688965223635, -4.676696777434302 ], [ 39.225097656431728, -4.665100097891184 ], [ 39.218872069890153, -4.670288086226151 ], [ 39.213073730568283, -4.665527343312192 ], [ 39.210693359111303, -4.659606933613077 ], [ 39.21429443344141, -4.658691406683033 ], [ 39.215698241880432, -4.663024902377288 ], [ 39.22070312464956, -4.650817870947947 ], [ 39.213684081555186, -4.652526855330052 ], [ 39.210876464677142, -4.646789551196775 ], [ 39.217712402205677, -4.633605956749477 ], [ 39.221496582101622, -4.634704590144679 ], [ 39.232299805091998, -4.630981445437328 ], [ 39.22247314422026, -4.631591797323551 ], [ 39.226074219449742, -4.622009277206303 ], [ 39.230285644766752, -4.623107910601561 ], [ 39.232482909758517, -4.619873047403189 ], [ 39.226074219449742, -4.616088868406507 ], [ 39.233886719096859, -4.611389159781879 ], [ 39.23791503884803, -4.616516112928196 ], [ 39.23767089809354, -4.611816406102207 ], [ 39.241516113178136, -4.611328124593228 ], [ 39.241516113178136, -4.606201171446855 ], [ 39.244079590200954, -4.608703613281079 ], [ 39.245117188407562, -4.601989746129846 ], [ 39.248718261838349, -4.603576660134706 ], [ 39.24829101641734, -4.61297607378674 ], [ 39.25488281229201, -4.606872559421049 ], [ 39.253479003852988, -4.602905273059832 ], [ 39.257873534735893, -4.597473144869696 ], [ 39.262878418404341, -4.599792480238705 ], [ 39.262695312838446, -4.602722168393313 ], [ 39.268920897581438, -4.599914550615949 ], [ 39.262695312838446, -4.594482422425813 ], [ 39.251525878716393, -4.591674804648449 ], [ 39.251281737961904, -4.584289550422341 ], [ 39.245300293074138, -4.582214355807821 ], [ 39.242126465064359, -4.576782226718365 ], [ 39.243896484635115, -4.566772461180108 ], [ 39.262084960952222, -4.582092285430576 ], [ 39.271118164371842, -4.578369140723225 ], [ 39.27429199238162, -4.584289550422341 ], [ 39.277099609259608, -4.578979492609449 ], [ 39.279296875150692, -4.583984375378577 ], [ 39.283691406033597, -4.575683593323106 ], [ 39.294677734589811, -4.566589355614212 ], [ 39.306274414132986, -4.567810057588019 ], [ 39.318908690983335, -4.56390380821415 ], [ 39.313110351661464, -4.551879883249967 ], [ 39.323120117199721, -4.560729980204371 ], [ 39.32788085921436, -4.557800292949139 ], [ 39.333129882737978, -4.559204101388104 ], [ 39.335876464427372, -4.566711425991457 ], [ 39.33209228543069, -4.567993164053235 ], [ 39.329711913973711, -4.56518554717519 ], [ 39.318725586316816, -4.576599121152469 ], [ 39.316101074105347, -4.590820312907056 ], [ 39.320312500321677, -4.594909667846821 ], [ 39.31268310534108, -4.599426269106971 ], [ 39.30847168002407, -4.606872559421049 ], [ 39.318481445562327, -4.602600098016069 ], [ 39.317871093676104, -4.60662841776724 ], [ 39.325317383090805, -4.609375000355953 ], [ 39.325500488656701, -4.612487793177081 ], [ 39.319885254001349, -4.611389159781879 ], [ 39.321899414326538, -4.613281249729823 ], [ 39.319519042869558, -4.617980956555868 ], [ 39.317687988110208, -4.613525389584993 ], [ 39.313720704447007, -4.613281249729823 ], [ 39.308715819879239, -4.622497558715338 ], [ 39.309875487563772, -4.631469726946307 ], [ 39.313903808214206, -4.633789062315316 ], [ 39.317077637123305, -4.630310058362454 ], [ 39.317504883443689, -4.634582519767434 ], [ 39.319702148435454, -4.631469726946307 ], [ 39.328918457420912, -4.64080810540969 ], [ 39.347900390290818, -4.634704590144679 ], [ 39.379516601809769, -4.64508056681467 ], [ 39.399475097697632, -4.644226074173957 ], [ 39.40289306556258, -4.642700195357691 ], [ 39.403686523014699, -4.637084960702339 ], [ 39.389282226593537, -4.594482422425813 ], [ 39.394470214928504, -4.582275390996472 ], [ 39.391906737905686, -4.58062744180296 ], [ 39.38751220702278, -4.588684082204566 ], [ 39.386291504149654, -4.581787108588117 ], [ 39.388916014562483, -4.576477050775225 ], [ 39.385498046697535, -4.562316894209232 ], [ 39.37927246105528, -4.55541992059284 ], [ 39.374328612575482, -4.554992676071095 ], [ 39.375488281159278, -4.539672851820626 ], [ 39.377929687804908, -4.539489746254731 ], [ 39.377075195164196, -4.543273926150732 ], [ 39.390075683146335, -4.545776367085637 ], [ 39.392517089791909, -4.543273926150732 ], [ 39.390930175787048, -4.552307128671032 ], [ 39.405273437918879, -4.545410155953903 ], [ 39.409729003990378, -4.547729492222231 ], [ 39.415283202557816, -4.531799316085539 ], [ 39.42468261710917, -4.53521728484975 ], [ 39.426696777434358, -4.53308105504658 ], [ 39.422485351218029, -4.51458740278639 ], [ 39.427673339553053, -4.511169434022122 ], [ 39.438293456977533, -4.517028809431963 ], [ 39.443298339746661, -4.509704588595866 ], [ 39.443115234180766, -4.503295898287035 ], [ 39.451477051424831, -4.514770506553589 ], [ 39.457092285180863, -4.517578125230273 ], [ 39.459899902058908, -4.523986816438367 ], [ 39.45831298805399, -4.528320312132678 ], [ 39.462280274415207, -4.530273437269273 ], [ 39.476318359704578, -4.486206053566491 ], [ 39.496704101912826, -4.465881347446157 ], [ 39.495727538894869, -4.451110839893317 ], [ 39.498718261338752, -4.443298340246145 ], [ 39.48889160136639, -4.4389038075646 ], [ 39.495117187907965, -4.437194824081814 ], [ 39.50128173836157, -4.440979003977816 ], [ 39.507873535135616, -4.435607910076953 ], [ 39.511291503899827, -4.42169189426545 ], [ 39.508728027776328, -4.415405273434601 ], [ 39.505676269244475, -4.420471191392323 ], [ 39.507873535135616, -4.399169922254089 ], [ 39.516906738555178, -4.401794433566181 ], [ 39.519104004446319, -4.39837646480197 ], [ 39.521484375003979, -4.404785156010121 ], [ 39.526306152207212, -4.401794433566181 ], [ 39.531311034976341, -4.405700683839427 ], [ 39.53552246119267, -4.419677733940205 ], [ 39.532287597994298, -4.435119628567975 ], [ 39.537475586329322, -4.435913086020037 ], [ 39.542297364431874, -4.423706054590696 ], [ 39.547912597288587, -4.388488769640958 ], [ 39.569274903414112, -4.329711913573931 ], [ 39.596679687817414, -4.269775390721634 ], [ 39.596130371119784, -4.256896972217419 ], [ 39.582885742383155, -4.255981445287432 ], [ 39.59790039069054, -4.25488281279155 ], [ 39.613098144563764, -4.201416015436735 ], [ 39.628906250323269, -4.179077148091892 ], [ 39.640686035432225, -4.155212401930783 ], [ 39.625305175993105, -4.144897461348705 ], [ 39.637695312089022, -4.120605468867268 ], [ 39.631286620880928, -4.120178223446203 ], [ 39.608093261794636, -4.089111327725561 ], [ 39.603088379025507, -4.090270996309357 ], [ 39.60449218656521, -4.09570312539887 ], [ 39.595275877579752, -4.101684570286636 ], [ 39.597717285124645, -4.109619140311054 ], [ 39.595092773812496, -4.114990234211916 ], [ 39.576721191030174, -4.119506836371329 ], [ 39.586730956568431, -4.102416993449424 ], [ 39.578918456921315, -4.08538818391753 ], [ 39.576721191030174, -4.037292479564258 ], [ 39.562927245595972, -4.019592284756072 ], [ 39.570129394256185, -4.003173828009722 ], [ 39.567504882944036, -3.992980956905569 ], [ 39.563720703048034, -3.986877441640559 ], [ 39.553894043075672, -3.983215332121858 ], [ 39.54272460895362, -3.991394042900708 ], [ 39.540710450427014, -3.986083984188497 ], [ 39.545471192441653, -3.977416991900611 ], [ 39.5443115238578, -3.96911621074446 ], [ 39.525329590088575, -3.945983886846875 ], [ 39.527893066212073, -3.929809569955637 ], [ 39.52069091755186, -3.927795411429031 ], [ 39.517517090441402, -3.920715332246743 ], [ 39.520324707319446, -3.916198730087274 ], [ 39.507080077683497, -3.903808593991357 ], [ 39.500122070677094, -3.901306152157133 ], [ 39.494323729556527, -3.884277344423879 ], [ 39.483520506566151, -3.880187988584737 ], [ 39.466125488600483, -3.857788086051301 ], [ 39.453674316416596, -3.854125977431863 ], [ 39.445129395405331, -3.847473144569904 ], [ 39.420288086226265, -3.819396973091784 ], [ 39.407470702910643, -3.822326660347073 ], [ 39.401672363588773, -3.819396973091784 ], [ 39.396728516008238, -3.823486328031549 ], [ 39.377319335918685, -3.80657958977622 ], [ 39.378906249923546, -3.794616699101311 ], [ 39.375488281159278, -3.789611816332183 ], [ 39.388488769141418, -3.781311035176088 ], [ 39.387878418154514, -3.774719238402099 ], [ 39.380493163928406, -3.770507812185713 ], [ 39.383911132692674, -3.766479492434598 ], [ 39.39172363323911, -3.765197752574181 ], [ 39.390930175787048, -3.73541259761322 ], [ 39.37268066428129, -3.739501952553042 ], [ 39.356506347390052, -3.72668457013674 ], [ 39.35571289083731, -3.715087890593622 ], [ 39.352111817406524, -3.712707519136643 ], [ 39.35327148419168, -3.706481932595068 ], [ 39.346679687417691, -3.701110839593525 ], [ 39.349914550616063, -3.692016601884632 ], [ 39.353698731411384, -3.692382812117046 ], [ 39.352111817406524, -3.671691894865035 ], [ 39.354492187064807, -3.652709961095809 ], [ 39.348327636611202, -3.637023925713549 ], [ 39.342529297289275, -3.635681151563858 ], [ 39.347106933738075, -3.600219726758951 ], [ 39.338684082204679, -3.590698241830353 ], [ 39.326721192429147, -3.587280273066085 ], [ 39.318481445562327, -3.570800781131084 ], [ 39.318908690983335, -3.56378173803671 ], [ 39.299926758113429, -3.568298340196179 ], [ 39.092285156135119, -3.567077636423733 ] ] ], [ [ [ 39.453491210850757, -4.558776855067777 ], [ 39.460083007624746, -4.552612304614115 ], [ 39.461120605831354, -4.536621094188092 ], [ 39.452880858964534, -4.532104492028623 ], [ 39.448486328081628, -4.538024902627114 ], [ 39.44531250007185, -4.558593750401201 ], [ 39.434082031660466, -4.555908203001138 ], [ 39.43231201208971, -4.551574707306827 ], [ 39.429504394312403, -4.556213378944221 ], [ 39.431091308317264, -4.559570313419158 ], [ 39.425903319982297, -4.555297851114915 ], [ 39.433471679774243, -4.562927246095512 ], [ 39.436279296652287, -4.587890624752504 ], [ 39.440917969189002, -4.58911132942427 ], [ 39.445678711203584, -4.579223631565299 ], [ 39.453308105284862, -4.574401855261385 ], [ 39.453491210850757, -4.558776855067777 ] ] ], [ [ [ 39.364685058168959, -4.655029297164276 ], [ 39.360717773606439, -4.652893065562466 ], [ 39.364318847936545, -4.659729003990321 ], [ 39.360290527286054, -4.660400391065139 ], [ 39.360290527286054, -4.663574219074917 ], [ 39.384277343824408, -4.663513183886266 ], [ 39.392089842572204, -4.667480468448787 ], [ 39.396484375253749, -4.666381835952905 ], [ 39.399475097697632, -4.670898437213054 ], [ 39.403503418348123, -4.66839599627815 ], [ 39.39868164024557, -4.654907226787032 ], [ 39.392883300923643, -4.658691406683033 ], [ 39.364685058168959, -4.655029297164276 ] ] ], [ [ [ 39.309692382897197, -4.574401855261385 ], [ 39.307678222571951, -4.571594238383341 ], [ 39.298706054340983, -4.575195312713447 ], [ 39.302490234236984, -4.590087890643588 ], [ 39.31030273478342, -4.580017089916737 ], [ 39.309692382897197, -4.574401855261385 ] ] ], [ [ [ 39.229919433635018, -4.647827149403383 ], [ 39.227294922322869, -4.640380859089305 ], [ 39.22308349610654, -4.642517089791795 ], [ 39.225708007418632, -4.648071289258553 ], [ 39.229919433635018, -4.647827149403383 ] ] ], [ [ [ 39.24609374962688, -4.620971679899071 ], [ 39.246887207078998, -4.617126464814476 ], [ 39.242126465064359, -4.612304687611186 ], [ 39.242309570630255, -4.61877441400793 ], [ 39.24609374962688, -4.620971679899071 ] ] ], [ [ [ 39.251281737961904, -4.616088868406507 ], [ 39.258300781056278, -4.612121582045347 ], [ 39.257324218937583, -4.609497070733198 ], [ 39.249328613724572, -4.614196777559187 ], [ 39.251281737961904, -4.616088868406507 ] ] ], [ [ [ 39.290283202807643, -4.595275878978612 ], [ 39.288330078570311, -4.591918945402938 ], [ 39.288513183236887, -4.588378906261482 ], [ 39.28668212757816, -4.595520019733101 ], [ 39.292114257566993, -4.5999755858046 ], [ 39.290283202807643, -4.595275878978612 ] ] ], [ [ [ 39.409912109556274, -4.576293945209329 ], [ 39.409729003990378, -4.573608398708586 ], [ 39.40051269500492, -4.576721192429034 ], [ 39.406921387112391, -4.577575683271107 ], [ 39.409912109556274, -4.576293945209329 ] ] ], [ [ [ 39.238281249979764, -4.628479003603104 ], [ 39.240295410305009, -4.624694824606422 ], [ 39.239074707431882, -4.622375488338093 ], [ 39.236694335974903, -4.62750244058509 ], [ 39.238281249979764, -4.628479003603104 ] ] ], [ [ [ 39.533325195301586, -4.444213867176188 ], [ 39.535705566758566, -4.440917968789165 ], [ 39.535888672324404, -4.43920898440706 ], [ 39.531921386862564, -4.440979003977816 ], [ 39.533325195301586, -4.444213867176188 ] ] ], [ [ [ 39.232910156078901, -4.637878418154401 ], [ 39.231323242074041, -4.634704590144679 ], [ 39.2291259761829, -4.638488769141361 ], [ 39.229919433635018, -4.639099121027584 ], [ 39.232910156078901, -4.637878418154401 ] ] ], [ [ [ 39.218322754091901, -4.644592285305691 ], [ 39.221130370969888, -4.643310547243914 ], [ 39.217285155885293, -4.641479491585244 ], [ 39.216308593766655, -4.644226074173957 ], [ 39.218322754091901, -4.644592285305691 ] ] ], [ [ [ 39.231079101319494, -4.65142822283417 ], [ 39.234130858952028, -4.648376465201636 ], [ 39.232482909758517, -4.646301269687797 ], [ 39.230102539200857, -4.650390624627562 ], [ 39.231079101319494, -4.65142822283417 ] ] ], [ [ [ 39.265319824150595, -4.611389159781879 ], [ 39.265075683396105, -4.610412597663185 ], [ 39.258728027376605, -4.608581542903835 ], [ 39.260070800626977, -4.61029052728594 ], [ 39.265319824150595, -4.611389159781879 ] ] ], [ [ [ 39.406494140792006, -4.702209472788866 ], [ 39.407470702910643, -4.699584960577397 ], [ 39.403686523014699, -4.700683593972656 ], [ 39.405273437918879, -4.702209472788866 ], [ 39.406494140792006, -4.702209472788866 ] ] ], [ [ [ 39.415283202557816, -4.570312500321563 ], [ 39.416076660009878, -4.569580078058095 ], [ 39.415527343312306, -4.567504883443576 ], [ 39.413696288552899, -4.568481445562213 ], [ 39.415283202557816, -4.570312500321563 ] ] ], [ [ [ 39.401489258022877, -4.57421874969549 ], [ 39.400085449583855, -4.572692870879223 ], [ 39.397521972561037, -4.572692870879223 ], [ 39.399108886565898, -4.573791504274482 ], [ 39.401489258022877, -4.57421874969549 ] ] ], [ [ [ 39.399108886565898, -4.684875488213152 ], [ 39.397277831806548, -4.682983398265151 ], [ 39.395874023367526, -4.683593750151374 ], [ 39.397888183692771, -4.684997558590396 ], [ 39.399108886565898, -4.684875488213152 ] ] ], [ [ [ 39.401672363588773, -4.684814453024558 ], [ 39.402099609009781, -4.683288574208291 ], [ 39.399902344018017, -4.683593750151374 ], [ 39.40051269500492, -4.684692382647313 ], [ 39.401672363588773, -4.684814453024558 ] ] ], [ [ [ 39.40289306556258, -4.572326659747489 ], [ 39.40289306556258, -4.570983885597798 ], [ 39.401489258022877, -4.570983885597798 ], [ 39.401672363588773, -4.572326659747489 ], [ 39.40289306556258, -4.572326659747489 ] ] ], [ [ [ 39.220520019083665, -4.639892577580326 ], [ 39.220886230215399, -4.63897705065034 ], [ 39.220520019083665, -4.637817382965807 ], [ 39.219726563430186, -4.63897705065034 ], [ 39.220520019083665, -4.639892577580326 ] ] ] ] } },
{ "type": "Feature", "properties": { "shapeName": "Mombasa", "shapeISO": "KE-28", "shapeID": "32016919B10079274489584", "shapeGroup": "KEN", "shapeType": "ADM1" }, "geometry": { "type": "MultiPolygon", "coordinates": [ [ [ [ 39.647946444801988, -3.951005415754913 ], [ 39.656127930059995, -3.955627441253341 ], [ 39.655273437419226, -3.952209471589811 ], [ 39.659301758069716, -3.950988769616004 ], [ 39.658508300617655, -3.944580078407853 ], [ 39.662109374947761, -3.94769287122898 ], [ 39.660278320188354, -3.971618652578684 ], [ 39.664306640838845, -3.973205566583601 ], [ 39.664306640838845, -3.979309081848612 ], [ 39.667480468848623, -3.970886230315216 ], [ 39.667907715168951, -3.984497070183579 ], [ 39.672302246051856, -3.986999512017803 ], [ 39.666687011396505, -3.994628906099081 ], [ 39.67108154317873, -4.005126953146316 ], [ 39.66632080116409, -4.010681152613074 ], [ 39.660522460942843, -4.011779785108956 ], [ 39.662902832399823, -4.016479491934945 ], [ 39.660522460942843, -4.019409180089554 ], [ 39.665893554843706, -4.022521972910681 ], [ 39.672485351617752, -4.020690918151331 ], [ 39.671508788599795, -4.015319824250469 ], [ 39.674499511942997, -4.013488768591742 ], [ 39.673889160056717, -4.021606445081318 ], [ 39.668884277287646, -4.023193359086179 ], [ 39.670715332046996, -4.030090331803308 ], [ 39.676086425947858, -4.03179931618547 ], [ 39.673095704403295, -4.041198730736767 ], [ 39.680114745699029, -4.041992187289566 ], [ 39.680114745699029, -4.05297851584578 ], [ 39.684875488612988, -4.060119629317398 ], [ 39.697875976595071, -4.059204100588715 ], [ 39.72229003855449, -4.024291991582118 ], [ 39.730285644666822, -4.018005370751212 ], [ 39.726074217551172, -4.014099121377285 ], [ 39.725280761897693, -4.007812499647116 ], [ 39.733276367110705, -3.990783691014485 ], [ 39.763671874857209, -3.957092284881014 ], [ 39.745483399439365, -3.953979492059887 ], [ 39.736328124743238, -3.948120118448685 ], [ 39.724487304445574, -3.952392578054969 ], [ 39.714721679661864, -3.951110839993248 ], [ 39.709716796892735, -3.946777343399617 ], [ 39.708923339440616, -3.95880126926312 ], [ 39.703491211250423, -3.955688476441992 ], [ 39.707519531001594, -3.950195312163885 ], [ 39.698730468336521, -3.953979492059887 ], [ 39.700927734227605, -3.949707031554226 ], [ 39.697692871029233, -3.952087402111886 ], [ 39.691284179821082, -3.947570800851736 ], [ 39.686523437806443, -3.949890137120065 ], [ 39.686889648038857, -3.943603515389896 ], [ 39.698486327582032, -3.948791503724863 ], [ 39.700927734227605, -3.944885254350936 ], [ 39.707092285580586, -3.945129394206106 ], [ 39.696472168156106, -3.940002441059733 ], [ 39.695312499572253, -3.931213379293979 ], [ 39.690307616803125, -3.933593749851639 ], [ 39.695312499572253, -3.928405762415935 ], [ 39.695678710703987, -3.923278808370242 ], [ 39.670471191292506, -3.918701171921498 ], [ 39.641906738305408, -3.923095702804403 ], [ 39.642883300424046, -3.931701659903638 ], [ 39.649291993430779, -3.933288573908499 ], [ 39.649475098097355, -3.941711425441895 ], [ 39.652709961295727, -3.942810058837097 ], [ 39.646728516407961, -3.94738769528584 ], [ 39.647946444801988, -3.951005415754913 ] ] ], [ [ [ 39.567377245082277, -3.992775089410083 ], [ 39.570129394256185, -4.003173828009722 ], [ 39.566101075404333, -4.013305663925223 ], [ 39.567504882944036, -4.019287109712309 ], [ 39.574096679718025, -4.023986817437617 ], [ 39.587707519586388, -4.023986817437617 ], [ 39.584106445256282, -4.043090820684768 ], [ 39.637878417654917, -4.041015625170928 ], [ 39.638916015861469, -4.038024902727045 ], [ 39.634521484079301, -4.035583496081415 ], [ 39.637084961102119, -4.030395507746448 ], [ 39.648071288759013, -4.031677245808226 ], [ 39.649475098097355, -4.02728271492532 ], [ 39.639709472414268, -4.026184082429438 ], [ 39.640319824300491, -4.015686035382203 ], [ 39.635681152663096, -4.012023925863446 ], [ 39.634277343324811, -3.988281250079581 ], [ 39.627685546550765, -3.987609863004707 ], [ 39.622924805435503, -3.995910644160858 ], [ 39.62390136755414, -3.989929199273092 ], [ 39.611511230558904, -3.987182617583699 ], [ 39.614929199323115, -3.985229492447047 ], [ 39.611511230558904, -3.980712890287634 ], [ 39.596679687817414, -3.985229492447047 ], [ 39.600708007568528, -3.978881836427547 ], [ 39.607727050662902, -3.975402831575366 ], [ 39.607116698776679, -3.964172363163982 ], [ 39.602294921573446, -3.965026855804695 ], [ 39.605895995903552, -3.953002929941192 ], [ 39.598083496256379, -3.947326660097247 ], [ 39.58331298870354, -3.967224120796516 ], [ 39.56789232332919, -3.974927820080002 ], [ 39.573913574152186, -3.985412598012942 ], [ 39.569519043269281, -3.987182617583699 ], [ 39.567377245082277, -3.992775089410083 ] ] ], [ [ [ 39.625305175993105, -4.144897461348705 ], [ 39.640930176186714, -4.155029297264207 ], [ 39.673706053591559, -4.089721679611785 ], [ 39.673522948924983, -4.080505372424966 ], [ 39.65991210905662, -4.079223632564549 ], [ 39.652526855729889, -4.07232665984742 ], [ 39.645874023767249, -4.079589843696283 ], [ 39.648681640645236, -4.074218749795421 ], [ 39.641723632739513, -4.067321777078291 ], [ 39.637512207422503, -4.049072265572534 ], [ 39.636108398084161, -4.057983398614908 ], [ 39.628479004002884, -4.061828613699504 ], [ 39.616882323560446, -4.059020995922197 ], [ 39.622070312794733, -4.065307616753046 ], [ 39.621887207228895, -4.070678710653908 ], [ 39.61749267544667, -4.063110351761281 ], [ 39.611328124993008, -4.065917968639269 ], [ 39.608520508115021, -4.065917968639269 ], [ 39.610107422119881, -4.062622070252303 ], [ 39.607727050662902, -4.061889647988835 ], [ 39.603515625345892, -4.065795898262024 ], [ 39.601074218700262, -4.061584472945015 ], [ 39.592285156035189, -4.063110351761281 ], [ 39.593078612587931, -4.065612792696186 ], [ 39.59790039069054, -4.065002441709282 ], [ 39.597473144370156, -4.070373534710825 ], [ 39.593688963574834, -4.067871093775921 ], [ 39.586486816713261, -4.075317383190622 ], [ 39.58911132802541, -4.083190918026389 ], [ 39.583923339690443, -4.08959960923454 ], [ 39.593078612587931, -4.105285644616743 ], [ 39.585876464827038, -4.113403320206999 ], [ 39.586303711147423, -4.11688232415986 ], [ 39.595092773812496, -4.114990234211916 ], [ 39.597717285124645, -4.109619140311054 ], [ 39.595275877579752, -4.101684570286636 ], [ 39.60449218656521, -4.09570312539887 ], [ 39.603088379025507, -4.090270996309357 ], [ 39.608093261794636, -4.089111327725561 ], [ 39.631286620880928, -4.120178223446203 ], [ 39.637695312089022, -4.120605468867268 ], [ 39.625305175993105, -4.144897461348705 ] ] ], [ [ [ 39.664123535273006, -4.028686523364343 ], [ 39.657287597744471, -4.029296875250566 ], [ 39.648681640645236, -4.036682128577297 ], [ 39.640075684445321, -4.038879393569118 ], [ 39.64691162107448, -4.058410644935293 ], [ 39.661071777640473, -4.070312500421494 ], [ 39.661682128627376, -4.06597900382792 ], [ 39.661926269381865, -4.072875977444369 ], [ 39.669494629173869, -4.077209472239304 ], [ 39.68170166060321, -4.068298340096248 ], [ 39.67932128914623, -4.058227539369398 ], [ 39.674316406377102, -4.05242919914815 ], [ 39.675903320381963, -4.043884277237566 ], [ 39.670471191292506, -4.043884277237566 ], [ 39.668273925401365, -4.038269042582215 ], [ 39.673889160056717, -4.034118651554479 ], [ 39.664123535273006, -4.028686523364343 ] ] ], [ [ [ 39.623107910102021, -3.959594726715238 ], [ 39.619873046903649, -3.958007812710321 ], [ 39.614501953002787, -3.966369629055066 ], [ 39.616699218893871, -3.973876952759099 ], [ 39.621887207228895, -3.97369384809258 ], [ 39.630493164328129, -3.979187010572048 ], [ 39.637329101856608, -3.968811034801377 ], [ 39.652099609409504, -3.978027343786835 ], [ 39.64990234441774, -3.982971191367312 ], [ 39.651916503843609, -3.985595702679461 ], [ 39.660095214622515, -3.984497070183579 ], [ 39.6514892584226, -3.966491699432311 ], [ 39.655517578173772, -3.964294434440546 ], [ 39.652893065962303, -3.95880126926312 ], [ 39.640686035432225, -3.955688476441992 ], [ 39.627685546550765, -3.961914062084247 ], [ 39.623107910102021, -3.959594726715238 ] ] ], [ [ [ 39.57849121060093, -4.119201660428246 ], [ 39.584289550822177, -4.117797851989224 ], [ 39.581298828378294, -4.115783691663978 ], [ 39.57849121060093, -4.119201660428246 ] ] ], [ [ [ 39.666076660409601, -3.992675780962486 ], [ 39.667480468848623, -3.990417480782071 ], [ 39.666687011396505, -3.988403319557506 ], [ 39.664123535273006, -3.990478515970665 ], [ 39.666076660409601, -3.992675780962486 ] ] ], [ [ [ 39.614318847436891, -3.960998535154204 ], [ 39.614501953002787, -3.959411621149343 ], [ 39.611511230558904, -3.960021973035566 ], [ 39.611877441690638, -3.960998535154204 ], [ 39.614318847436891, -3.960998535154204 ] ] ], [ [ [ 39.647277832206271, -4.036071777590394 ], [ 39.64752197296076, -4.034790038629353 ], [ 39.645690918201353, -4.03417968764245 ], [ 39.645874023767249, -4.035888672024555 ], [ 39.647277832206271, -4.036071777590394 ] ] ] ] } }
]
}
